server-1  | /judge0.conf: line 199: charfeddine: command not found
server-1  | /judge0.conf: line 223: charfeddine: command not found
workers-1  | /judge0.conf: line 199: charfeddine: command not found
workers-1  | /judge0.conf: line 223: charfeddine: command not found
workers-1  | declare -x ALLOWED_LANGUAGES_FOR_COMPILER_OPTIONS=""
server-1   | declare -x ALLOWED_LANGUAGES_FOR_COMPILER_OPTIONS=""
server-1   | declare -x ALLOW_ENABLE_NETWORK=""
server-1   | declare -x ALLOW_ENABLE_PER_PROCESS_AND_THREAD_MEMORY_LIMIT=""
server-1   | declare -x ALLOW_ENABLE_PER_PROCESS_AND_THREAD_TIME_LIMIT=""
server-1   | declare -x ALLOW_IP=""
server-1   | declare -x ALLOW_ORIGIN=""
server-1   | declare -x AUTHN_HEADER="X-Auth-Token"
server-1   | declare -x AUTHN_TOKEN=""
server-1   | declare -x AUTHZ_HEADER="X-Auth-User"
server-1   | declare -x AUTHZ_TOKEN=""
server-1   | declare -x BASH_VERSIONS="5.0"
server-1   | declare -x BOX_ROOT="/var/local/lib/isolate"
db-1       | The files belonging to this database system will be owned by user "postgres".
db-1       | This user must also own the server process.
db-1       | 
db-1       | The database cluster will be initialized with locale "en_US.utf8".
db-1       | The default database encoding has accordingly been set to "UTF8".
db-1       | The default text search configuration will be set to "english".
db-1       | 
db-1       | Data page checksums are disabled.
db-1       | 
server-1   | declare -x CALLBACKS_MAX_TRIES=""
server-1   | declare -x CALLBACKS_TIMEOUT=""
server-1   | declare -x CLOJURE_VERSION="1.10.1"
db-1       | fixing permissions on existing directory /var/lib/postgresql/data ... ok
db-1       | creating subdirectories ... ok
db-1       | selecting dynamic shared memory implementation ... posix
db-1       | selecting default max_connections ... 100
db-1       | selecting default shared_buffers ... 128MB
db-1       | selecting default time zone ... Etc/UTC
server-1   | declare -x COBOL_VERSIONS="2.2"
server-1   | declare -x COUNT="32"
server-1   | declare -x CPU_EXTRA_TIME=""
redis-1    | 1:C 14 Mar 2026 09:54:21.360 # WARNING Memory overcommit must be enabled! Without it, a background save or replication may fail under low memory condition. Being disabled, it can also cause failures without low memory condition, see https://github.com/jemalloc/jemalloc/issues/1328. To fix this issue add 'vm.overcommit_memory = 1' to /etc/sysctl.conf and then reboot or run the command 'sysctl vm.overcommit_memory=1' for this to take effect.
redis-1    | 1:C 14 Mar 2026 09:54:21.360 * oO0OoO0OoO0Oo Redis is starting oO0OoO0OoO0Oo
redis-1    | 1:C 14 Mar 2026 09:54:21.360 * Redis version=7.2.4, bits=64, commit=00000000, modified=0, pid=1, just started
redis-1    | 1:C 14 Mar 2026 09:54:21.360 * Configuration loaded
redis-1    | 1:M 14 Mar 2026 09:54:21.360 * Increased maximum number of open files to 10032 (it was originally set to 1024).
redis-1    | 1:M 14 Mar 2026 09:54:21.360 * monotonic clock: POSIX clock_gettime
redis-1    | 1:M 14 Mar 2026 09:54:21.361 * Running mode=standalone, port=6379.
redis-1    | 1:M 14 Mar 2026 09:54:21.361 * Server initialized
redis-1    | 1:M 14 Mar 2026 09:54:21.361 * Ready to accept connections tcp
db-1       | creating configuration files ... ok
db-1       | running bootstrap script ... ok
db-1       | performing post-bootstrap initialization ... ok
db-1       | syncing data to disk ... ok
db-1       | 
db-1       | initdb: warning: enabling "trust" authentication for local connections
db-1       | initdb: hint: You can change this by editing pg_hba.conf or using the option -A, or --auth-local and --auth-host, the next time you run initdb.
db-1       | 
db-1       | Success. You can now start the database server using:
db-1       | 
db-1       |     pg_ctl -D /var/lib/postgresql/data -l logfile start
db-1       | 
db-1       | waiting for server to start....2026-03-14 09:54:25.682 UTC [48] LOG:  starting PostgreSQL 16.2 (Debian 16.2-1.pgdg120+2) on x86_64-pc-linux-gnu, compiled by gcc (Debian 12.2.0-14) 12.2.0, 64-bit
db-1       | 2026-03-14 09:54:25.687 UTC [48] LOG:  listening on Unix socket "/var/run/postgresql/.s.PGSQL.5432"
db-1       | 2026-03-14 09:54:25.714 UTC [51] LOG:  database system was shut down at 2026-03-14 09:54:22 UTC
db-1       | 2026-03-14 09:54:25.723 UTC [48] LOG:  database system is ready to accept connections
db-1       |  done
db-1       | server started
db-1       | CREATE DATABASE
db-1       | 
db-1       | 
db-1       | /usr/local/bin/docker-entrypoint.sh: ignoring /docker-entrypoint-initdb.d/*
db-1       | 
db-1       | 2026-03-14 09:54:26.015 UTC [48] LOG:  received fast shutdown request
db-1       | waiting for server to shut down....2026-03-14 09:54:26.020 UTC [48] LOG:  aborting any active transactions
db-1       | 2026-03-14 09:54:26.022 UTC [48] LOG:  background worker "logical replication launcher" (PID 54) exited with exit code 1
db-1       | 2026-03-14 09:54:26.022 UTC [49] LOG:  shutting down
db-1       | 2026-03-14 09:54:26.027 UTC [49] LOG:  checkpoint starting: shutdown immediate
db-1       | .2026-03-14 09:54:27.348 UTC [49] LOG:  checkpoint complete: wrote 923 buffers (5.6%); 0 WAL file(s) added, 0 removed, 0 recycled; write=0.061 s, sync=1.226 s, total=1.326 s; sync files=301, longest=0.009 s, average=0.005 s; distance=4257 kB, estimate=4257 kB; lsn=0/1913068, redo lsn=0/1913068
db-1       | 2026-03-14 09:54:27.350 UTC [48] LOG:  database system is shut down
db-1       |  done
db-1       | server stopped
db-1       | 
db-1       | PostgreSQL init process complete; ready for start up.
db-1       | 
server-1   | declare -x CPU_TIME_LIMIT=""
server-1   | declare -x DISABLE_DATABASE_ENVIRONMENT_CHECK="1"
server-1   | declare -x DISALLOW_IP=""
server-1   | declare -x DISALLOW_ORIGIN=""
db-1       | 2026-03-14 09:54:27.443 UTC [1] LOG:  starting PostgreSQL 16.2 (Debian 16.2-1.pgdg120+2) on x86_64-pc-linux-gnu, compiled by gcc (Debian 12.2.0-14) 12.2.0, 64-bit
db-1       | 2026-03-14 09:54:27.443 UTC [1] LOG:  listening on IPv4 address "0.0.0.0", port 5432
db-1       | 2026-03-14 09:54:27.443 UTC [1] LOG:  listening on IPv6 address "::", port 5432
db-1       | 2026-03-14 09:54:27.456 UTC [1] LOG:  listening on Unix socket "/var/run/postgresql/.s.PGSQL.5432"
db-1       | 2026-03-14 09:54:27.466 UTC [64] LOG:  database system was shut down at 2026-03-14 09:54:27 UTC
db-1       | 2026-03-14 09:54:27.476 UTC [1] LOG:  database system is ready to accept connections
workers-1  | declare -x ALLOW_ENABLE_NETWORK=""
workers-1  | declare -x ALLOW_ENABLE_PER_PROCESS_AND_THREAD_MEMORY_LIMIT=""
server-1   | declare -x D_VERSIONS="2.089.1"
server-1   | declare -x ELIXIR_VERSIONS="1.9.4"
server-1   | declare -x ENABLE_ADDITIONAL_FILES=""
server-1   | declare -x ENABLE_BATCHED_SUBMISSIONS=""
workers-1  | declare -x ALLOW_ENABLE_PER_PROCESS_AND_THREAD_TIME_LIMIT=""
workers-1  | declare -x ALLOW_IP=""
workers-1  | declare -x ALLOW_ORIGIN=""
workers-1  | declare -x AUTHN_HEADER="X-Auth-Token"
workers-1  | declare -x AUTHN_TOKEN=""
workers-1  | declare -x AUTHZ_HEADER="X-Auth-User"
workers-1  | declare -x AUTHZ_TOKEN=""
workers-1  | declare -x BASH_VERSIONS="5.0"
workers-1  | declare -x BOX_ROOT="/var/local/lib/isolate"
workers-1  | declare -x CALLBACKS_MAX_TRIES=""
workers-1  | declare -x CALLBACKS_TIMEOUT=""
workers-1  | declare -x CLOJURE_VERSION="1.10.1"
workers-1  | declare -x COBOL_VERSIONS="2.2"
server-1   | declare -x ENABLE_CALLBACKS=""
server-1   | declare -x ENABLE_COMMAND_LINE_ARGUMENTS=""
server-1   | declare -x ENABLE_COMPILER_OPTIONS=""
server-1   | declare -x ENABLE_NETWORK=""
workers-1  | declare -x COUNT="32"
workers-1  | declare -x CPU_EXTRA_TIME=""
workers-1  | declare -x CPU_TIME_LIMIT=""
workers-1  | declare -x DISABLE_DATABASE_ENVIRONMENT_CHECK="1"
workers-1  | declare -x DISALLOW_IP=""
workers-1  | declare -x DISALLOW_ORIGIN=""
workers-1  | declare -x D_VERSIONS="2.089.1"
server-1   | declare -x ENABLE_PER_PROCESS_AND_THREAD_MEMORY_LIMIT=""
server-1   | declare -x ENABLE_PER_PROCESS_AND_THREAD_TIME_LIMIT=""
server-1   | declare -x ENABLE_SUBMISSION_DELETE=""
server-1   | declare -x ENABLE_WAIT_RESULT=""
server-1   | declare -x ERLANG_VERSIONS="22.2"
server-1   | declare -x FBC_VERSIONS="1.07.1"
server-1   | declare -x FPC_VERSIONS="3.0.4"
server-1   | declare -x GCC_VERSIONS="7.4.0       8.3.0       9.2.0"
server-1   | declare -x GEM_HOME="/opt/.gem/"
server-1   | declare -x GO_VERSIONS="1.13.5"
server-1   | declare -x GPROLOG_VERSIONS="1.4.5"
server-1   | declare -x HASKELL_VERSIONS="8.8.1"
workers-1  | declare -x ELIXIR_VERSIONS="1.9.4"
workers-1  | declare -x ENABLE_ADDITIONAL_FILES=""
workers-1  | declare -x ENABLE_BATCHED_SUBMISSIONS=""
workers-1  | declare -x ENABLE_CALLBACKS=""
server-1   | declare -x HOME="/home/judge0"
server-1   | declare -x HOSTNAME="3d136e1c1bd6"
server-1   | declare -x INTERVAL="0.1"
server-1   | declare -x JUDGE0_HOMEPAGE="https://judge0.com"
server-1   | declare -x JUDGE0_MAINTAINER="Herman Zvonimir Došilović <hermanz.dosilovic@gmail.com>"
server-1   | declare -x JUDGE0_SOURCE_CODE="https://github.com/judge0/judge0"
server-1   | declare -x JUDGE0_TELEMETRY_ENABLE=""
server-1   | declare -x JUDGE0_VERSION="1.13.1"
server-1   | declare -x KOTLIN_VERSIONS="1.3.70"
server-1   | declare -x LANG="en_US.UTF-8"
server-1   | declare -x LANGUAGE="en_US:en"
server-1   | declare -x LC_ALL="en_US.UTF-8"
workers-1  | declare -x ENABLE_COMMAND_LINE_ARGUMENTS=""
workers-1  | declare -x ENABLE_COMPILER_OPTIONS=""
workers-1  | declare -x ENABLE_NETWORK=""
workers-1  | declare -x ENABLE_PER_PROCESS_AND_THREAD_MEMORY_LIMIT=""
workers-1  | declare -x ENABLE_PER_PROCESS_AND_THREAD_TIME_LIMIT=""
workers-1  | declare -x ENABLE_SUBMISSION_DELETE=""
workers-1  | declare -x ENABLE_WAIT_RESULT=""
workers-1  | declare -x ERLANG_VERSIONS="22.2"
workers-1  | declare -x FBC_VERSIONS="1.07.1"
workers-1  | declare -x FPC_VERSIONS="3.0.4"
workers-1  | declare -x GCC_VERSIONS="7.4.0       8.3.0       9.2.0"
workers-1  | declare -x GEM_HOME="/opt/.gem/"
workers-1  | declare -x GO_VERSIONS="1.13.5"
workers-1  | declare -x GPROLOG_VERSIONS="1.4.5"
workers-1  | declare -x HASKELL_VERSIONS="8.8.1"
workers-1  | declare -x HOME="/home/judge0"
workers-1  | declare -x HOSTNAME="9b3a3a6a2c70"
workers-1  | declare -x INTERVAL="0.1"
workers-1  | declare -x JUDGE0_HOMEPAGE="https://judge0.com"
workers-1  | declare -x JUDGE0_MAINTAINER="Herman Zvonimir Došilović <hermanz.dosilovic@gmail.com>"
server-1   | declare -x LUA_VERSIONS="5.3.5"
server-1   | declare -x MAINTENANCE_MESSAGE="Judge0 is currently in maintenance."
server-1   | declare -x MAINTENANCE_MODE=""
server-1   | declare -x MAX_CPU_EXTRA_TIME=""
server-1   | declare -x MAX_CPU_TIME_LIMIT=""
server-1   | declare -x MAX_EXTRACT_SIZE=""
server-1   | declare -x MAX_FILE_SIZE=""
server-1   | declare -x MAX_MAX_FILE_SIZE=""
server-1   | declare -x MAX_MAX_PROCESSES_AND_OR_THREADS=""
server-1   | declare -x MAX_MEMORY_LIMIT=""
server-1   | declare -x MAX_NUMBER_OF_RUNS=""
server-1   | declare -x MAX_PROCESSES_AND_OR_THREADS=""
server-1   | declare -x MAX_QUEUE_SIZE=""
server-1   | declare -x MAX_STACK_LIMIT=""
server-1   | declare -x MAX_SUBMISSION_BATCH_SIZE=""
server-1   | declare -x MAX_WALL_TIME_LIMIT=""
server-1   | declare -x MEMORY_LIMIT=""
server-1   | declare -x MONO_VERSION="6.6.0.161"
server-1   | declare -x MONO_VERSIONS="6.6.0.161"
server-1   | declare -x NASM_VERSIONS="2.14.02"
server-1   | declare -x NODE_VERSIONS="12.14.0"
server-1   | declare -x NUMBER_OF_RUNS=""
server-1   | declare -x OCAML_VERSIONS="4.09.0"
server-1   | declare -x OCTAVE_VERSIONS="5.1.0"
server-1   | declare -x OLDPWD
workers-1  | declare -x JUDGE0_SOURCE_CODE="https://github.com/judge0/judge0"
workers-1  | declare -x JUDGE0_TELEMETRY_ENABLE=""
workers-1  | declare -x JUDGE0_VERSION="1.13.1"
workers-1  | declare -x KOTLIN_VERSIONS="1.3.70"
workers-1  | declare -x LANG="en_US.UTF-8"
workers-1  | declare -x LANGUAGE="en_US:en"
workers-1  | declare -x LC_ALL="en_US.UTF-8"
workers-1  | declare -x LUA_VERSIONS="5.3.5"
workers-1  | declare -x MAINTENANCE_MESSAGE="Judge0 is currently in maintenance."
workers-1  | declare -x MAINTENANCE_MODE=""
workers-1  | declare -x MAX_CPU_EXTRA_TIME=""
workers-1  | declare -x MAX_CPU_TIME_LIMIT=""
workers-1  | declare -x MAX_EXTRACT_SIZE=""
workers-1  | declare -x MAX_FILE_SIZE=""
workers-1  | declare -x MAX_MAX_FILE_SIZE=""
workers-1  | declare -x MAX_MAX_PROCESSES_AND_OR_THREADS=""
workers-1  | declare -x MAX_MEMORY_LIMIT=""
workers-1  | declare -x MAX_NUMBER_OF_RUNS=""
workers-1  | declare -x MAX_PROCESSES_AND_OR_THREADS=""
workers-1  | declare -x MAX_QUEUE_SIZE=""
workers-1  | declare -x MAX_STACK_LIMIT=""
server-1   | declare -x PATH="/usr/local/ruby-2.7.0/bin:/opt/.gem/bin:/usr/local/sbin:/usr/local/bin:/usr/sbin:/usr/bin:/sbin:/bin"
server-1   | declare -x PHP_VERSIONS="7.4.1"
server-1   | declare -x PORT="2358"
server-1   | declare -x POSTGRES_DB="judge0"
server-1   | declare -x POSTGRES_HOST="db"
server-1   | declare -x POSTGRES_PORT="5432"
server-1   | declare -x POSTGRES_USER="judge0"
server-1   | declare -x PWD="/api"
workers-1  | declare -x MAX_SUBMISSION_BATCH_SIZE=""
workers-1  | declare -x MAX_WALL_TIME_LIMIT=""
workers-1  | declare -x MEMORY_LIMIT=""
workers-1  | declare -x MONO_VERSION="6.6.0.161"
workers-1  | declare -x MONO_VERSIONS="6.6.0.161"
workers-1  | declare -x NASM_VERSIONS="2.14.02"
workers-1  | declare -x NODE_VERSIONS="12.14.0"
workers-1  | declare -x NUMBER_OF_RUNS=""
workers-1  | declare -x OCAML_VERSIONS="4.09.0"
workers-1  | declare -x OCTAVE_VERSIONS="5.1.0"
workers-1  | declare -x OLDPWD
workers-1  | declare -x PATH="/usr/local/ruby-2.7.0/bin:/opt/.gem/bin:/usr/local/sbin:/usr/local/bin:/usr/sbin:/usr/bin:/sbin:/bin"
workers-1  | declare -x PHP_VERSIONS="7.4.1"
workers-1  | declare -x PORT="2358"
workers-1  | declare -x POSTGRES_DB="judge0"
workers-1  | declare -x POSTGRES_HOST="db"
workers-1  | declare -x POSTGRES_PORT="5432"
workers-1  | declare -x POSTGRES_USER="judge0"
server-1   | declare -x PYTHON_VERSIONS="3.8.1       2.7.17"
server-1   | declare -x QUEUE="1.13.1"
server-1   | declare -x RAILS_ENV="production"
server-1   | declare -x RAILS_LOG_TO_STDOUT="true"
server-1   | declare -x RAILS_MAX_THREADS="16"
server-1   | declare -x RAILS_SERVER_PROCESSES="2"
server-1   | declare -x REDIRECT_STDERR_TO_STDOUT=""
server-1   | declare -x REDIS_HOST="redis"
server-1   | declare -x REDIS_PORT="6379"
server-1   | declare -x RESTART_MAX_TRIES="10"
server-1   | declare -x RUBYOPT="-W:no-deprecated"
workers-1  | declare -x PWD="/api"
workers-1  | declare -x PYTHON_VERSIONS="3.8.1       2.7.17"
server-1   | declare -x RUBY_VERSIONS="2.7.0"
server-1   | declare -x RUST_VERSIONS="1.40.0"
server-1   | declare -x R_VERSIONS="4.0.0"
server-1   | declare -x SBCL_VERSIONS="2.0.0"
server-1   | declare -x SCALA_VERSIONS="2.13.2"
server-1   | declare -x SECRET_KEY_BASE="wuK7lNalctYPMTXOg8OurEGh45nkdvpLlVMlmLwbqTRH1KfOEWHaZ7BsEOJHpjx0yO6EygL4fE3zAh2CBac6xRrT88QXIHqj0CymVhTXoW7mHTfwzz7AqU0QKOzT7Hcw"
server-1   | declare -x SHLVL="1"
server-1   | declare -x STACK_LIMIT=""
workers-1  | declare -x QUEUE="1.13.1"
workers-1  | declare -x RAILS_ENV="production"
workers-1  | declare -x RAILS_LOG_TO_STDOUT="true"
workers-1  | declare -x RAILS_MAX_THREADS="16"
workers-1  | declare -x RAILS_SERVER_PROCESSES="2"
workers-1  | declare -x REDIRECT_STDERR_TO_STDOUT=""
workers-1  | declare -x REDIS_HOST="redis"
workers-1  | declare -x REDIS_PORT="6379"
workers-1  | declare -x RESTART_MAX_TRIES="10"
workers-1  | declare -x RUBYOPT="-W:no-deprecated"
workers-1  | declare -x RUBY_VERSIONS="2.7.0"
workers-1  | declare -x RUST_VERSIONS="1.40.0"
workers-1  | declare -x R_VERSIONS="4.0.0"
workers-1  | declare -x SBCL_VERSIONS="2.0.0"
workers-1  | declare -x SCALA_VERSIONS="2.13.2"
workers-1  | declare -x SECRET_KEY_BASE="FnIA7sDfiNtufCKQUePKRF6Okx3gKTvt34WCF4LUNtgLtMB3RKH5yZJ70p2aGS6f8siF9BSefSE82wKDeTpREn0WCv66pm3WQsIJX77nS3mb3BQk4ETpjnkLmCeJKlVa"
workers-1  | declare -x SHLVL="1"
workers-1  | declare -x STACK_LIMIT=""
workers-1  | declare -x SUBMISSION_CACHE_DURATION=""
workers-1  | declare -x SWIFT_VERSIONS="5.2.3"
workers-1  | declare -x TYPESCRIPT_VERSIONS="3.7.4"
workers-1  | declare -x USE_DOCS_AS_HOMEPAGE=""
workers-1  | declare -x WALL_TIME_LIMIT=""
workers-1  | [2026-03-14-09-54-26] Starting scheduler.
workers-1  | [2026-03-14-09-54-26] Starting workers.
workers-1  | resque-scheduler: [INFO] 2026-03-14T09:54:27+00:00: Starting
workers-1  | rake aborted!
workers-1  | Redis::CommandError: NOAUTH Authentication required.
workers-1  | /opt/.gem/gems/redis-4.1.4/lib/redis/client.rb:126:in `call'
workers-1  | /opt/.gem/gems/redis-4.1.4/lib/redis.rb:287:in `block in info'
workers-1  | /opt/.gem/gems/redis-4.1.4/lib/redis.rb:51:in `block in synchronize'
workers-1  | /opt/.gem/gems/redis-4.1.4/lib/redis.rb:51:in `synchronize'
workers-1  | /opt/.gem/gems/redis-4.1.4/lib/redis.rb:286:in `info'
workers-1  | /opt/.gem/gems/resque-scheduler-4.4.0/lib/resque/scheduler/locking.rb:100:in `redis_master_version'
workers-1  | /opt/.gem/gems/resque-scheduler-4.4.0/lib/resque/scheduler/locking.rb:62:in `supports_lua?'
workers-1  | /opt/.gem/gems/resque-scheduler-4.4.0/lib/resque/scheduler/locking.rb:86:in `build_master_lock'
workers-1  | /opt/.gem/gems/resque-scheduler-4.4.0/lib/resque/scheduler/locking.rb:58:in `master_lock'
workers-1  | /opt/.gem/gems/resque-scheduler-4.4.0/lib/resque/scheduler/locking.rb:66:in `master?'
workers-1  | /opt/.gem/gems/resque-scheduler-4.4.0/lib/resque/scheduler.rb:59:in `block in run'
workers-1  | /opt/.gem/gems/resque-scheduler-4.4.0/lib/resque/scheduler.rb:56:in `loop'
workers-1  | /opt/.gem/gems/resque-scheduler-4.4.0/lib/resque/scheduler.rb:56:in `run'
workers-1  | /opt/.gem/gems/resque-scheduler-4.4.0/lib/resque/scheduler/cli.rb:117:in `run_forever'
workers-1  | /opt/.gem/gems/resque-scheduler-4.4.0/lib/resque/scheduler/tasks.rb:18:in `block (2 levels) in <top (required)>'
workers-1  | Tasks: TOP => resque:scheduler
workers-1  | (See full trace by running task with --trace)
workers-1  | rake aborted!
workers-1  | Redis::CommandError: NOAUTH Authentication required.
workers-1  | Original Exception (Redis::CommandError): NOAUTH Authentication required.
workers-1  |   /opt/.gem/gems/redis-4.1.4/lib/redis/client.rb:126:in `call'  
workers-1  | /opt/.gem/gems/redis-4.1.4/lib/redis.rb:2216:in `block in hdel'  
workers-1  | /opt/.gem/gems/redis-4.1.4/lib/redis.rb:51:in `block in synchronize'  
workers-1  | /usr/local/ruby-2.7.0/lib/ruby/2.7.0/monitor.rb:202:in `synchronize'  
workers-1  | /usr/local/ruby-2.7.0/lib/ruby/2.7.0/monitor.rb:202:in `mon_synchronize'  
workers-1  | /opt/.gem/gems/redis-4.1.4/lib/redis.rb:51:in `synchronize'  
workers-1  | /opt/.gem/gems/redis-4.1.4/lib/redis.rb:2215:in `hdel'  
workers-1  | /opt/.gem/gems/redis-namespace-1.7.0/lib/redis/namespace.rb:469:in `call_with_namespace'  
workers-1  | /opt/.gem/gems/redis-namespace-1.7.0/lib/redis/namespace.rb:349:in `block (2 levels) in <class:Namespace>'  
workers-1  | /opt/.gem/gems/resque-2.0.0/lib/resque/data_store.rb:261:in `remove_heartbeat'  
workers-1  | /usr/local/ruby-2.7.0/lib/ruby/2.7.0/forwardable.rb:235:in `remove_heartbeat'  
workers-1  | /opt/.gem/gems/resque-2.0.0/lib/resque/worker.rb:475:in `remove_heartbeat'  
workers-1  | /opt/.gem/gems/resque-2.0.0/lib/resque/worker.rb:507:in `start_heartbeat'  
workers-1  | /opt/.gem/gems/resque-2.0.0/lib/resque/worker.rb:360:in `startup'  
workers-1  | /opt/.gem/gems/resque-2.0.0/lib/resque/worker.rb:233:in `work'  
workers-1  | /opt/.gem/gems/resque-2.0.0/lib/resque/tasks.rb:20:in `block (2 levels) in <top (required)>'  
workers-1  | /usr/local/ruby-2.7.0/lib/ruby/gems/2.7.0/gems/rake-13.0.1/lib/rake/task.rb:281:in `block in execute'  
workers-1  | /usr/local/ruby-2.7.0/lib/ruby/gems/2.7.0/gems/rake-13.0.1/lib/rake/task.rb:281:in `each'  
workers-1  | /usr/local/ruby-2.7.0/lib/ruby/gems/2.7.0/gems/rake-13.0.1/lib/rake/task.rb:281:in `execute'  
workers-1  | /usr/local/ruby-2.7.0/lib/ruby/gems/2.7.0/gems/rake-13.0.1/lib/rake/task.rb:219:in `block in invoke_with_call_chain'  
workers-1  | /usr/local/ruby-2.7.0/lib/ruby/gems/2.7.0/gems/rake-13.0.1/lib/rake/task.rb:199:in `synchronize'  
workers-1  | /usr/local/ruby-2.7.0/lib/ruby/gems/2.7.0/gems/rake-13.0.1/lib/rake/task.rb:199:in `invoke_with_call_chain'  
workers-1  | /usr/local/ruby-2.7.0/lib/ruby/gems/2.7.0/gems/rake-13.0.1/lib/rake/task.rb:188:in `invoke'  
workers-1  | /usr/local/ruby-2.7.0/lib/ruby/gems/2.7.0/gems/rake-13.0.1/lib/rake/application.rb:160:in `invoke_task'  
workers-1  | /usr/local/ruby-2.7.0/lib/ruby/gems/2.7.0/gems/rake-13.0.1/lib/rake/application.rb:116:in `block (2 levels) in top_level'  
workers-1  | /usr/local/ruby-2.7.0/lib/ruby/gems/2.7.0/gems/rake-13.0.1/lib/rake/application.rb:116:in `each'  
server-1   | declare -x SUBMISSION_CACHE_DURATION=""
workers-1  | /usr/local/ruby-2.7.0/lib/ruby/gems/2.7.0/gems/rake-13.0.1/lib/rake/application.rb:116:in `block in top_level'  
workers-1  | /usr/local/ruby-2.7.0/lib/ruby/gems/2.7.0/gems/rake-13.0.1/lib/rake/application.rb:125:in `run_with_threads'  
workers-1  | /usr/local/ruby-2.7.0/lib/ruby/gems/2.7.0/gems/rake-13.0.1/lib/rake/application.rb:110:in `top_level'  
workers-1  | /usr/local/ruby-2.7.0/lib/ruby/gems/2.7.0/gems/rake-13.0.1/lib/rake/application.rb:83:in `block in run'  
workers-1  | /usr/local/ruby-2.7.0/lib/ruby/gems/2.7.0/gems/rake-13.0.1/lib/rake/application.rb:186:in `standard_exception_handling'  
workers-1  | /usr/local/ruby-2.7.0/lib/ruby/gems/2.7.0/gems/rake-13.0.1/lib/rake/application.rb:80:in `run'  
workers-1  | /usr/local/ruby-2.7.0/lib/ruby/gems/2.7.0/gems/rake-13.0.1/exe/rake:27:in `<top (required)>'  
workers-1  | /usr/local/ruby-2.7.0/bin/rake:23:in `load'  
workers-1  | /usr/local/ruby-2.7.0/bin/rake:23:in `<main>'
workers-1  | /opt/.gem/gems/redis-4.1.4/lib/redis/client.rb:126:in `call'
workers-1  | /opt/.gem/gems/redis-4.1.4/lib/redis.rb:915:in `block in get'
workers-1  | /opt/.gem/gems/redis-4.1.4/lib/redis.rb:51:in `block in synchronize'
workers-1  | /opt/.gem/gems/redis-4.1.4/lib/redis.rb:51:in `synchronize'
workers-1  | /opt/.gem/gems/redis-4.1.4/lib/redis.rb:914:in `get'
server-1   | declare -x SWIFT_VERSIONS="5.2.3"
server-1   | declare -x TYPESCRIPT_VERSIONS="3.7.4"
workers-1  | /opt/.gem/gems/redis-namespace-1.7.0/lib/redis/namespace.rb:469:in `call_with_namespace'
workers-1  | /opt/.gem/gems/redis-namespace-1.7.0/lib/redis/namespace.rb:349:in `block (2 levels) in <class:Namespace>'
workers-1  | /opt/.gem/gems/resque-2.0.0/lib/resque/data_store.rb:231:in `get_worker_payload'
workers-1  | /opt/.gem/gems/resque-2.0.0/lib/resque/worker.rb:752:in `job'
workers-1  | /opt/.gem/gems/resque-2.0.0/lib/resque/worker.rb:670:in `unregister_worker'
workers-1  | /opt/.gem/gems/resque-2.0.0/lib/resque/worker.rb:250:in `rescue in work'
workers-1  | /opt/.gem/gems/resque-2.0.0/lib/resque/worker.rb:231:in `work'
workers-1  | /opt/.gem/gems/resque-2.0.0/lib/resque/tasks.rb:20:in `block (2 levels) in <top (required)>'
workers-1  | 
workers-1  | Caused by:
server-1   | declare -x USE_DOCS_AS_HOMEPAGE=""
server-1   | declare -x WALL_TIME_LIMIT=""
server-1   | fe_sendauth: no password supplied
server-1   | Couldn't create 'judge0' database. Please check your configuration.
server-1   | rails aborted!
server-1   | PG::ConnectionBad: fe_sendauth: no password supplied
server-1   | /opt/.gem/gems/pg-1.2.3/lib/pg.rb:58:in `initialize'
server-1   | /opt/.gem/gems/pg-1.2.3/lib/pg.rb:58:in `new'
server-1   | /opt/.gem/gems/pg-1.2.3/lib/pg.rb:58:in `connect'
server-1   | /opt/.gem/gems/activerecord-5.2.4.3/lib/active_record/connection_adapters/postgresql_adapter.rb:692:in `connect'
workers-1  | Redis::CommandError: NOAUTH Authentication required.
workers-1  | /opt/.gem/gems/redis-4.1.4/lib/redis/client.rb:126:in `call'
workers-1  | /opt/.gem/gems/redis-4.1.4/lib/redis.rb:915:in `block in get'
workers-1  | /opt/.gem/gems/redis-4.1.4/lib/redis.rb:51:in `block in synchronize'
workers-1  | /opt/.gem/gems/redis-4.1.4/lib/redis.rb:51:in `synchronize'
workers-1  | /opt/.gem/gems/redis-4.1.4/lib/redis.rb:914:in `get'
workers-1  | /opt/.gem/gems/redis-namespace-1.7.0/lib/redis/namespace.rb:469:in `call_with_namespace'
workers-1  | /opt/.gem/gems/redis-namespace-1.7.0/lib/redis/namespace.rb:349:in `block (2 levels) in <class:Namespace>'
workers-1  | /opt/.gem/gems/resque-2.0.0/lib/resque/data_store.rb:231:in `get_worker_payload'
workers-1  | /opt/.gem/gems/resque-2.0.0/lib/resque/worker.rb:752:in `job'
workers-1  | /opt/.gem/gems/resque-2.0.0/lib/resque/worker.rb:670:in `unregister_worker'
workers-1  | /opt/.gem/gems/resque-2.0.0/lib/resque/worker.rb:250:in `rescue in work'
workers-1  | /opt/.gem/gems/resque-2.0.0/lib/resque/worker.rb:231:in `work'
workers-1  | /opt/.gem/gems/resque-2.0.0/lib/resque/tasks.rb:20:in `block (2 levels) in <top (required)>'
workers-1  | 
workers-1  | Caused by:
workers-1  | Redis::CommandError: NOAUTH Authentication required.
workers-1  | /opt/.gem/gems/redis-4.1.4/lib/redis/client.rb:126:in `call'
workers-1  | /opt/.gem/gems/redis-4.1.4/lib/redis.rb:2216:in `block in hdel'
workers-1  | /opt/.gem/gems/redis-4.1.4/lib/redis.rb:51:in `block in synchronize'
server-1   | /opt/.gem/gems/activerecord-5.2.4.3/lib/active_record/connection_adapters/postgresql_adapter.rb:223:in `initialize'
server-1   | /opt/.gem/gems/activerecord-5.2.4.3/lib/active_record/connection_adapters/postgresql_adapter.rb:48:in `new'
server-1   | /opt/.gem/gems/activerecord-5.2.4.3/lib/active_record/connection_adapters/postgresql_adapter.rb:48:in `postgresql_connection'
server-1   | /opt/.gem/gems/activerecord-5.2.4.3/lib/active_record/connection_adapters/abstract/connection_pool.rb:830:in `new_connection'
server-1   | /opt/.gem/gems/activerecord-5.2.4.3/lib/active_record/connection_adapters/abstract/connection_pool.rb:874:in `checkout_new_connection'
workers-1  | /opt/.gem/gems/redis-4.1.4/lib/redis.rb:51:in `synchronize'
server-1   | /opt/.gem/gems/activerecord-5.2.4.3/lib/active_record/connection_adapters/abstract/connection_pool.rb:853:in `try_to_checkout_new_connection'
workers-1  | /opt/.gem/gems/redis-4.1.4/lib/redis.rb:2215:in `hdel'
workers-1  | /opt/.gem/gems/redis-namespace-1.7.0/lib/redis/namespace.rb:469:in `call_with_namespace'
workers-1  | /opt/.gem/gems/redis-namespace-1.7.0/lib/redis/namespace.rb:349:in `block (2 levels) in <class:Namespace>'
workers-1  | /opt/.gem/gems/resque-2.0.0/lib/resque/data_store.rb:261:in `remove_heartbeat'
workers-1  | /opt/.gem/gems/resque-2.0.0/lib/resque/worker.rb:475:in `remove_heartbeat'
workers-1  | /opt/.gem/gems/resque-2.0.0/lib/resque/worker.rb:507:in `start_heartbeat'
workers-1  | /opt/.gem/gems/resque-2.0.0/lib/resque/worker.rb:360:in `startup'
workers-1  | /opt/.gem/gems/resque-2.0.0/lib/resque/worker.rb:233:in `work'
workers-1  | /opt/.gem/gems/resque-2.0.0/lib/resque/tasks.rb:20:in `block (2 levels) in <top (required)>'
workers-1  | Tasks: TOP => resque:work
server-1   | /opt/.gem/gems/activerecord-5.2.4.3/lib/active_record/connection_adapters/abstract/connection_pool.rb:814:in `acquire_connection'
server-1   | /opt/.gem/gems/activerecord-5.2.4.3/lib/active_record/connection_adapters/abstract/connection_pool.rb:538:in `checkout'
server-1   | /opt/.gem/gems/activerecord-5.2.4.3/lib/active_record/connection_adapters/abstract/connection_pool.rb:382:in `connection'
server-1   | /opt/.gem/gems/activerecord-5.2.4.3/lib/active_record/connection_adapters/abstract/connection_pool.rb:1033:in `retrieve_connection'
server-1   | /opt/.gem/gems/activerecord-5.2.4.3/lib/active_record/connection_handling.rb:118:in `retrieve_connection'
server-1   | /opt/.gem/gems/activerecord-5.2.4.3/lib/active_record/connection_handling.rb:90:in `connection'
server-1   | /opt/.gem/gems/activerecord-5.2.4.3/lib/active_record/tasks/postgresql_database_tasks.rb:12:in `connection'
server-1   | /opt/.gem/gems/activerecord-5.2.4.3/lib/active_record/tasks/postgresql_database_tasks.rb:21:in `create'
server-1   | /opt/.gem/gems/activerecord-5.2.4.3/lib/active_record/tasks/database_tasks.rb:119:in `create'
server-1   | /opt/.gem/gems/activerecord-5.2.4.3/lib/active_record/tasks/database_tasks.rb:139:in `block in create_current'
server-1   | /opt/.gem/gems/activerecord-5.2.4.3/lib/active_record/tasks/database_tasks.rb:316:in `block in each_current_configuration'
workers-1  | (See full trace by running task with --trace)
workers-1  | rake aborted!
workers-1  | Redis::CommandError: NOAUTH Authentication required.
workers-1  | Original Exception (Redis::CommandError): NOAUTH Authentication required.
workers-1  |   /opt/.gem/gems/redis-4.1.4/lib/redis/client.rb:126:in `call'  
workers-1  | /opt/.gem/gems/redis-4.1.4/lib/redis.rb:2216:in `block in hdel'  
workers-1  | /opt/.gem/gems/redis-4.1.4/lib/redis.rb:51:in `block in synchronize'  
workers-1  | /usr/local/ruby-2.7.0/lib/ruby/2.7.0/monitor.rb:202:in `synchronize'  
workers-1  | /usr/local/ruby-2.7.0/lib/ruby/2.7.0/monitor.rb:202:in `mon_synchronize'  
server-1   | /opt/.gem/gems/activerecord-5.2.4.3/lib/active_record/tasks/database_tasks.rb:313:in `each'
server-1   | /opt/.gem/gems/activerecord-5.2.4.3/lib/active_record/tasks/database_tasks.rb:313:in `each_current_configuration'
server-1   | /opt/.gem/gems/activerecord-5.2.4.3/lib/active_record/tasks/database_tasks.rb:138:in `create_current'
server-1   | /opt/.gem/gems/activerecord-5.2.4.3/lib/active_record/railties/databases.rake:29:in `block (2 levels) in <top (required)>'
server-1   | /opt/.gem/gems/railties-5.2.4.3/lib/rails/commands/rake/rake_command.rb:23:in `block in perform'
server-1   | /opt/.gem/gems/railties-5.2.4.3/lib/rails/commands/rake/rake_command.rb:20:in `perform'
server-1   | /opt/.gem/gems/railties-5.2.4.3/lib/rails/command.rb:48:in `invoke'
server-1   | /opt/.gem/gems/railties-5.2.4.3/lib/rails/commands.rb:18:in `<top (required)>'
workers-1  | /opt/.gem/gems/redis-4.1.4/lib/redis.rb:51:in `synchronize'  
workers-1  | /opt/.gem/gems/redis-4.1.4/lib/redis.rb:2215:in `hdel'  
workers-1  | /opt/.gem/gems/redis-namespace-1.7.0/lib/redis/namespace.rb:469:in `call_with_namespace'  
workers-1  | /opt/.gem/gems/redis-namespace-1.7.0/lib/redis/namespace.rb:349:in `block (2 levels) in <class:Namespace>'  
workers-1  | /opt/.gem/gems/resque-2.0.0/lib/resque/data_store.rb:261:in `remove_heartbeat'  
workers-1  | /usr/local/ruby-2.7.0/lib/ruby/2.7.0/forwardable.rb:235:in `remove_heartbeat'  
workers-1  | /opt/.gem/gems/resque-2.0.0/lib/resque/worker.rb:475:in `remove_heartbeat'  
server-1   | bin/rails:9:in `require'
server-1   | bin/rails:9:in `<main>'
server-1   | Tasks: TOP => db:create
server-1   | (See full trace by running task with --trace)
server-1   | => Booting Puma
server-1   | => Rails 5.2.4.3 application starting in production 
server-1   | => Run `rails server -h` for more startup options
server-1   | Exiting
server-1   | /opt/.gem/gems/pg-1.2.3/lib/pg.rb:58:in `initialize': fe_sendauth: no password supplied (PG::ConnectionBad)
server-1   | 	from /opt/.gem/gems/pg-1.2.3/lib/pg.rb:58:in `new'
server-1   | 	from /opt/.gem/gems/pg-1.2.3/lib/pg.rb:58:in `connect'
server-1   | 	from /opt/.gem/gems/activerecord-5.2.4.3/lib/active_record/connection_adapters/postgresql_adapter.rb:692:in `connect'
server-1   | 	from /opt/.gem/gems/activerecord-5.2.4.3/lib/active_record/connection_adapters/postgresql_adapter.rb:223:in `initialize'
server-1   | 	from /opt/.gem/gems/activerecord-5.2.4.3/lib/active_record/connection_adapters/postgresql_adapter.rb:48:in `new'
server-1   | 	from /opt/.gem/gems/activerecord-5.2.4.3/lib/active_record/connection_adapters/postgresql_adapter.rb:48:in `postgresql_connection'
server-1   | 	from /opt/.gem/gems/activerecord-5.2.4.3/lib/active_record/connection_adapters/abstract/connection_pool.rb:830:in `new_connection'
server-1   | 	from /opt/.gem/gems/activerecord-5.2.4.3/lib/active_record/connection_adapters/abstract/connection_pool.rb:874:in `checkout_new_connection'
server-1   | 	from /opt/.gem/gems/activerecord-5.2.4.3/lib/active_record/connection_adapters/abstract/connection_pool.rb:853:in `try_to_checkout_new_connection'
server-1   | 	from /opt/.gem/gems/activerecord-5.2.4.3/lib/active_record/connection_adapters/abstract/connection_pool.rb:814:in `acquire_connection'
server-1   | 	from /opt/.gem/gems/activerecord-5.2.4.3/lib/active_record/connection_adapters/abstract/connection_pool.rb:538:in `checkout'
server-1   | 	from /opt/.gem/gems/activerecord-5.2.4.3/lib/active_record/connection_adapters/abstract/connection_pool.rb:382:in `connection'
server-1   | 	from /opt/.gem/gems/activerecord-5.2.4.3/lib/active_record/connection_adapters/abstract/connection_pool.rb:1033:in `retrieve_connection'
workers-1  | /opt/.gem/gems/resque-2.0.0/lib/resque/worker.rb:507:in `start_heartbeat'  
workers-1  | /opt/.gem/gems/resque-2.0.0/lib/resque/worker.rb:360:in `startup'  
workers-1  | /opt/.gem/gems/resque-2.0.0/lib/resque/worker.rb:233:in `work'  
workers-1  | /opt/.gem/gems/resque-2.0.0/lib/resque/tasks.rb:20:in `block (2 levels) in <top (required)>'  
workers-1  | /usr/local/ruby-2.7.0/lib/ruby/gems/2.7.0/gems/rake-13.0.1/lib/rake/task.rb:281:in `block in execute'  
workers-1  | /usr/local/ruby-2.7.0/lib/ruby/gems/2.7.0/gems/rake-13.0.1/lib/rake/task.rb:281:in `each'  
workers-1  | /usr/local/ruby-2.7.0/lib/ruby/gems/2.7.0/gems/rake-13.0.1/lib/rake/task.rb:281:in `execute'  
workers-1  | /usr/local/ruby-2.7.0/lib/ruby/gems/2.7.0/gems/rake-13.0.1/lib/rake/task.rb:219:in `block in invoke_with_call_chain'  
workers-1  | /usr/local/ruby-2.7.0/lib/ruby/gems/2.7.0/gems/rake-13.0.1/lib/rake/task.rb:199:in `synchronize'  
workers-1  | /usr/local/ruby-2.7.0/lib/ruby/gems/2.7.0/gems/rake-13.0.1/lib/rake/task.rb:199:in `invoke_with_call_chain'  
workers-1  | /usr/local/ruby-2.7.0/lib/ruby/gems/2.7.0/gems/rake-13.0.1/lib/rake/task.rb:188:in `invoke'  
server-1   | 	from /opt/.gem/gems/activerecord-5.2.4.3/lib/active_record/connection_handling.rb:118:in `retrieve_connection'
server-1   | 	from /opt/.gem/gems/activerecord-5.2.4.3/lib/active_record/connection_handling.rb:90:in `connection'
server-1   | 	from /opt/.gem/gems/activerecord-5.2.4.3/lib/active_record/model_schema.rb:466:in `load_schema!'
server-1   | 	from /opt/.gem/gems/activerecord-5.2.4.3/lib/active_record/attributes.rb:234:in `load_schema!'
server-1   | 	from /opt/.gem/gems/activerecord-5.2.4.3/lib/active_record/attribute_decorators.rb:51:in `load_schema!'
server-1   | 	from /opt/.gem/gems/activerecord-5.2.4.3/lib/active_record/model_schema.rb:459:in `block in load_schema'
server-1   | 	from /opt/.gem/gems/activerecord-5.2.4.3/lib/active_record/model_schema.rb:456:in `synchronize'
server-1   | 	from /opt/.gem/gems/activerecord-5.2.4.3/lib/active_record/model_schema.rb:456:in `load_schema'
server-1   | 	from /opt/.gem/gems/activerecord-5.2.4.3/lib/active_record/model_schema.rb:341:in `columns'
server-1   | 	from /opt/.gem/gems/activerecord-5.2.4.3/lib/active_record/model_schema.rb:388:in `column_names'
server-1   | 	from /api/app/serializers/submission_serializer.rb:2:in `<class:SubmissionSerializer>'
server-1   | 	from /api/app/serializers/submission_serializer.rb:1:in `<top (required)>'
server-1   | 	from /opt/.gem/gems/activesupport-5.2.4.3/lib/active_support/dependencies.rb:291:in `require'
server-1   | 	from /opt/.gem/gems/activesupport-5.2.4.3/lib/active_support/dependencies.rb:291:in `block in require'
server-1   | 	from /opt/.gem/gems/activesupport-5.2.4.3/lib/active_support/dependencies.rb:257:in `load_dependency'
server-1   | 	from /opt/.gem/gems/activesupport-5.2.4.3/lib/active_support/dependencies.rb:291:in `require'
server-1   | 	from /opt/.gem/gems/activesupport-5.2.4.3/lib/active_support/dependencies.rb:378:in `block in require_or_load'
server-1   | 	from /opt/.gem/gems/activesupport-5.2.4.3/lib/active_support/dependencies.rb:37:in `block in load_interlock'
server-1   | 	from /opt/.gem/gems/activesupport-5.2.4.3/lib/active_support/dependencies/interlock.rb:14:in `block in loading'
server-1   | 	from /opt/.gem/gems/activesupport-5.2.4.3/lib/active_support/concurrency/share_lock.rb:151:in `exclusive'
workers-1  | /usr/local/ruby-2.7.0/lib/ruby/gems/2.7.0/gems/rake-13.0.1/lib/rake/application.rb:160:in `invoke_task'  
workers-1  | /usr/local/ruby-2.7.0/lib/ruby/gems/2.7.0/gems/rake-13.0.1/lib/rake/application.rb:116:in `block (2 levels) in top_level'  
workers-1  | /usr/local/ruby-2.7.0/lib/ruby/gems/2.7.0/gems/rake-13.0.1/lib/rake/application.rb:116:in `each'  
workers-1  | /usr/local/ruby-2.7.0/lib/ruby/gems/2.7.0/gems/rake-13.0.1/lib/rake/application.rb:116:in `block in top_level'  
workers-1  | /usr/local/ruby-2.7.0/lib/ruby/gems/2.7.0/gems/rake-13.0.1/lib/rake/application.rb:125:in `run_with_threads'  
workers-1  | /usr/local/ruby-2.7.0/lib/ruby/gems/2.7.0/gems/rake-13.0.1/lib/rake/application.rb:110:in `top_level'  
workers-1  | /usr/local/ruby-2.7.0/lib/ruby/gems/2.7.0/gems/rake-13.0.1/lib/rake/application.rb:83:in `block in run'  
workers-1  | /usr/local/ruby-2.7.0/lib/ruby/gems/2.7.0/gems/rake-13.0.1/lib/rake/application.rb:186:in `standard_exception_handling'  
server-1   | 	from /opt/.gem/gems/activesupport-5.2.4.3/lib/active_support/dependencies/interlock.rb:13:in `loading'
server-1   | 	from /opt/.gem/gems/activesupport-5.2.4.3/lib/active_support/dependencies.rb:37:in `load_interlock'
server-1   | 	from /opt/.gem/gems/activesupport-5.2.4.3/lib/active_support/dependencies.rb:356:in `require_or_load'
server-1   | 	from /opt/.gem/gems/activesupport-5.2.4.3/lib/active_support/dependencies.rb:334:in `depend_on'
server-1   | 	from /opt/.gem/gems/activesupport-5.2.4.3/lib/active_support/dependencies.rb:246:in `require_dependency'
server-1   | 	from /opt/.gem/gems/railties-5.2.4.3/lib/rails/engine.rb:478:in `block (2 levels) in eager_load!'
server-1   | 	from /opt/.gem/gems/railties-5.2.4.3/lib/rails/engine.rb:477:in `each'
server-1   | 	from /opt/.gem/gems/railties-5.2.4.3/lib/rails/engine.rb:477:in `block in eager_load!'
server-1   | 	from /opt/.gem/gems/railties-5.2.4.3/lib/rails/engine.rb:475:in `each'
server-1   | 	from /opt/.gem/gems/railties-5.2.4.3/lib/rails/engine.rb:475:in `eager_load!'
server-1   | 	from /opt/.gem/gems/railties-5.2.4.3/lib/rails/engine.rb:356:in `eager_load!'
workers-1  | /usr/local/ruby-2.7.0/lib/ruby/gems/2.7.0/gems/rake-13.0.1/lib/rake/application.rb:80:in `run'  
workers-1  | /usr/local/ruby-2.7.0/lib/ruby/gems/2.7.0/gems/rake-13.0.1/exe/rake:27:in `<top (required)>'  
workers-1  | /usr/local/ruby-2.7.0/bin/rake:23:in `load'  
workers-1  | /usr/local/ruby-2.7.0/bin/rake:23:in `<main>'
workers-1  | /opt/.gem/gems/redis-4.1.4/lib/redis/client.rb:126:in `call'
workers-1  | /opt/.gem/gems/redis-4.1.4/lib/redis.rb:915:in `block in get'
workers-1  | /opt/.gem/gems/redis-4.1.4/lib/redis.rb:51:in `block in synchronize'
workers-1  | /opt/.gem/gems/redis-4.1.4/lib/redis.rb:51:in `synchronize'
workers-1  | /opt/.gem/gems/redis-4.1.4/lib/redis.rb:914:in `get'
workers-1  | /opt/.gem/gems/redis-namespace-1.7.0/lib/redis/namespace.rb:469:in `call_with_namespace'
workers-1  | /opt/.gem/gems/redis-namespace-1.7.0/lib/redis/namespace.rb:349:in `block (2 levels) in <class:Namespace>'
server-1   | 	from /opt/.gem/gems/railties-5.2.4.3/lib/rails/application/finisher.rb:69:in `each'
server-1   | 	from /opt/.gem/gems/railties-5.2.4.3/lib/rails/application/finisher.rb:69:in `block in <module:Finisher>'
server-1   | 	from /opt/.gem/gems/railties-5.2.4.3/lib/rails/initializable.rb:32:in `instance_exec'
server-1   | 	from /opt/.gem/gems/railties-5.2.4.3/lib/rails/initializable.rb:32:in `run'
server-1   | 	from /opt/.gem/gems/railties-5.2.4.3/lib/rails/initializable.rb:61:in `block in run_initializers'
server-1   | 	from /usr/local/ruby-2.7.0/lib/ruby/2.7.0/tsort.rb:228:in `block in tsort_each'
server-1   | 	from /usr/local/ruby-2.7.0/lib/ruby/2.7.0/tsort.rb:350:in `block (2 levels) in each_strongly_connected_component'
server-1   | 	from /usr/local/ruby-2.7.0/lib/ruby/2.7.0/tsort.rb:431:in `each_strongly_connected_component_from'
server-1   | 	from /usr/local/ruby-2.7.0/lib/ruby/2.7.0/tsort.rb:349:in `block in each_strongly_connected_component'
server-1   | 	from /usr/local/ruby-2.7.0/lib/ruby/2.7.0/tsort.rb:347:in `each'
workers-1  | /opt/.gem/gems/resque-2.0.0/lib/resque/data_store.rb:231:in `get_worker_payload'
workers-1  | /opt/.gem/gems/resque-2.0.0/lib/resque/worker.rb:752:in `job'
workers-1  | /opt/.gem/gems/resque-2.0.0/lib/resque/worker.rb:670:in `unregister_worker'
workers-1  | /opt/.gem/gems/resque-2.0.0/lib/resque/worker.rb:250:in `rescue in work'
server-1   | 	from /usr/local/ruby-2.7.0/lib/ruby/2.7.0/tsort.rb:347:in `call'
server-1   | 	from /usr/local/ruby-2.7.0/lib/ruby/2.7.0/tsort.rb:347:in `each_strongly_connected_component'
server-1   | 	from /usr/local/ruby-2.7.0/lib/ruby/2.7.0/tsort.rb:226:in `tsort_each'
server-1   | 	from /usr/local/ruby-2.7.0/lib/ruby/2.7.0/tsort.rb:205:in `tsort_each'
server-1   | 	from /opt/.gem/gems/railties-5.2.4.3/lib/rails/initializable.rb:60:in `run_initializers'
server-1   | 	from /opt/.gem/gems/railties-5.2.4.3/lib/rails/application.rb:361:in `initialize!'
server-1   | 	from /api/config/environment.rb:3:in `<top (required)>'
server-1   | 	from config.ru:1:in `require_relative'
server-1   | 	from config.ru:1:in `block in <main>'
server-1   | 	from /opt/.gem/gems/rack-2.2.3/lib/rack/builder.rb:116:in `eval'
server-1   | 	from /opt/.gem/gems/rack-2.2.3/lib/rack/builder.rb:116:in `new_from_string'
server-1   | 	from /opt/.gem/gems/rack-2.2.3/lib/rack/builder.rb:105:in `load_file'
server-1   | 	from /opt/.gem/gems/rack-2.2.3/lib/rack/builder.rb:66:in `parse_file'
server-1   | 	from /opt/.gem/gems/rack-2.2.3/lib/rack/server.rb:349:in `build_app_and_options_from_config'
server-1   | 	from /opt/.gem/gems/rack-2.2.3/lib/rack/server.rb:249:in `app'
server-1   | 	from /opt/.gem/gems/railties-5.2.4.3/lib/rails/commands/server/server_command.rb:27:in `app'
server-1   | 	from /opt/.gem/gems/rack-2.2.3/lib/rack/server.rb:422:in `wrapped_app'
server-1   | 	from /opt/.gem/gems/rack-2.2.3/lib/rack/server.rb:312:in `block in start'
server-1   | 	from /opt/.gem/gems/rack-2.2.3/lib/rack/server.rb:379:in `handle_profiling'
server-1   | 	from /opt/.gem/gems/rack-2.2.3/lib/rack/server.rb:311:in `start'
server-1   | 	from /opt/.gem/gems/railties-5.2.4.3/lib/rails/commands/server/server_command.rb:53:in `start'
server-1   | 	from /opt/.gem/gems/railties-5.2.4.3/lib/rails/commands/server/server_command.rb:147:in `block in perform'
server-1   | 	from /opt/.gem/gems/railties-5.2.4.3/lib/rails/commands/server/server_command.rb:142:in `tap'
workers-1  | /opt/.gem/gems/resque-2.0.0/lib/resque/worker.rb:231:in `work'
workers-1  | /opt/.gem/gems/resque-2.0.0/lib/resque/tasks.rb:20:in `block (2 levels) in <top (required)>'
server-1   | 	from /opt/.gem/gems/railties-5.2.4.3/lib/rails/commands/server/server_command.rb:142:in `perform'
server-1   | 	from /opt/.gem/gems/thor-1.0.1/lib/thor/command.rb:27:in `run'
server-1   | 	from /opt/.gem/gems/thor-1.0.1/lib/thor/invocation.rb:127:in `invoke_command'
server-1   | 	from /opt/.gem/gems/thor-1.0.1/lib/thor.rb:392:in `dispatch'
server-1   | 	from /opt/.gem/gems/railties-5.2.4.3/lib/rails/command/base.rb:69:in `perform'
server-1   | 	from /opt/.gem/gems/railties-5.2.4.3/lib/rails/command.rb:46:in `invoke'
workers-1  | 
workers-1  | Caused by:
workers-1  | Redis::CommandError: NOAUTH Authentication required.
workers-1  | /opt/.gem/gems/redis-4.1.4/lib/redis/client.rb:126:in `call'
workers-1  | /opt/.gem/gems/redis-4.1.4/lib/redis.rb:915:in `block in get'
workers-1  | /opt/.gem/gems/redis-4.1.4/lib/redis.rb:51:in `block in synchronize'
workers-1  | /opt/.gem/gems/redis-4.1.4/lib/redis.rb:51:in `synchronize'
server-1   | 	from /opt/.gem/gems/railties-5.2.4.3/lib/rails/commands.rb:18:in `<top (required)>'
server-1   | 	from bin/rails:9:in `require'
server-1   | 	from bin/rails:9:in `<main>'
server-1   | fe_sendauth: no password supplied
server-1   | Couldn't create 'judge0' database. Please check your configuration.
server-1   | rails aborted!
workers-1  | /opt/.gem/gems/redis-4.1.4/lib/redis.rb:914:in `get'
server-1   | PG::ConnectionBad: fe_sendauth: no password supplied
server-1   | /opt/.gem/gems/pg-1.2.3/lib/pg.rb:58:in `initialize'
server-1   | /opt/.gem/gems/pg-1.2.3/lib/pg.rb:58:in `new'
server-1   | /opt/.gem/gems/pg-1.2.3/lib/pg.rb:58:in `connect'
workers-1  | /opt/.gem/gems/redis-namespace-1.7.0/lib/redis/namespace.rb:469:in `call_with_namespace'
workers-1  | /opt/.gem/gems/redis-namespace-1.7.0/lib/redis/namespace.rb:349:in `block (2 levels) in <class:Namespace>'
workers-1  | /opt/.gem/gems/resque-2.0.0/lib/resque/data_store.rb:231:in `get_worker_payload'
workers-1  | /opt/.gem/gems/resque-2.0.0/lib/resque/worker.rb:752:in `job'
workers-1  | /opt/.gem/gems/resque-2.0.0/lib/resque/worker.rb:670:in `unregister_worker'
server-1   | /opt/.gem/gems/activerecord-5.2.4.3/lib/active_record/connection_adapters/postgresql_adapter.rb:692:in `connect'
server-1   | /opt/.gem/gems/activerecord-5.2.4.3/lib/active_record/connection_adapters/postgresql_adapter.rb:223:in `initialize'
server-1   | /opt/.gem/gems/activerecord-5.2.4.3/lib/active_record/connection_adapters/postgresql_adapter.rb:48:in `new'
server-1   | /opt/.gem/gems/activerecord-5.2.4.3/lib/active_record/connection_adapters/postgresql_adapter.rb:48:in `postgresql_connection'
server-1   | /opt/.gem/gems/activerecord-5.2.4.3/lib/active_record/connection_adapters/abstract/connection_pool.rb:830:in `new_connection'
server-1   | /opt/.gem/gems/activerecord-5.2.4.3/lib/active_record/connection_adapters/abstract/connection_pool.rb:874:in `checkout_new_connection'
server-1   | /opt/.gem/gems/activerecord-5.2.4.3/lib/active_record/connection_adapters/abstract/connection_pool.rb:853:in `try_to_checkout_new_connection'
server-1   | /opt/.gem/gems/activerecord-5.2.4.3/lib/active_record/connection_adapters/abstract/connection_pool.rb:814:in `acquire_connection'
server-1   | /opt/.gem/gems/activerecord-5.2.4.3/lib/active_record/connection_adapters/abstract/connection_pool.rb:538:in `checkout'
server-1   | /opt/.gem/gems/activerecord-5.2.4.3/lib/active_record/connection_adapters/abstract/connection_pool.rb:382:in `connection'
server-1   | /opt/.gem/gems/activerecord-5.2.4.3/lib/active_record/connection_adapters/abstract/connection_pool.rb:1033:in `retrieve_connection'
server-1   | /opt/.gem/gems/activerecord-5.2.4.3/lib/active_record/connection_handling.rb:118:in `retrieve_connection'
server-1   | /opt/.gem/gems/activerecord-5.2.4.3/lib/active_record/connection_handling.rb:90:in `connection'
server-1   | /opt/.gem/gems/activerecord-5.2.4.3/lib/active_record/tasks/postgresql_database_tasks.rb:12:in `connection'
server-1   | /opt/.gem/gems/activerecord-5.2.4.3/lib/active_record/tasks/postgresql_database_tasks.rb:21:in `create'
server-1   | /opt/.gem/gems/activerecord-5.2.4.3/lib/active_record/tasks/database_tasks.rb:119:in `create'
server-1   | /opt/.gem/gems/activerecord-5.2.4.3/lib/active_record/tasks/database_tasks.rb:139:in `block in create_current'
server-1   | /opt/.gem/gems/activerecord-5.2.4.3/lib/active_record/tasks/database_tasks.rb:316:in `block in each_current_configuration'
workers-1  | /opt/.gem/gems/resque-2.0.0/lib/resque/worker.rb:250:in `rescue in work'
workers-1  | /opt/.gem/gems/resque-2.0.0/lib/resque/worker.rb:231:in `work'
server-1   | /opt/.gem/gems/activerecord-5.2.4.3/lib/active_record/tasks/database_tasks.rb:313:in `each'
server-1   | /opt/.gem/gems/activerecord-5.2.4.3/lib/active_record/tasks/database_tasks.rb:313:in `each_current_configuration'
server-1   | /opt/.gem/gems/activerecord-5.2.4.3/lib/active_record/tasks/database_tasks.rb:138:in `create_current'
server-1   | /opt/.gem/gems/activerecord-5.2.4.3/lib/active_record/railties/databases.rake:29:in `block (2 levels) in <top (required)>'
server-1   | /opt/.gem/gems/railties-5.2.4.3/lib/rails/commands/rake/rake_command.rb:23:in `block in perform'
server-1   | /opt/.gem/gems/railties-5.2.4.3/lib/rails/commands/rake/rake_command.rb:20:in `perform'
server-1   | /opt/.gem/gems/railties-5.2.4.3/lib/rails/command.rb:48:in `invoke'
server-1   | /opt/.gem/gems/railties-5.2.4.3/lib/rails/commands.rb:18:in `<top (required)>'
workers-1  | /opt/.gem/gems/resque-2.0.0/lib/resque/tasks.rb:20:in `block (2 levels) in <top (required)>'
server-1   | bin/rails:9:in `require'
server-1   | bin/rails:9:in `<main>'
server-1   | Tasks: TOP => db:create
server-1   | (See full trace by running task with --trace)
server-1   | => Booting Puma
server-1   | => Rails 5.2.4.3 application starting in production 
workers-1  | 
workers-1  | Caused by:
workers-1  | Redis::CommandError: NOAUTH Authentication required.
workers-1  | /opt/.gem/gems/redis-4.1.4/lib/redis/client.rb:126:in `call'
workers-1  | /opt/.gem/gems/redis-4.1.4/lib/redis.rb:2216:in `block in hdel'
workers-1  | /opt/.gem/gems/redis-4.1.4/lib/redis.rb:51:in `block in synchronize'
workers-1  | /opt/.gem/gems/redis-4.1.4/lib/redis.rb:51:in `synchronize'
workers-1  | /opt/.gem/gems/redis-4.1.4/lib/redis.rb:2215:in `hdel'
workers-1  | /opt/.gem/gems/redis-namespace-1.7.0/lib/redis/namespace.rb:469:in `call_with_namespace'
workers-1  | /opt/.gem/gems/redis-namespace-1.7.0/lib/redis/namespace.rb:349:in `block (2 levels) in <class:Namespace>'
workers-1  | /opt/.gem/gems/resque-2.0.0/lib/resque/data_store.rb:261:in `remove_heartbeat'
workers-1  | /opt/.gem/gems/resque-2.0.0/lib/resque/worker.rb:475:in `remove_heartbeat'
workers-1  | /opt/.gem/gems/resque-2.0.0/lib/resque/worker.rb:507:in `start_heartbeat'
workers-1  | /opt/.gem/gems/resque-2.0.0/lib/resque/worker.rb:360:in `startup'
workers-1  | /opt/.gem/gems/resque-2.0.0/lib/resque/worker.rb:233:in `work'
workers-1  | /opt/.gem/gems/resque-2.0.0/lib/resque/tasks.rb:20:in `block (2 levels) in <top (required)>'
workers-1  | Tasks: TOP => resque:work
workers-1  | (See full trace by running task with --trace)
workers-1  | rake aborted!
workers-1  | Redis::CommandError: NOAUTH Authentication required.
server-1   | => Run `rails server -h` for more startup options
server-1   | Exiting
server-1   | /opt/.gem/gems/pg-1.2.3/lib/pg.rb:58:in `initialize': fe_sendauth: no password supplied (PG::ConnectionBad)
server-1   | 	from /opt/.gem/gems/pg-1.2.3/lib/pg.rb:58:in `new'
server-1   | 	from /opt/.gem/gems/pg-1.2.3/lib/pg.rb:58:in `connect'
server-1   | 	from /opt/.gem/gems/activerecord-5.2.4.3/lib/active_record/connection_adapters/postgresql_adapter.rb:692:in `connect'
server-1   | 	from /opt/.gem/gems/activerecord-5.2.4.3/lib/active_record/connection_adapters/postgresql_adapter.rb:223:in `initialize'
server-1   | 	from /opt/.gem/gems/activerecord-5.2.4.3/lib/active_record/connection_adapters/postgresql_adapter.rb:48:in `new'
server-1   | 	from /opt/.gem/gems/activerecord-5.2.4.3/lib/active_record/connection_adapters/postgresql_adapter.rb:48:in `postgresql_connection'
server-1   | 	from /opt/.gem/gems/activerecord-5.2.4.3/lib/active_record/connection_adapters/abstract/connection_pool.rb:830:in `new_connection'
server-1   | 	from /opt/.gem/gems/activerecord-5.2.4.3/lib/active_record/connection_adapters/abstract/connection_pool.rb:874:in `checkout_new_connection'
server-1   | 	from /opt/.gem/gems/activerecord-5.2.4.3/lib/active_record/connection_adapters/abstract/connection_pool.rb:853:in `try_to_checkout_new_connection'
server-1   | 	from /opt/.gem/gems/activerecord-5.2.4.3/lib/active_record/connection_adapters/abstract/connection_pool.rb:814:in `acquire_connection'
server-1   | 	from /opt/.gem/gems/activerecord-5.2.4.3/lib/active_record/connection_adapters/abstract/connection_pool.rb:538:in `checkout'
server-1   | 	from /opt/.gem/gems/activerecord-5.2.4.3/lib/active_record/connection_adapters/abstract/connection_pool.rb:382:in `connection'
server-1   | 	from /opt/.gem/gems/activerecord-5.2.4.3/lib/active_record/connection_adapters/abstract/connection_pool.rb:1033:in `retrieve_connection'
server-1   | 	from /opt/.gem/gems/activerecord-5.2.4.3/lib/active_record/connection_handling.rb:118:in `retrieve_connection'
server-1   | 	from /opt/.gem/gems/activerecord-5.2.4.3/lib/active_record/connection_handling.rb:90:in `connection'
server-1   | 	from /opt/.gem/gems/activerecord-5.2.4.3/lib/active_record/model_schema.rb:466:in `load_schema!'
server-1   | 	from /opt/.gem/gems/activerecord-5.2.4.3/lib/active_record/attributes.rb:234:in `load_schema!'
server-1   | 	from /opt/.gem/gems/activerecord-5.2.4.3/lib/active_record/attribute_decorators.rb:51:in `load_schema!'
server-1   | 	from /opt/.gem/gems/activerecord-5.2.4.3/lib/active_record/model_schema.rb:459:in `block in load_schema'
server-1   | 	from /opt/.gem/gems/activerecord-5.2.4.3/lib/active_record/model_schema.rb:456:in `synchronize'
server-1   | 	from /opt/.gem/gems/activerecord-5.2.4.3/lib/active_record/model_schema.rb:456:in `load_schema'
server-1   | 	from /opt/.gem/gems/activerecord-5.2.4.3/lib/active_record/model_schema.rb:341:in `columns'
server-1   | 	from /opt/.gem/gems/activerecord-5.2.4.3/lib/active_record/model_schema.rb:388:in `column_names'
server-1   | 	from /api/app/serializers/submission_serializer.rb:2:in `<class:SubmissionSerializer>'
server-1   | 	from /api/app/serializers/submission_serializer.rb:1:in `<top (required)>'
server-1   | 	from /opt/.gem/gems/activesupport-5.2.4.3/lib/active_support/dependencies.rb:291:in `require'
workers-1  | Original Exception (Redis::CommandError): NOAUTH Authentication required.
workers-1  |   /opt/.gem/gems/redis-4.1.4/lib/redis/client.rb:126:in `call'  
workers-1  | /opt/.gem/gems/redis-4.1.4/lib/redis.rb:2216:in `block in hdel'  
workers-1  | /opt/.gem/gems/redis-4.1.4/lib/redis.rb:51:in `block in synchronize'  
workers-1  | /usr/local/ruby-2.7.0/lib/ruby/2.7.0/monitor.rb:202:in `synchronize'  
workers-1  | /usr/local/ruby-2.7.0/lib/ruby/2.7.0/monitor.rb:202:in `mon_synchronize'  
workers-1  | /opt/.gem/gems/redis-4.1.4/lib/redis.rb:51:in `synchronize'  
workers-1  | /opt/.gem/gems/redis-4.1.4/lib/redis.rb:2215:in `hdel'  
workers-1  | /opt/.gem/gems/redis-namespace-1.7.0/lib/redis/namespace.rb:469:in `call_with_namespace'  
workers-1  | /opt/.gem/gems/redis-namespace-1.7.0/lib/redis/namespace.rb:349:in `block (2 levels) in <class:Namespace>'  
workers-1  | /opt/.gem/gems/resque-2.0.0/lib/resque/data_store.rb:261:in `remove_heartbeat'  
workers-1  | /usr/local/ruby-2.7.0/lib/ruby/2.7.0/forwardable.rb:235:in `remove_heartbeat'  
workers-1  | /opt/.gem/gems/resque-2.0.0/lib/resque/worker.rb:475:in `remove_heartbeat'  
workers-1  | /opt/.gem/gems/resque-2.0.0/lib/resque/worker.rb:507:in `start_heartbeat'  
workers-1  | /opt/.gem/gems/resque-2.0.0/lib/resque/worker.rb:360:in `startup'  
workers-1  | /opt/.gem/gems/resque-2.0.0/lib/resque/worker.rb:233:in `work'  
workers-1  | /opt/.gem/gems/resque-2.0.0/lib/resque/tasks.rb:20:in `block (2 levels) in <top (required)>'  
workers-1  | /usr/local/ruby-2.7.0/lib/ruby/gems/2.7.0/gems/rake-13.0.1/lib/rake/task.rb:281:in `block in execute'  
workers-1  | /usr/local/ruby-2.7.0/lib/ruby/gems/2.7.0/gems/rake-13.0.1/lib/rake/task.rb:281:in `each'  
workers-1  | /usr/local/ruby-2.7.0/lib/ruby/gems/2.7.0/gems/rake-13.0.1/lib/rake/task.rb:281:in `execute'  
server-1   | 	from /opt/.gem/gems/activesupport-5.2.4.3/lib/active_support/dependencies.rb:291:in `block in require'
server-1   | 	from /opt/.gem/gems/activesupport-5.2.4.3/lib/active_support/dependencies.rb:257:in `load_dependency'
server-1   | 	from /opt/.gem/gems/activesupport-5.2.4.3/lib/active_support/dependencies.rb:291:in `require'
server-1   | 	from /opt/.gem/gems/activesupport-5.2.4.3/lib/active_support/dependencies.rb:378:in `block in require_or_load'
server-1   | 	from /opt/.gem/gems/activesupport-5.2.4.3/lib/active_support/dependencies.rb:37:in `block in load_interlock'
server-1   | 	from /opt/.gem/gems/activesupport-5.2.4.3/lib/active_support/dependencies/interlock.rb:14:in `block in loading'
server-1   | 	from /opt/.gem/gems/activesupport-5.2.4.3/lib/active_support/concurrency/share_lock.rb:151:in `exclusive'
server-1   | 	from /opt/.gem/gems/activesupport-5.2.4.3/lib/active_support/dependencies/interlock.rb:13:in `loading'
server-1   | 	from /opt/.gem/gems/activesupport-5.2.4.3/lib/active_support/dependencies.rb:37:in `load_interlock'
server-1   | 	from /opt/.gem/gems/activesupport-5.2.4.3/lib/active_support/dependencies.rb:356:in `require_or_load'
server-1   | 	from /opt/.gem/gems/activesupport-5.2.4.3/lib/active_support/dependencies.rb:334:in `depend_on'
workers-1  | /usr/local/ruby-2.7.0/lib/ruby/gems/2.7.0/gems/rake-13.0.1/lib/rake/task.rb:219:in `block in invoke_with_call_chain'  
workers-1  | /usr/local/ruby-2.7.0/lib/ruby/gems/2.7.0/gems/rake-13.0.1/lib/rake/task.rb:199:in `synchronize'  
workers-1  | /usr/local/ruby-2.7.0/lib/ruby/gems/2.7.0/gems/rake-13.0.1/lib/rake/task.rb:199:in `invoke_with_call_chain'  
workers-1  | /usr/local/ruby-2.7.0/lib/ruby/gems/2.7.0/gems/rake-13.0.1/lib/rake/task.rb:188:in `invoke'  
workers-1  | /usr/local/ruby-2.7.0/lib/ruby/gems/2.7.0/gems/rake-13.0.1/lib/rake/application.rb:160:in `invoke_task'  
workers-1  | /usr/local/ruby-2.7.0/lib/ruby/gems/2.7.0/gems/rake-13.0.1/lib/rake/application.rb:116:in `block (2 levels) in top_level'  
workers-1  | /usr/local/ruby-2.7.0/lib/ruby/gems/2.7.0/gems/rake-13.0.1/lib/rake/application.rb:116:in `each'  
workers-1  | /usr/local/ruby-2.7.0/lib/ruby/gems/2.7.0/gems/rake-13.0.1/lib/rake/application.rb:116:in `block in top_level'  
workers-1  | /usr/local/ruby-2.7.0/lib/ruby/gems/2.7.0/gems/rake-13.0.1/lib/rake/application.rb:125:in `run_with_threads'  
workers-1  | /usr/local/ruby-2.7.0/lib/ruby/gems/2.7.0/gems/rake-13.0.1/lib/rake/application.rb:110:in `top_level'  
workers-1  | /usr/local/ruby-2.7.0/lib/ruby/gems/2.7.0/gems/rake-13.0.1/lib/rake/application.rb:83:in `block in run'  
workers-1  | /usr/local/ruby-2.7.0/lib/ruby/gems/2.7.0/gems/rake-13.0.1/lib/rake/application.rb:186:in `standard_exception_handling'  
workers-1  | /usr/local/ruby-2.7.0/lib/ruby/gems/2.7.0/gems/rake-13.0.1/lib/rake/application.rb:80:in `run'  
workers-1  | /usr/local/ruby-2.7.0/lib/ruby/gems/2.7.0/gems/rake-13.0.1/exe/rake:27:in `<top (required)>'  
workers-1  | /usr/local/ruby-2.7.0/bin/rake:23:in `load'  
workers-1  | /usr/local/ruby-2.7.0/bin/rake:23:in `<main>'
workers-1  | /opt/.gem/gems/redis-4.1.4/lib/redis/client.rb:126:in `call'
workers-1  | /opt/.gem/gems/redis-4.1.4/lib/redis.rb:915:in `block in get'
workers-1  | /opt/.gem/gems/redis-4.1.4/lib/redis.rb:51:in `block in synchronize'
workers-1  | /opt/.gem/gems/redis-4.1.4/lib/redis.rb:51:in `synchronize'
workers-1  | /opt/.gem/gems/redis-4.1.4/lib/redis.rb:914:in `get'
workers-1  | /opt/.gem/gems/redis-namespace-1.7.0/lib/redis/namespace.rb:469:in `call_with_namespace'
workers-1  | /opt/.gem/gems/redis-namespace-1.7.0/lib/redis/namespace.rb:349:in `block (2 levels) in <class:Namespace>'
workers-1  | /opt/.gem/gems/resque-2.0.0/lib/resque/data_store.rb:231:in `get_worker_payload'
workers-1  | /opt/.gem/gems/resque-2.0.0/lib/resque/worker.rb:752:in `job'
workers-1  | /opt/.gem/gems/resque-2.0.0/lib/resque/worker.rb:670:in `unregister_worker'
workers-1  | /opt/.gem/gems/resque-2.0.0/lib/resque/worker.rb:250:in `rescue in work'
workers-1  | /opt/.gem/gems/resque-2.0.0/lib/resque/worker.rb:231:in `work'
workers-1  | /opt/.gem/gems/resque-2.0.0/lib/resque/tasks.rb:20:in `block (2 levels) in <top (required)>'
workers-1  | 
workers-1  | Caused by:
workers-1  | Redis::CommandError: NOAUTH Authentication required.
workers-1  | /opt/.gem/gems/redis-4.1.4/lib/redis/client.rb:126:in `call'
workers-1  | /opt/.gem/gems/redis-4.1.4/lib/redis.rb:915:in `block in get'
workers-1  | /opt/.gem/gems/redis-4.1.4/lib/redis.rb:51:in `block in synchronize'
workers-1  | /opt/.gem/gems/redis-4.1.4/lib/redis.rb:51:in `synchronize'
workers-1  | /opt/.gem/gems/redis-4.1.4/lib/redis.rb:914:in `get'
workers-1  | /opt/.gem/gems/redis-namespace-1.7.0/lib/redis/namespace.rb:469:in `call_with_namespace'
workers-1  | /opt/.gem/gems/redis-namespace-1.7.0/lib/redis/namespace.rb:349:in `block (2 levels) in <class:Namespace>'
workers-1  | /opt/.gem/gems/resque-2.0.0/lib/resque/data_store.rb:231:in `get_worker_payload'
workers-1  | /opt/.gem/gems/resque-2.0.0/lib/resque/worker.rb:752:in `job'
workers-1  | /opt/.gem/gems/resque-2.0.0/lib/resque/worker.rb:670:in `unregister_worker'
workers-1  | /opt/.gem/gems/resque-2.0.0/lib/resque/worker.rb:250:in `rescue in work'
workers-1  | /opt/.gem/gems/resque-2.0.0/lib/resque/worker.rb:231:in `work'
workers-1  | /opt/.gem/gems/resque-2.0.0/lib/resque/tasks.rb:20:in `block (2 levels) in <top (required)>'
workers-1  | 
workers-1  | Caused by:
workers-1  | Redis::CommandError: NOAUTH Authentication required.
server-1   | 	from /opt/.gem/gems/activesupport-5.2.4.3/lib/active_support/dependencies.rb:246:in `require_dependency'
server-1   | 	from /opt/.gem/gems/railties-5.2.4.3/lib/rails/engine.rb:478:in `block (2 levels) in eager_load!'
server-1   | 	from /opt/.gem/gems/railties-5.2.4.3/lib/rails/engine.rb:477:in `each'
server-1   | 	from /opt/.gem/gems/railties-5.2.4.3/lib/rails/engine.rb:477:in `block in eager_load!'
server-1   | 	from /opt/.gem/gems/railties-5.2.4.3/lib/rails/engine.rb:475:in `each'
server-1   | 	from /opt/.gem/gems/railties-5.2.4.3/lib/rails/engine.rb:475:in `eager_load!'
server-1   | 	from /opt/.gem/gems/railties-5.2.4.3/lib/rails/engine.rb:356:in `eager_load!'
server-1   | 	from /opt/.gem/gems/railties-5.2.4.3/lib/rails/application/finisher.rb:69:in `each'
server-1   | 	from /opt/.gem/gems/railties-5.2.4.3/lib/rails/application/finisher.rb:69:in `block in <module:Finisher>'
server-1   | 	from /opt/.gem/gems/railties-5.2.4.3/lib/rails/initializable.rb:32:in `instance_exec'
server-1   | 	from /opt/.gem/gems/railties-5.2.4.3/lib/rails/initializable.rb:32:in `run'
server-1   | 	from /opt/.gem/gems/railties-5.2.4.3/lib/rails/initializable.rb:61:in `block in run_initializers'
server-1   | 	from /usr/local/ruby-2.7.0/lib/ruby/2.7.0/tsort.rb:228:in `block in tsort_each'
server-1   | 	from /usr/local/ruby-2.7.0/lib/ruby/2.7.0/tsort.rb:350:in `block (2 levels) in each_strongly_connected_component'
server-1   | 	from /usr/local/ruby-2.7.0/lib/ruby/2.7.0/tsort.rb:431:in `each_strongly_connected_component_from'
server-1   | 	from /usr/local/ruby-2.7.0/lib/ruby/2.7.0/tsort.rb:349:in `block in each_strongly_connected_component'
server-1   | 	from /usr/local/ruby-2.7.0/lib/ruby/2.7.0/tsort.rb:347:in `each'
server-1   | 	from /usr/local/ruby-2.7.0/lib/ruby/2.7.0/tsort.rb:347:in `call'
workers-1  | /opt/.gem/gems/redis-4.1.4/lib/redis/client.rb:126:in `call'
workers-1  | /opt/.gem/gems/redis-4.1.4/lib/redis.rb:2216:in `block in hdel'
workers-1  | /opt/.gem/gems/redis-4.1.4/lib/redis.rb:51:in `block in synchronize'
workers-1  | /opt/.gem/gems/redis-4.1.4/lib/redis.rb:51:in `synchronize'
server-1   | 	from /usr/local/ruby-2.7.0/lib/ruby/2.7.0/tsort.rb:347:in `each_strongly_connected_component'
server-1   | 	from /usr/local/ruby-2.7.0/lib/ruby/2.7.0/tsort.rb:226:in `tsort_each'
server-1   | 	from /usr/local/ruby-2.7.0/lib/ruby/2.7.0/tsort.rb:205:in `tsort_each'
server-1   | 	from /opt/.gem/gems/railties-5.2.4.3/lib/rails/initializable.rb:60:in `run_initializers'
server-1   | 	from /opt/.gem/gems/railties-5.2.4.3/lib/rails/application.rb:361:in `initialize!'
server-1   | 	from /api/config/environment.rb:3:in `<top (required)>'
server-1   | 	from config.ru:1:in `require_relative'
server-1   | 	from config.ru:1:in `block in <main>'
server-1   | 	from /opt/.gem/gems/rack-2.2.3/lib/rack/builder.rb:116:in `eval'
server-1   | 	from /opt/.gem/gems/rack-2.2.3/lib/rack/builder.rb:116:in `new_from_string'
server-1   | 	from /opt/.gem/gems/rack-2.2.3/lib/rack/builder.rb:105:in `load_file'
server-1   | 	from /opt/.gem/gems/rack-2.2.3/lib/rack/builder.rb:66:in `parse_file'
server-1   | 	from /opt/.gem/gems/rack-2.2.3/lib/rack/server.rb:349:in `build_app_and_options_from_config'
server-1   | 	from /opt/.gem/gems/rack-2.2.3/lib/rack/server.rb:249:in `app'
server-1   | 	from /opt/.gem/gems/railties-5.2.4.3/lib/rails/commands/server/server_command.rb:27:in `app'
server-1   | 	from /opt/.gem/gems/rack-2.2.3/lib/rack/server.rb:422:in `wrapped_app'
server-1   | 	from /opt/.gem/gems/rack-2.2.3/lib/rack/server.rb:312:in `block in start'
server-1   | 	from /opt/.gem/gems/rack-2.2.3/lib/rack/server.rb:379:in `handle_profiling'
server-1   | 	from /opt/.gem/gems/rack-2.2.3/lib/rack/server.rb:311:in `start'
server-1   | 	from /opt/.gem/gems/railties-5.2.4.3/lib/rails/commands/server/server_command.rb:53:in `start'
server-1   | 	from /opt/.gem/gems/railties-5.2.4.3/lib/rails/commands/server/server_command.rb:147:in `block in perform'
server-1   | 	from /opt/.gem/gems/railties-5.2.4.3/lib/rails/commands/server/server_command.rb:142:in `tap'
server-1   | 	from /opt/.gem/gems/railties-5.2.4.3/lib/rails/commands/server/server_command.rb:142:in `perform'
server-1   | 	from /opt/.gem/gems/thor-1.0.1/lib/thor/command.rb:27:in `run'
server-1   | 	from /opt/.gem/gems/thor-1.0.1/lib/thor/invocation.rb:127:in `invoke_command'
server-1   | 	from /opt/.gem/gems/thor-1.0.1/lib/thor.rb:392:in `dispatch'
server-1   | 	from /opt/.gem/gems/railties-5.2.4.3/lib/rails/command/base.rb:69:in `perform'
server-1   | 	from /opt/.gem/gems/railties-5.2.4.3/lib/rails/command.rb:46:in `invoke'
server-1   | 	from /opt/.gem/gems/railties-5.2.4.3/lib/rails/commands.rb:18:in `<top (required)>'
server-1   | 	from bin/rails:9:in `require'
server-1   | 	from bin/rails:9:in `<main>'
server-1   | fe_sendauth: no password supplied
server-1   | Couldn't create 'judge0' database. Please check your configuration.
server-1   | rails aborted!
server-1   | PG::ConnectionBad: fe_sendauth: no password supplied
workers-1  | /opt/.gem/gems/redis-4.1.4/lib/redis.rb:2215:in `hdel'
workers-1  | /opt/.gem/gems/redis-namespace-1.7.0/lib/redis/namespace.rb:469:in `call_with_namespace'
workers-1  | /opt/.gem/gems/redis-namespace-1.7.0/lib/redis/namespace.rb:349:in `block (2 levels) in <class:Namespace>'
workers-1  | /opt/.gem/gems/resque-2.0.0/lib/resque/data_store.rb:261:in `remove_heartbeat'
workers-1  | /opt/.gem/gems/resque-2.0.0/lib/resque/worker.rb:475:in `remove_heartbeat'
workers-1  | /opt/.gem/gems/resque-2.0.0/lib/resque/worker.rb:507:in `start_heartbeat'
workers-1  | /opt/.gem/gems/resque-2.0.0/lib/resque/worker.rb:360:in `startup'
workers-1  | /opt/.gem/gems/resque-2.0.0/lib/resque/worker.rb:233:in `work'
workers-1  | /opt/.gem/gems/resque-2.0.0/lib/resque/tasks.rb:20:in `block (2 levels) in <top (required)>'
workers-1  | Tasks: TOP => resque:work
server-1   | /opt/.gem/gems/pg-1.2.3/lib/pg.rb:58:in `initialize'
server-1   | /opt/.gem/gems/pg-1.2.3/lib/pg.rb:58:in `new'
server-1   | /opt/.gem/gems/pg-1.2.3/lib/pg.rb:58:in `connect'
server-1   | /opt/.gem/gems/activerecord-5.2.4.3/lib/active_record/connection_adapters/postgresql_adapter.rb:692:in `connect'
server-1   | /opt/.gem/gems/activerecord-5.2.4.3/lib/active_record/connection_adapters/postgresql_adapter.rb:223:in `initialize'
server-1   | /opt/.gem/gems/activerecord-5.2.4.3/lib/active_record/connection_adapters/postgresql_adapter.rb:48:in `new'
server-1   | /opt/.gem/gems/activerecord-5.2.4.3/lib/active_record/connection_adapters/postgresql_adapter.rb:48:in `postgresql_connection'
server-1   | /opt/.gem/gems/activerecord-5.2.4.3/lib/active_record/connection_adapters/abstract/connection_pool.rb:830:in `new_connection'
server-1   | /opt/.gem/gems/activerecord-5.2.4.3/lib/active_record/connection_adapters/abstract/connection_pool.rb:874:in `checkout_new_connection'
server-1   | /opt/.gem/gems/activerecord-5.2.4.3/lib/active_record/connection_adapters/abstract/connection_pool.rb:853:in `try_to_checkout_new_connection'
server-1   | /opt/.gem/gems/activerecord-5.2.4.3/lib/active_record/connection_adapters/abstract/connection_pool.rb:814:in `acquire_connection'
server-1   | /opt/.gem/gems/activerecord-5.2.4.3/lib/active_record/connection_adapters/abstract/connection_pool.rb:538:in `checkout'
server-1   | /opt/.gem/gems/activerecord-5.2.4.3/lib/active_record/connection_adapters/abstract/connection_pool.rb:382:in `connection'
workers-1  | (See full trace by running task with --trace)
server-1   | /opt/.gem/gems/activerecord-5.2.4.3/lib/active_record/connection_adapters/abstract/connection_pool.rb:1033:in `retrieve_connection'
server-1   | /opt/.gem/gems/activerecord-5.2.4.3/lib/active_record/connection_handling.rb:118:in `retrieve_connection'
server-1   | /opt/.gem/gems/activerecord-5.2.4.3/lib/active_record/connection_handling.rb:90:in `connection'
server-1   | /opt/.gem/gems/activerecord-5.2.4.3/lib/active_record/tasks/postgresql_database_tasks.rb:12:in `connection'
server-1   | /opt/.gem/gems/activerecord-5.2.4.3/lib/active_record/tasks/postgresql_database_tasks.rb:21:in `create'
server-1   | /opt/.gem/gems/activerecord-5.2.4.3/lib/active_record/tasks/database_tasks.rb:119:in `create'
server-1   | /opt/.gem/gems/activerecord-5.2.4.3/lib/active_record/tasks/database_tasks.rb:139:in `block in create_current'
workers-1  | rake aborted!
workers-1  | Redis::CommandError: NOAUTH Authentication required.
workers-1  | Original Exception (Redis::CommandError): NOAUTH Authentication required.
workers-1  |   /opt/.gem/gems/redis-4.1.4/lib/redis/client.rb:126:in `call'  
workers-1  | /opt/.gem/gems/redis-4.1.4/lib/redis.rb:2216:in `block in hdel'  
workers-1  | /opt/.gem/gems/redis-4.1.4/lib/redis.rb:51:in `block in synchronize'  
workers-1  | /usr/local/ruby-2.7.0/lib/ruby/2.7.0/monitor.rb:202:in `synchronize'  
workers-1  | /usr/local/ruby-2.7.0/lib/ruby/2.7.0/monitor.rb:202:in `mon_synchronize'  
workers-1  | /opt/.gem/gems/redis-4.1.4/lib/redis.rb:51:in `synchronize'  
workers-1  | /opt/.gem/gems/redis-4.1.4/lib/redis.rb:2215:in `hdel'  
workers-1  | /opt/.gem/gems/redis-namespace-1.7.0/lib/redis/namespace.rb:469:in `call_with_namespace'  
server-1   | /opt/.gem/gems/activerecord-5.2.4.3/lib/active_record/tasks/database_tasks.rb:316:in `block in each_current_configuration'
server-1   | /opt/.gem/gems/activerecord-5.2.4.3/lib/active_record/tasks/database_tasks.rb:313:in `each'
server-1   | /opt/.gem/gems/activerecord-5.2.4.3/lib/active_record/tasks/database_tasks.rb:313:in `each_current_configuration'
server-1   | /opt/.gem/gems/activerecord-5.2.4.3/lib/active_record/tasks/database_tasks.rb:138:in `create_current'
server-1   | /opt/.gem/gems/activerecord-5.2.4.3/lib/active_record/railties/databases.rake:29:in `block (2 levels) in <top (required)>'
server-1   | /opt/.gem/gems/railties-5.2.4.3/lib/rails/commands/rake/rake_command.rb:23:in `block in perform'
server-1   | /opt/.gem/gems/railties-5.2.4.3/lib/rails/commands/rake/rake_command.rb:20:in `perform'
server-1   | /opt/.gem/gems/railties-5.2.4.3/lib/rails/command.rb:48:in `invoke'
server-1   | /opt/.gem/gems/railties-5.2.4.3/lib/rails/commands.rb:18:in `<top (required)>'
server-1   | bin/rails:9:in `require'
server-1   | bin/rails:9:in `<main>'
server-1   | Tasks: TOP => db:create
server-1   | (See full trace by running task with --trace)
server-1   | => Booting Puma
server-1   | => Rails 5.2.4.3 application starting in production 
server-1   | => Run `rails server -h` for more startup options
server-1   | Exiting
server-1   | /opt/.gem/gems/pg-1.2.3/lib/pg.rb:58:in `initialize': fe_sendauth: no password supplied (PG::ConnectionBad)
workers-1  | /opt/.gem/gems/redis-namespace-1.7.0/lib/redis/namespace.rb:349:in `block (2 levels) in <class:Namespace>'  
workers-1  | /opt/.gem/gems/resque-2.0.0/lib/resque/data_store.rb:261:in `remove_heartbeat'  
workers-1  | /usr/local/ruby-2.7.0/lib/ruby/2.7.0/forwardable.rb:235:in `remove_heartbeat'  
workers-1  | /opt/.gem/gems/resque-2.0.0/lib/resque/worker.rb:475:in `remove_heartbeat'  
workers-1  | /opt/.gem/gems/resque-2.0.0/lib/resque/worker.rb:507:in `start_heartbeat'  
workers-1  | /opt/.gem/gems/resque-2.0.0/lib/resque/worker.rb:360:in `startup'  
workers-1  | /opt/.gem/gems/resque-2.0.0/lib/resque/worker.rb:233:in `work'  
workers-1  | /opt/.gem/gems/resque-2.0.0/lib/resque/tasks.rb:20:in `block (2 levels) in <top (required)>'  
workers-1  | /usr/local/ruby-2.7.0/lib/ruby/gems/2.7.0/gems/rake-13.0.1/lib/rake/task.rb:281:in `block in execute'  
workers-1  | /usr/local/ruby-2.7.0/lib/ruby/gems/2.7.0/gems/rake-13.0.1/lib/rake/task.rb:281:in `each'  
workers-1  | /usr/local/ruby-2.7.0/lib/ruby/gems/2.7.0/gems/rake-13.0.1/lib/rake/task.rb:281:in `execute'  
workers-1  | /usr/local/ruby-2.7.0/lib/ruby/gems/2.7.0/gems/rake-13.0.1/lib/rake/task.rb:219:in `block in invoke_with_call_chain'  
workers-1  | /usr/local/ruby-2.7.0/lib/ruby/gems/2.7.0/gems/rake-13.0.1/lib/rake/task.rb:199:in `synchronize'  
workers-1  | /usr/local/ruby-2.7.0/lib/ruby/gems/2.7.0/gems/rake-13.0.1/lib/rake/task.rb:199:in `invoke_with_call_chain'  
workers-1  | /usr/local/ruby-2.7.0/lib/ruby/gems/2.7.0/gems/rake-13.0.1/lib/rake/task.rb:188:in `invoke'  
workers-1  | /usr/local/ruby-2.7.0/lib/ruby/gems/2.7.0/gems/rake-13.0.1/lib/rake/application.rb:160:in `invoke_task'  
workers-1  | /usr/local/ruby-2.7.0/lib/ruby/gems/2.7.0/gems/rake-13.0.1/lib/rake/application.rb:116:in `block (2 levels) in top_level'  
workers-1  | /usr/local/ruby-2.7.0/lib/ruby/gems/2.7.0/gems/rake-13.0.1/lib/rake/application.rb:116:in `each'  
workers-1  | /usr/local/ruby-2.7.0/lib/ruby/gems/2.7.0/gems/rake-13.0.1/lib/rake/application.rb:116:in `block in top_level'  
workers-1  | /usr/local/ruby-2.7.0/lib/ruby/gems/2.7.0/gems/rake-13.0.1/lib/rake/application.rb:125:in `run_with_threads'  
workers-1  | /usr/local/ruby-2.7.0/lib/ruby/gems/2.7.0/gems/rake-13.0.1/lib/rake/application.rb:110:in `top_level'  
workers-1  | /usr/local/ruby-2.7.0/lib/ruby/gems/2.7.0/gems/rake-13.0.1/lib/rake/application.rb:83:in `block in run'  
workers-1  | /usr/local/ruby-2.7.0/lib/ruby/gems/2.7.0/gems/rake-13.0.1/lib/rake/application.rb:186:in `standard_exception_handling'  
workers-1  | /usr/local/ruby-2.7.0/lib/ruby/gems/2.7.0/gems/rake-13.0.1/lib/rake/application.rb:80:in `run'  
workers-1  | /usr/local/ruby-2.7.0/lib/ruby/gems/2.7.0/gems/rake-13.0.1/exe/rake:27:in `<top (required)>'  
workers-1  | /usr/local/ruby-2.7.0/bin/rake:23:in `load'  
workers-1  | /usr/local/ruby-2.7.0/bin/rake:23:in `<main>'
workers-1  | /opt/.gem/gems/redis-4.1.4/lib/redis/client.rb:126:in `call'
workers-1  | /opt/.gem/gems/redis-4.1.4/lib/redis.rb:915:in `block in get'
workers-1  | /opt/.gem/gems/redis-4.1.4/lib/redis.rb:51:in `block in synchronize'
workers-1  | /opt/.gem/gems/redis-4.1.4/lib/redis.rb:51:in `synchronize'
workers-1  | /opt/.gem/gems/redis-4.1.4/lib/redis.rb:914:in `get'
workers-1  | /opt/.gem/gems/redis-namespace-1.7.0/lib/redis/namespace.rb:469:in `call_with_namespace'
workers-1  | /opt/.gem/gems/redis-namespace-1.7.0/lib/redis/namespace.rb:349:in `block (2 levels) in <class:Namespace>'
workers-1  | /opt/.gem/gems/resque-2.0.0/lib/resque/data_store.rb:231:in `get_worker_payload'
workers-1  | /opt/.gem/gems/resque-2.0.0/lib/resque/worker.rb:752:in `job'
workers-1  | /opt/.gem/gems/resque-2.0.0/lib/resque/worker.rb:670:in `unregister_worker'
server-1   | 	from /opt/.gem/gems/pg-1.2.3/lib/pg.rb:58:in `new'
server-1   | 	from /opt/.gem/gems/pg-1.2.3/lib/pg.rb:58:in `connect'
server-1   | 	from /opt/.gem/gems/activerecord-5.2.4.3/lib/active_record/connection_adapters/postgresql_adapter.rb:692:in `connect'
server-1   | 	from /opt/.gem/gems/activerecord-5.2.4.3/lib/active_record/connection_adapters/postgresql_adapter.rb:223:in `initialize'
server-1   | 	from /opt/.gem/gems/activerecord-5.2.4.3/lib/active_record/connection_adapters/postgresql_adapter.rb:48:in `new'
server-1   | 	from /opt/.gem/gems/activerecord-5.2.4.3/lib/active_record/connection_adapters/postgresql_adapter.rb:48:in `postgresql_connection'
server-1   | 	from /opt/.gem/gems/activerecord-5.2.4.3/lib/active_record/connection_adapters/abstract/connection_pool.rb:830:in `new_connection'
server-1   | 	from /opt/.gem/gems/activerecord-5.2.4.3/lib/active_record/connection_adapters/abstract/connection_pool.rb:874:in `checkout_new_connection'
workers-1  | /opt/.gem/gems/resque-2.0.0/lib/resque/worker.rb:250:in `rescue in work'
workers-1  | /opt/.gem/gems/resque-2.0.0/lib/resque/worker.rb:231:in `work'
workers-1  | /opt/.gem/gems/resque-2.0.0/lib/resque/tasks.rb:20:in `block (2 levels) in <top (required)>'
workers-1  | 
workers-1  | Caused by:
workers-1  | Redis::CommandError: NOAUTH Authentication required.
workers-1  | /opt/.gem/gems/redis-4.1.4/lib/redis/client.rb:126:in `call'
workers-1  | /opt/.gem/gems/redis-4.1.4/lib/redis.rb:915:in `block in get'
workers-1  | /opt/.gem/gems/redis-4.1.4/lib/redis.rb:51:in `block in synchronize'
workers-1  | /opt/.gem/gems/redis-4.1.4/lib/redis.rb:51:in `synchronize'
workers-1  | /opt/.gem/gems/redis-4.1.4/lib/redis.rb:914:in `get'
workers-1  | /opt/.gem/gems/redis-namespace-1.7.0/lib/redis/namespace.rb:469:in `call_with_namespace'
workers-1  | /opt/.gem/gems/redis-namespace-1.7.0/lib/redis/namespace.rb:349:in `block (2 levels) in <class:Namespace>'
workers-1  | /opt/.gem/gems/resque-2.0.0/lib/resque/data_store.rb:231:in `get_worker_payload'
workers-1  | /opt/.gem/gems/resque-2.0.0/lib/resque/worker.rb:752:in `job'
server-1   | 	from /opt/.gem/gems/activerecord-5.2.4.3/lib/active_record/connection_adapters/abstract/connection_pool.rb:853:in `try_to_checkout_new_connection'
server-1   | 	from /opt/.gem/gems/activerecord-5.2.4.3/lib/active_record/connection_adapters/abstract/connection_pool.rb:814:in `acquire_connection'
server-1   | 	from /opt/.gem/gems/activerecord-5.2.4.3/lib/active_record/connection_adapters/abstract/connection_pool.rb:538:in `checkout'
server-1   | 	from /opt/.gem/gems/activerecord-5.2.4.3/lib/active_record/connection_adapters/abstract/connection_pool.rb:382:in `connection'
server-1   | 	from /opt/.gem/gems/activerecord-5.2.4.3/lib/active_record/connection_adapters/abstract/connection_pool.rb:1033:in `retrieve_connection'
server-1   | 	from /opt/.gem/gems/activerecord-5.2.4.3/lib/active_record/connection_handling.rb:118:in `retrieve_connection'
server-1   | 	from /opt/.gem/gems/activerecord-5.2.4.3/lib/active_record/connection_handling.rb:90:in `connection'
server-1   | 	from /opt/.gem/gems/activerecord-5.2.4.3/lib/active_record/model_schema.rb:466:in `load_schema!'
server-1   | 	from /opt/.gem/gems/activerecord-5.2.4.3/lib/active_record/attributes.rb:234:in `load_schema!'
server-1   | 	from /opt/.gem/gems/activerecord-5.2.4.3/lib/active_record/attribute_decorators.rb:51:in `load_schema!'
server-1   | 	from /opt/.gem/gems/activerecord-5.2.4.3/lib/active_record/model_schema.rb:459:in `block in load_schema'
server-1   | 	from /opt/.gem/gems/activerecord-5.2.4.3/lib/active_record/model_schema.rb:456:in `synchronize'
server-1   | 	from /opt/.gem/gems/activerecord-5.2.4.3/lib/active_record/model_schema.rb:456:in `load_schema'
workers-1  | /opt/.gem/gems/resque-2.0.0/lib/resque/worker.rb:670:in `unregister_worker'
workers-1  | /opt/.gem/gems/resque-2.0.0/lib/resque/worker.rb:250:in `rescue in work'
workers-1  | /opt/.gem/gems/resque-2.0.0/lib/resque/worker.rb:231:in `work'
workers-1  | /opt/.gem/gems/resque-2.0.0/lib/resque/tasks.rb:20:in `block (2 levels) in <top (required)>'
workers-1  | 
workers-1  | Caused by:
workers-1  | Redis::CommandError: NOAUTH Authentication required.
workers-1  | /opt/.gem/gems/redis-4.1.4/lib/redis/client.rb:126:in `call'
workers-1  | /opt/.gem/gems/redis-4.1.4/lib/redis.rb:2216:in `block in hdel'
workers-1  | /opt/.gem/gems/redis-4.1.4/lib/redis.rb:51:in `block in synchronize'
workers-1  | /opt/.gem/gems/redis-4.1.4/lib/redis.rb:51:in `synchronize'
workers-1  | /opt/.gem/gems/redis-4.1.4/lib/redis.rb:2215:in `hdel'
server-1   | 	from /opt/.gem/gems/activerecord-5.2.4.3/lib/active_record/model_schema.rb:341:in `columns'
server-1   | 	from /opt/.gem/gems/activerecord-5.2.4.3/lib/active_record/model_schema.rb:388:in `column_names'
server-1   | 	from /api/app/serializers/submission_serializer.rb:2:in `<class:SubmissionSerializer>'
server-1   | 	from /api/app/serializers/submission_serializer.rb:1:in `<top (required)>'
server-1   | 	from /opt/.gem/gems/activesupport-5.2.4.3/lib/active_support/dependencies.rb:291:in `require'
server-1   | 	from /opt/.gem/gems/activesupport-5.2.4.3/lib/active_support/dependencies.rb:291:in `block in require'
server-1   | 	from /opt/.gem/gems/activesupport-5.2.4.3/lib/active_support/dependencies.rb:257:in `load_dependency'
server-1   | 	from /opt/.gem/gems/activesupport-5.2.4.3/lib/active_support/dependencies.rb:291:in `require'
server-1   | 	from /opt/.gem/gems/activesupport-5.2.4.3/lib/active_support/dependencies.rb:378:in `block in require_or_load'
server-1   | 	from /opt/.gem/gems/activesupport-5.2.4.3/lib/active_support/dependencies.rb:37:in `block in load_interlock'
server-1   | 	from /opt/.gem/gems/activesupport-5.2.4.3/lib/active_support/dependencies/interlock.rb:14:in `block in loading'
workers-1  | /opt/.gem/gems/redis-namespace-1.7.0/lib/redis/namespace.rb:469:in `call_with_namespace'
workers-1  | /opt/.gem/gems/redis-namespace-1.7.0/lib/redis/namespace.rb:349:in `block (2 levels) in <class:Namespace>'
workers-1  | /opt/.gem/gems/resque-2.0.0/lib/resque/data_store.rb:261:in `remove_heartbeat'
workers-1  | /opt/.gem/gems/resque-2.0.0/lib/resque/worker.rb:475:in `remove_heartbeat'
workers-1  | /opt/.gem/gems/resque-2.0.0/lib/resque/worker.rb:507:in `start_heartbeat'
workers-1  | /opt/.gem/gems/resque-2.0.0/lib/resque/worker.rb:360:in `startup'
workers-1  | /opt/.gem/gems/resque-2.0.0/lib/resque/worker.rb:233:in `work'
workers-1  | /opt/.gem/gems/resque-2.0.0/lib/resque/tasks.rb:20:in `block (2 levels) in <top (required)>'
workers-1  | Tasks: TOP => resque:work
workers-1  | (See full trace by running task with --trace)
workers-1  | rake aborted!
workers-1  | Redis::CommandError: NOAUTH Authentication required.
workers-1  | Original Exception (Redis::CommandError): NOAUTH Authentication required.
workers-1  |   /opt/.gem/gems/redis-4.1.4/lib/redis/client.rb:126:in `call'  
workers-1  | /opt/.gem/gems/redis-4.1.4/lib/redis.rb:2216:in `block in hdel'  
workers-1  | /opt/.gem/gems/redis-4.1.4/lib/redis.rb:51:in `block in synchronize'  
workers-1  | /usr/local/ruby-2.7.0/lib/ruby/2.7.0/monitor.rb:202:in `synchronize'  
workers-1  | /usr/local/ruby-2.7.0/lib/ruby/2.7.0/monitor.rb:202:in `mon_synchronize'  
workers-1  | /opt/.gem/gems/redis-4.1.4/lib/redis.rb:51:in `synchronize'  
server-1   | 	from /opt/.gem/gems/activesupport-5.2.4.3/lib/active_support/concurrency/share_lock.rb:151:in `exclusive'
server-1   | 	from /opt/.gem/gems/activesupport-5.2.4.3/lib/active_support/dependencies/interlock.rb:13:in `loading'
server-1   | 	from /opt/.gem/gems/activesupport-5.2.4.3/lib/active_support/dependencies.rb:37:in `load_interlock'
server-1   | 	from /opt/.gem/gems/activesupport-5.2.4.3/lib/active_support/dependencies.rb:356:in `require_or_load'
server-1   | 	from /opt/.gem/gems/activesupport-5.2.4.3/lib/active_support/dependencies.rb:334:in `depend_on'
server-1   | 	from /opt/.gem/gems/activesupport-5.2.4.3/lib/active_support/dependencies.rb:246:in `require_dependency'
server-1   | 	from /opt/.gem/gems/railties-5.2.4.3/lib/rails/engine.rb:478:in `block (2 levels) in eager_load!'
server-1   | 	from /opt/.gem/gems/railties-5.2.4.3/lib/rails/engine.rb:477:in `each'
server-1   | 	from /opt/.gem/gems/railties-5.2.4.3/lib/rails/engine.rb:477:in `block in eager_load!'
server-1   | 	from /opt/.gem/gems/railties-5.2.4.3/lib/rails/engine.rb:475:in `each'
server-1   | 	from /opt/.gem/gems/railties-5.2.4.3/lib/rails/engine.rb:475:in `eager_load!'
server-1   | 	from /opt/.gem/gems/railties-5.2.4.3/lib/rails/engine.rb:356:in `eager_load!'
server-1   | 	from /opt/.gem/gems/railties-5.2.4.3/lib/rails/application/finisher.rb:69:in `each'
server-1   | 	from /opt/.gem/gems/railties-5.2.4.3/lib/rails/application/finisher.rb:69:in `block in <module:Finisher>'
server-1   | 	from /opt/.gem/gems/railties-5.2.4.3/lib/rails/initializable.rb:32:in `instance_exec'
server-1   | 	from /opt/.gem/gems/railties-5.2.4.3/lib/rails/initializable.rb:32:in `run'
server-1   | 	from /opt/.gem/gems/railties-5.2.4.3/lib/rails/initializable.rb:61:in `block in run_initializers'
server-1   | 	from /usr/local/ruby-2.7.0/lib/ruby/2.7.0/tsort.rb:228:in `block in tsort_each'
server-1   | 	from /usr/local/ruby-2.7.0/lib/ruby/2.7.0/tsort.rb:350:in `block (2 levels) in each_strongly_connected_component'
server-1   | 	from /usr/local/ruby-2.7.0/lib/ruby/2.7.0/tsort.rb:431:in `each_strongly_connected_component_from'
server-1   | 	from /usr/local/ruby-2.7.0/lib/ruby/2.7.0/tsort.rb:349:in `block in each_strongly_connected_component'
server-1   | 	from /usr/local/ruby-2.7.0/lib/ruby/2.7.0/tsort.rb:347:in `each'
server-1   | 	from /usr/local/ruby-2.7.0/lib/ruby/2.7.0/tsort.rb:347:in `call'
server-1   | 	from /usr/local/ruby-2.7.0/lib/ruby/2.7.0/tsort.rb:347:in `each_strongly_connected_component'
server-1   | 	from /usr/local/ruby-2.7.0/lib/ruby/2.7.0/tsort.rb:226:in `tsort_each'
server-1   | 	from /usr/local/ruby-2.7.0/lib/ruby/2.7.0/tsort.rb:205:in `tsort_each'
server-1   | 	from /opt/.gem/gems/railties-5.2.4.3/lib/rails/initializable.rb:60:in `run_initializers'
server-1   | 	from /opt/.gem/gems/railties-5.2.4.3/lib/rails/application.rb:361:in `initialize!'
server-1   | 	from /api/config/environment.rb:3:in `<top (required)>'
server-1   | 	from config.ru:1:in `require_relative'
server-1   | 	from config.ru:1:in `block in <main>'
server-1   | 	from /opt/.gem/gems/rack-2.2.3/lib/rack/builder.rb:116:in `eval'
workers-1  | /opt/.gem/gems/redis-4.1.4/lib/redis.rb:2215:in `hdel'  
workers-1  | /opt/.gem/gems/redis-namespace-1.7.0/lib/redis/namespace.rb:469:in `call_with_namespace'  
workers-1  | /opt/.gem/gems/redis-namespace-1.7.0/lib/redis/namespace.rb:349:in `block (2 levels) in <class:Namespace>'  
workers-1  | /opt/.gem/gems/resque-2.0.0/lib/resque/data_store.rb:261:in `remove_heartbeat'  
workers-1  | /usr/local/ruby-2.7.0/lib/ruby/2.7.0/forwardable.rb:235:in `remove_heartbeat'  
workers-1  | /opt/.gem/gems/resque-2.0.0/lib/resque/worker.rb:475:in `remove_heartbeat'  
workers-1  | /opt/.gem/gems/resque-2.0.0/lib/resque/worker.rb:507:in `start_heartbeat'  
workers-1  | /opt/.gem/gems/resque-2.0.0/lib/resque/worker.rb:360:in `startup'  
workers-1  | /opt/.gem/gems/resque-2.0.0/lib/resque/worker.rb:233:in `work'  
workers-1  | /opt/.gem/gems/resque-2.0.0/lib/resque/tasks.rb:20:in `block (2 levels) in <top (required)>'  
workers-1  | /usr/local/ruby-2.7.0/lib/ruby/gems/2.7.0/gems/rake-13.0.1/lib/rake/task.rb:281:in `block in execute'  
workers-1  | /usr/local/ruby-2.7.0/lib/ruby/gems/2.7.0/gems/rake-13.0.1/lib/rake/task.rb:281:in `each'  
workers-1  | /usr/local/ruby-2.7.0/lib/ruby/gems/2.7.0/gems/rake-13.0.1/lib/rake/task.rb:281:in `execute'  
workers-1  | /usr/local/ruby-2.7.0/lib/ruby/gems/2.7.0/gems/rake-13.0.1/lib/rake/task.rb:219:in `block in invoke_with_call_chain'  
workers-1  | /usr/local/ruby-2.7.0/lib/ruby/gems/2.7.0/gems/rake-13.0.1/lib/rake/task.rb:199:in `synchronize'  
workers-1  | /usr/local/ruby-2.7.0/lib/ruby/gems/2.7.0/gems/rake-13.0.1/lib/rake/task.rb:199:in `invoke_with_call_chain'  
workers-1  | /usr/local/ruby-2.7.0/lib/ruby/gems/2.7.0/gems/rake-13.0.1/lib/rake/task.rb:188:in `invoke'  
workers-1  | /usr/local/ruby-2.7.0/lib/ruby/gems/2.7.0/gems/rake-13.0.1/lib/rake/application.rb:160:in `invoke_task'  
workers-1  | /usr/local/ruby-2.7.0/lib/ruby/gems/2.7.0/gems/rake-13.0.1/lib/rake/application.rb:116:in `block (2 levels) in top_level'  
workers-1  | /usr/local/ruby-2.7.0/lib/ruby/gems/2.7.0/gems/rake-13.0.1/lib/rake/application.rb:116:in `each'  
workers-1  | /usr/local/ruby-2.7.0/lib/ruby/gems/2.7.0/gems/rake-13.0.1/lib/rake/application.rb:116:in `block in top_level'  
workers-1  | /usr/local/ruby-2.7.0/lib/ruby/gems/2.7.0/gems/rake-13.0.1/lib/rake/application.rb:125:in `run_with_threads'  
server-1   | 	from /opt/.gem/gems/rack-2.2.3/lib/rack/builder.rb:116:in `new_from_string'
workers-1  | /usr/local/ruby-2.7.0/lib/ruby/gems/2.7.0/gems/rake-13.0.1/lib/rake/application.rb:110:in `top_level'  
workers-1  | /usr/local/ruby-2.7.0/lib/ruby/gems/2.7.0/gems/rake-13.0.1/lib/rake/application.rb:83:in `block in run'  
workers-1  | /usr/local/ruby-2.7.0/lib/ruby/gems/2.7.0/gems/rake-13.0.1/lib/rake/application.rb:186:in `standard_exception_handling'  
workers-1  | /usr/local/ruby-2.7.0/lib/ruby/gems/2.7.0/gems/rake-13.0.1/lib/rake/application.rb:80:in `run'  
workers-1  | /usr/local/ruby-2.7.0/lib/ruby/gems/2.7.0/gems/rake-13.0.1/exe/rake:27:in `<top (required)>'  
workers-1  | /usr/local/ruby-2.7.0/bin/rake:23:in `load'  
workers-1  | /usr/local/ruby-2.7.0/bin/rake:23:in `<main>'
workers-1  | /opt/.gem/gems/redis-4.1.4/lib/redis/client.rb:126:in `call'
workers-1  | /opt/.gem/gems/redis-4.1.4/lib/redis.rb:915:in `block in get'
workers-1  | /opt/.gem/gems/redis-4.1.4/lib/redis.rb:51:in `block in synchronize'
workers-1  | /opt/.gem/gems/redis-4.1.4/lib/redis.rb:51:in `synchronize'
workers-1  | /opt/.gem/gems/redis-4.1.4/lib/redis.rb:914:in `get'
workers-1  | /opt/.gem/gems/redis-namespace-1.7.0/lib/redis/namespace.rb:469:in `call_with_namespace'
workers-1  | /opt/.gem/gems/redis-namespace-1.7.0/lib/redis/namespace.rb:349:in `block (2 levels) in <class:Namespace>'
workers-1  | /opt/.gem/gems/resque-2.0.0/lib/resque/data_store.rb:231:in `get_worker_payload'
server-1   | 	from /opt/.gem/gems/rack-2.2.3/lib/rack/builder.rb:105:in `load_file'
server-1   | 	from /opt/.gem/gems/rack-2.2.3/lib/rack/builder.rb:66:in `parse_file'
server-1   | 	from /opt/.gem/gems/rack-2.2.3/lib/rack/server.rb:349:in `build_app_and_options_from_config'
server-1   | 	from /opt/.gem/gems/rack-2.2.3/lib/rack/server.rb:249:in `app'
server-1   | 	from /opt/.gem/gems/railties-5.2.4.3/lib/rails/commands/server/server_command.rb:27:in `app'
server-1   | 	from /opt/.gem/gems/rack-2.2.3/lib/rack/server.rb:422:in `wrapped_app'
server-1   | 	from /opt/.gem/gems/rack-2.2.3/lib/rack/server.rb:312:in `block in start'
server-1   | 	from /opt/.gem/gems/rack-2.2.3/lib/rack/server.rb:379:in `handle_profiling'
server-1   | 	from /opt/.gem/gems/rack-2.2.3/lib/rack/server.rb:311:in `start'
workers-1  | /opt/.gem/gems/resque-2.0.0/lib/resque/worker.rb:752:in `job'
workers-1  | /opt/.gem/gems/resque-2.0.0/lib/resque/worker.rb:670:in `unregister_worker'
workers-1  | /opt/.gem/gems/resque-2.0.0/lib/resque/worker.rb:250:in `rescue in work'
workers-1  | /opt/.gem/gems/resque-2.0.0/lib/resque/worker.rb:231:in `work'
workers-1  | /opt/.gem/gems/resque-2.0.0/lib/resque/tasks.rb:20:in `block (2 levels) in <top (required)>'
workers-1  | 
workers-1  | Caused by:
workers-1  | Redis::CommandError: NOAUTH Authentication required.
workers-1  | /opt/.gem/gems/redis-4.1.4/lib/redis/client.rb:126:in `call'
workers-1  | /opt/.gem/gems/redis-4.1.4/lib/redis.rb:915:in `block in get'
workers-1  | /opt/.gem/gems/redis-4.1.4/lib/redis.rb:51:in `block in synchronize'
server-1   | 	from /opt/.gem/gems/railties-5.2.4.3/lib/rails/commands/server/server_command.rb:53:in `start'
workers-1  | /opt/.gem/gems/redis-4.1.4/lib/redis.rb:51:in `synchronize'
workers-1  | /opt/.gem/gems/redis-4.1.4/lib/redis.rb:914:in `get'
workers-1  | /opt/.gem/gems/redis-namespace-1.7.0/lib/redis/namespace.rb:469:in `call_with_namespace'
workers-1  | /opt/.gem/gems/redis-namespace-1.7.0/lib/redis/namespace.rb:349:in `block (2 levels) in <class:Namespace>'
workers-1  | /opt/.gem/gems/resque-2.0.0/lib/resque/data_store.rb:231:in `get_worker_payload'
workers-1  | /opt/.gem/gems/resque-2.0.0/lib/resque/worker.rb:752:in `job'
workers-1  | /opt/.gem/gems/resque-2.0.0/lib/resque/worker.rb:670:in `unregister_worker'
workers-1  | /opt/.gem/gems/resque-2.0.0/lib/resque/worker.rb:250:in `rescue in work'
workers-1  | /opt/.gem/gems/resque-2.0.0/lib/resque/worker.rb:231:in `work'
workers-1  | /opt/.gem/gems/resque-2.0.0/lib/resque/tasks.rb:20:in `block (2 levels) in <top (required)>'
workers-1  | 
workers-1  | Caused by:
workers-1  | Redis::CommandError: NOAUTH Authentication required.
workers-1  | /opt/.gem/gems/redis-4.1.4/lib/redis/client.rb:126:in `call'
workers-1  | /opt/.gem/gems/redis-4.1.4/lib/redis.rb:2216:in `block in hdel'
workers-1  | /opt/.gem/gems/redis-4.1.4/lib/redis.rb:51:in `block in synchronize'
workers-1  | /opt/.gem/gems/redis-4.1.4/lib/redis.rb:51:in `synchronize'
workers-1  | /opt/.gem/gems/redis-4.1.4/lib/redis.rb:2215:in `hdel'
workers-1  | /opt/.gem/gems/redis-namespace-1.7.0/lib/redis/namespace.rb:469:in `call_with_namespace'
workers-1  | /opt/.gem/gems/redis-namespace-1.7.0/lib/redis/namespace.rb:349:in `block (2 levels) in <class:Namespace>'
workers-1  | /opt/.gem/gems/resque-2.0.0/lib/resque/data_store.rb:261:in `remove_heartbeat'
workers-1  | /opt/.gem/gems/resque-2.0.0/lib/resque/worker.rb:475:in `remove_heartbeat'
workers-1  | /opt/.gem/gems/resque-2.0.0/lib/resque/worker.rb:507:in `start_heartbeat'
workers-1  | /opt/.gem/gems/resque-2.0.0/lib/resque/worker.rb:360:in `startup'
workers-1  | /opt/.gem/gems/resque-2.0.0/lib/resque/worker.rb:233:in `work'
workers-1  | /opt/.gem/gems/resque-2.0.0/lib/resque/tasks.rb:20:in `block (2 levels) in <top (required)>'
workers-1  | Tasks: TOP => resque:work
workers-1  | (See full trace by running task with --trace)
workers-1  | rake aborted!
workers-1  | Redis::CommandError: NOAUTH Authentication required.
workers-1  | Original Exception (Redis::CommandError): NOAUTH Authentication required.
workers-1  |   /opt/.gem/gems/redis-4.1.4/lib/redis/client.rb:126:in `call'  
server-1   | 	from /opt/.gem/gems/railties-5.2.4.3/lib/rails/commands/server/server_command.rb:147:in `block in perform'
workers-1  | /opt/.gem/gems/redis-4.1.4/lib/redis.rb:2216:in `block in hdel'  
server-1   | 	from /opt/.gem/gems/railties-5.2.4.3/lib/rails/commands/server/server_command.rb:142:in `tap'
server-1   | 	from /opt/.gem/gems/railties-5.2.4.3/lib/rails/commands/server/server_command.rb:142:in `perform'
server-1   | 	from /opt/.gem/gems/thor-1.0.1/lib/thor/command.rb:27:in `run'
server-1   | 	from /opt/.gem/gems/thor-1.0.1/lib/thor/invocation.rb:127:in `invoke_command'
server-1   | 	from /opt/.gem/gems/thor-1.0.1/lib/thor.rb:392:in `dispatch'
server-1   | 	from /opt/.gem/gems/railties-5.2.4.3/lib/rails/command/base.rb:69:in `perform'
server-1   | 	from /opt/.gem/gems/railties-5.2.4.3/lib/rails/command.rb:46:in `invoke'
server-1   | 	from /opt/.gem/gems/railties-5.2.4.3/lib/rails/commands.rb:18:in `<top (required)>'
server-1   | 	from bin/rails:9:in `require'
server-1   | 	from bin/rails:9:in `<main>'
workers-1  | /opt/.gem/gems/redis-4.1.4/lib/redis.rb:51:in `block in synchronize'  
workers-1  | /usr/local/ruby-2.7.0/lib/ruby/2.7.0/monitor.rb:202:in `synchronize'  
workers-1  | /usr/local/ruby-2.7.0/lib/ruby/2.7.0/monitor.rb:202:in `mon_synchronize'  
workers-1  | /opt/.gem/gems/redis-4.1.4/lib/redis.rb:51:in `synchronize'  
workers-1  | /opt/.gem/gems/redis-4.1.4/lib/redis.rb:2215:in `hdel'  
workers-1  | /opt/.gem/gems/redis-namespace-1.7.0/lib/redis/namespace.rb:469:in `call_with_namespace'  
workers-1  | /opt/.gem/gems/redis-namespace-1.7.0/lib/redis/namespace.rb:349:in `block (2 levels) in <class:Namespace>'  
workers-1  | /opt/.gem/gems/resque-2.0.0/lib/resque/data_store.rb:261:in `remove_heartbeat'  
workers-1  | /usr/local/ruby-2.7.0/lib/ruby/2.7.0/forwardable.rb:235:in `remove_heartbeat'  
workers-1  | /opt/.gem/gems/resque-2.0.0/lib/resque/worker.rb:475:in `remove_heartbeat'  
workers-1  | /opt/.gem/gems/resque-2.0.0/lib/resque/worker.rb:507:in `start_heartbeat'  
workers-1  | /opt/.gem/gems/resque-2.0.0/lib/resque/worker.rb:360:in `startup'  
workers-1  | /opt/.gem/gems/resque-2.0.0/lib/resque/worker.rb:233:in `work'  
workers-1  | /opt/.gem/gems/resque-2.0.0/lib/resque/tasks.rb:20:in `block (2 levels) in <top (required)>'  
workers-1  | /usr/local/ruby-2.7.0/lib/ruby/gems/2.7.0/gems/rake-13.0.1/lib/rake/task.rb:281:in `block in execute'  
workers-1  | /usr/local/ruby-2.7.0/lib/ruby/gems/2.7.0/gems/rake-13.0.1/lib/rake/task.rb:281:in `each'  
workers-1  | /usr/local/ruby-2.7.0/lib/ruby/gems/2.7.0/gems/rake-13.0.1/lib/rake/task.rb:281:in `execute'  
workers-1  | /usr/local/ruby-2.7.0/lib/ruby/gems/2.7.0/gems/rake-13.0.1/lib/rake/task.rb:219:in `block in invoke_with_call_chain'  
workers-1  | /usr/local/ruby-2.7.0/lib/ruby/gems/2.7.0/gems/rake-13.0.1/lib/rake/task.rb:199:in `synchronize'  
workers-1  | /usr/local/ruby-2.7.0/lib/ruby/gems/2.7.0/gems/rake-13.0.1/lib/rake/task.rb:199:in `invoke_with_call_chain'  
workers-1  | /usr/local/ruby-2.7.0/lib/ruby/gems/2.7.0/gems/rake-13.0.1/lib/rake/task.rb:188:in `invoke'  
workers-1  | /usr/local/ruby-2.7.0/lib/ruby/gems/2.7.0/gems/rake-13.0.1/lib/rake/application.rb:160:in `invoke_task'  
workers-1  | /usr/local/ruby-2.7.0/lib/ruby/gems/2.7.0/gems/rake-13.0.1/lib/rake/application.rb:116:in `block (2 levels) in top_level'  
workers-1  | /usr/local/ruby-2.7.0/lib/ruby/gems/2.7.0/gems/rake-13.0.1/lib/rake/application.rb:116:in `each'  
workers-1  | /usr/local/ruby-2.7.0/lib/ruby/gems/2.7.0/gems/rake-13.0.1/lib/rake/application.rb:116:in `block in top_level'  
workers-1  | /usr/local/ruby-2.7.0/lib/ruby/gems/2.7.0/gems/rake-13.0.1/lib/rake/application.rb:125:in `run_with_threads'  
workers-1  | /usr/local/ruby-2.7.0/lib/ruby/gems/2.7.0/gems/rake-13.0.1/lib/rake/application.rb:110:in `top_level'  
workers-1  | /usr/local/ruby-2.7.0/lib/ruby/gems/2.7.0/gems/rake-13.0.1/lib/rake/application.rb:83:in `block in run'  
workers-1  | /usr/local/ruby-2.7.0/lib/ruby/gems/2.7.0/gems/rake-13.0.1/lib/rake/application.rb:186:in `standard_exception_handling'  
workers-1  | /usr/local/ruby-2.7.0/lib/ruby/gems/2.7.0/gems/rake-13.0.1/lib/rake/application.rb:80:in `run'  
workers-1  | /usr/local/ruby-2.7.0/lib/ruby/gems/2.7.0/gems/rake-13.0.1/exe/rake:27:in `<top (required)>'  
workers-1  | /usr/local/ruby-2.7.0/bin/rake:23:in `load'  
workers-1  | /usr/local/ruby-2.7.0/bin/rake:23:in `<main>'
workers-1  | /opt/.gem/gems/redis-4.1.4/lib/redis/client.rb:126:in `call'
workers-1  | /opt/.gem/gems/redis-4.1.4/lib/redis.rb:915:in `block in get'
workers-1  | /opt/.gem/gems/redis-4.1.4/lib/redis.rb:51:in `block in synchronize'
workers-1  | /opt/.gem/gems/redis-4.1.4/lib/redis.rb:51:in `synchronize'
workers-1  | /opt/.gem/gems/redis-4.1.4/lib/redis.rb:914:in `get'
workers-1  | /opt/.gem/gems/redis-namespace-1.7.0/lib/redis/namespace.rb:469:in `call_with_namespace'
workers-1  | /opt/.gem/gems/redis-namespace-1.7.0/lib/redis/namespace.rb:349:in `block (2 levels) in <class:Namespace>'
workers-1  | /opt/.gem/gems/resque-2.0.0/lib/resque/data_store.rb:231:in `get_worker_payload'
workers-1  | /opt/.gem/gems/resque-2.0.0/lib/resque/worker.rb:752:in `job'
workers-1  | /opt/.gem/gems/resque-2.0.0/lib/resque/worker.rb:670:in `unregister_worker'
workers-1  | /opt/.gem/gems/resque-2.0.0/lib/resque/worker.rb:250:in `rescue in work'
workers-1  | /opt/.gem/gems/resque-2.0.0/lib/resque/worker.rb:231:in `work'
workers-1  | /opt/.gem/gems/resque-2.0.0/lib/resque/tasks.rb:20:in `block (2 levels) in <top (required)>'
workers-1  | 
workers-1  | Caused by:
workers-1  | Redis::CommandError: NOAUTH Authentication required.
workers-1  | /opt/.gem/gems/redis-4.1.4/lib/redis/client.rb:126:in `call'
workers-1  | /opt/.gem/gems/redis-4.1.4/lib/redis.rb:915:in `block in get'
workers-1  | /opt/.gem/gems/redis-4.1.4/lib/redis.rb:51:in `block in synchronize'
workers-1  | /opt/.gem/gems/redis-4.1.4/lib/redis.rb:51:in `synchronize'
workers-1  | /opt/.gem/gems/redis-4.1.4/lib/redis.rb:914:in `get'
workers-1  | /opt/.gem/gems/redis-namespace-1.7.0/lib/redis/namespace.rb:469:in `call_with_namespace'
workers-1  | /opt/.gem/gems/redis-namespace-1.7.0/lib/redis/namespace.rb:349:in `block (2 levels) in <class:Namespace>'
workers-1  | /opt/.gem/gems/resque-2.0.0/lib/resque/data_store.rb:231:in `get_worker_payload'
workers-1  | /opt/.gem/gems/resque-2.0.0/lib/resque/worker.rb:752:in `job'
workers-1  | /opt/.gem/gems/resque-2.0.0/lib/resque/worker.rb:670:in `unregister_worker'
workers-1  | /opt/.gem/gems/resque-2.0.0/lib/resque/worker.rb:250:in `rescue in work'
workers-1  | /opt/.gem/gems/resque-2.0.0/lib/resque/worker.rb:231:in `work'
workers-1  | /opt/.gem/gems/resque-2.0.0/lib/resque/tasks.rb:20:in `block (2 levels) in <top (required)>'
workers-1  | 
workers-1  | Caused by:
workers-1  | Redis::CommandError: NOAUTH Authentication required.
workers-1  | /opt/.gem/gems/redis-4.1.4/lib/redis/client.rb:126:in `call'
workers-1  | /opt/.gem/gems/redis-4.1.4/lib/redis.rb:2216:in `block in hdel'
workers-1  | /opt/.gem/gems/redis-4.1.4/lib/redis.rb:51:in `block in synchronize'
workers-1  | /opt/.gem/gems/redis-4.1.4/lib/redis.rb:51:in `synchronize'
workers-1  | /opt/.gem/gems/redis-4.1.4/lib/redis.rb:2215:in `hdel'
workers-1  | /opt/.gem/gems/redis-namespace-1.7.0/lib/redis/namespace.rb:469:in `call_with_namespace'
workers-1  | /opt/.gem/gems/redis-namespace-1.7.0/lib/redis/namespace.rb:349:in `block (2 levels) in <class:Namespace>'
workers-1  | /opt/.gem/gems/resque-2.0.0/lib/resque/data_store.rb:261:in `remove_heartbeat'
workers-1  | /opt/.gem/gems/resque-2.0.0/lib/resque/worker.rb:475:in `remove_heartbeat'
workers-1  | /opt/.gem/gems/resque-2.0.0/lib/resque/worker.rb:507:in `start_heartbeat'
workers-1  | /opt/.gem/gems/resque-2.0.0/lib/resque/worker.rb:360:in `startup'
workers-1  | /opt/.gem/gems/resque-2.0.0/lib/resque/worker.rb:233:in `work'
workers-1  | /opt/.gem/gems/resque-2.0.0/lib/resque/tasks.rb:20:in `block (2 levels) in <top (required)>'
workers-1  | Tasks: TOP => resque:work
workers-1  | (See full trace by running task with --trace)
workers-1  | rake aborted!
workers-1  | Redis::CommandError: NOAUTH Authentication required.
workers-1  | Original Exception (Redis::CommandError): NOAUTH Authentication required.
workers-1  |   /opt/.gem/gems/redis-4.1.4/lib/redis/client.rb:126:in `call'  
workers-1  | /opt/.gem/gems/redis-4.1.4/lib/redis.rb:2216:in `block in hdel'  
workers-1  | /opt/.gem/gems/redis-4.1.4/lib/redis.rb:51:in `block in synchronize'  
workers-1  | /usr/local/ruby-2.7.0/lib/ruby/2.7.0/monitor.rb:202:in `synchronize'  
workers-1  | /usr/local/ruby-2.7.0/lib/ruby/2.7.0/monitor.rb:202:in `mon_synchronize'  
workers-1  | /opt/.gem/gems/redis-4.1.4/lib/redis.rb:51:in `synchronize'  
workers-1  | /opt/.gem/gems/redis-4.1.4/lib/redis.rb:2215:in `hdel'  
workers-1  | /opt/.gem/gems/redis-namespace-1.7.0/lib/redis/namespace.rb:469:in `call_with_namespace'  
workers-1  | /opt/.gem/gems/redis-namespace-1.7.0/lib/redis/namespace.rb:349:in `block (2 levels) in <class:Namespace>'  
workers-1  | /opt/.gem/gems/resque-2.0.0/lib/resque/data_store.rb:261:in `remove_heartbeat'  
workers-1  | /usr/local/ruby-2.7.0/lib/ruby/2.7.0/forwardable.rb:235:in `remove_heartbeat'  
workers-1  | /opt/.gem/gems/resque-2.0.0/lib/resque/worker.rb:475:in `remove_heartbeat'  
workers-1  | /opt/.gem/gems/resque-2.0.0/lib/resque/worker.rb:507:in `start_heartbeat'  
workers-1  | /opt/.gem/gems/resque-2.0.0/lib/resque/worker.rb:360:in `startup'  
workers-1  | /opt/.gem/gems/resque-2.0.0/lib/resque/worker.rb:233:in `work'  
workers-1  | /opt/.gem/gems/resque-2.0.0/lib/resque/tasks.rb:20:in `block (2 levels) in <top (required)>'  
workers-1  | /usr/local/ruby-2.7.0/lib/ruby/gems/2.7.0/gems/rake-13.0.1/lib/rake/task.rb:281:in `block in execute'  
workers-1  | /usr/local/ruby-2.7.0/lib/ruby/gems/2.7.0/gems/rake-13.0.1/lib/rake/task.rb:281:in `each'  
workers-1  | /usr/local/ruby-2.7.0/lib/ruby/gems/2.7.0/gems/rake-13.0.1/lib/rake/task.rb:281:in `execute'  
workers-1  | /usr/local/ruby-2.7.0/lib/ruby/gems/2.7.0/gems/rake-13.0.1/lib/rake/task.rb:219:in `block in invoke_with_call_chain'  
workers-1  | /usr/local/ruby-2.7.0/lib/ruby/gems/2.7.0/gems/rake-13.0.1/lib/rake/task.rb:199:in `synchronize'  
workers-1  | /usr/local/ruby-2.7.0/lib/ruby/gems/2.7.0/gems/rake-13.0.1/lib/rake/task.rb:199:in `invoke_with_call_chain'  
workers-1  | /usr/local/ruby-2.7.0/lib/ruby/gems/2.7.0/gems/rake-13.0.1/lib/rake/task.rb:188:in `invoke'  
workers-1  | /usr/local/ruby-2.7.0/lib/ruby/gems/2.7.0/gems/rake-13.0.1/lib/rake/application.rb:160:in `invoke_task'  
workers-1  | /usr/local/ruby-2.7.0/lib/ruby/gems/2.7.0/gems/rake-13.0.1/lib/rake/application.rb:116:in `block (2 levels) in top_level'  
workers-1  | /usr/local/ruby-2.7.0/lib/ruby/gems/2.7.0/gems/rake-13.0.1/lib/rake/application.rb:116:in `each'  
workers-1  | /usr/local/ruby-2.7.0/lib/ruby/gems/2.7.0/gems/rake-13.0.1/lib/rake/application.rb:116:in `block in top_level'  
workers-1  | /usr/local/ruby-2.7.0/lib/ruby/gems/2.7.0/gems/rake-13.0.1/lib/rake/application.rb:125:in `run_with_threads'  
workers-1  | /usr/local/ruby-2.7.0/lib/ruby/gems/2.7.0/gems/rake-13.0.1/lib/rake/application.rb:110:in `top_level'  
workers-1  | /usr/local/ruby-2.7.0/lib/ruby/gems/2.7.0/gems/rake-13.0.1/lib/rake/application.rb:83:in `block in run'  
workers-1  | /usr/local/ruby-2.7.0/lib/ruby/gems/2.7.0/gems/rake-13.0.1/lib/rake/application.rb:186:in `standard_exception_handling'  
workers-1  | /usr/local/ruby-2.7.0/lib/ruby/gems/2.7.0/gems/rake-13.0.1/lib/rake/application.rb:80:in `run'  
workers-1  | /usr/local/ruby-2.7.0/lib/ruby/gems/2.7.0/gems/rake-13.0.1/exe/rake:27:in `<top (required)>'  
workers-1  | /usr/local/ruby-2.7.0/bin/rake:23:in `load'  
workers-1  | /usr/local/ruby-2.7.0/bin/rake:23:in `<main>'
workers-1  | /opt/.gem/gems/redis-4.1.4/lib/redis/client.rb:126:in `call'
workers-1  | /opt/.gem/gems/redis-4.1.4/lib/redis.rb:915:in `block in get'
workers-1  | /opt/.gem/gems/redis-4.1.4/lib/redis.rb:51:in `block in synchronize'
workers-1  | /opt/.gem/gems/redis-4.1.4/lib/redis.rb:51:in `synchronize'
workers-1  | /opt/.gem/gems/redis-4.1.4/lib/redis.rb:914:in `get'
workers-1  | /opt/.gem/gems/redis-namespace-1.7.0/lib/redis/namespace.rb:469:in `call_with_namespace'
workers-1  | /opt/.gem/gems/redis-namespace-1.7.0/lib/redis/namespace.rb:349:in `block (2 levels) in <class:Namespace>'
workers-1  | /opt/.gem/gems/resque-2.0.0/lib/resque/data_store.rb:231:in `get_worker_payload'
workers-1  | /opt/.gem/gems/resque-2.0.0/lib/resque/worker.rb:752:in `job'
workers-1  | /opt/.gem/gems/resque-2.0.0/lib/resque/worker.rb:670:in `unregister_worker'
workers-1  | /opt/.gem/gems/resque-2.0.0/lib/resque/worker.rb:250:in `rescue in work'
workers-1  | /opt/.gem/gems/resque-2.0.0/lib/resque/worker.rb:231:in `work'
workers-1  | /opt/.gem/gems/resque-2.0.0/lib/resque/tasks.rb:20:in `block (2 levels) in <top (required)>'
workers-1  | 
workers-1  | Caused by:
workers-1  | Redis::CommandError: NOAUTH Authentication required.
workers-1  | /opt/.gem/gems/redis-4.1.4/lib/redis/client.rb:126:in `call'
workers-1  | /opt/.gem/gems/redis-4.1.4/lib/redis.rb:915:in `block in get'
workers-1  | /opt/.gem/gems/redis-4.1.4/lib/redis.rb:51:in `block in synchronize'
workers-1  | /opt/.gem/gems/redis-4.1.4/lib/redis.rb:51:in `synchronize'
workers-1  | /opt/.gem/gems/redis-4.1.4/lib/redis.rb:914:in `get'
workers-1  | /opt/.gem/gems/redis-namespace-1.7.0/lib/redis/namespace.rb:469:in `call_with_namespace'
workers-1  | /opt/.gem/gems/redis-namespace-1.7.0/lib/redis/namespace.rb:349:in `block (2 levels) in <class:Namespace>'
workers-1  | /opt/.gem/gems/resque-2.0.0/lib/resque/data_store.rb:231:in `get_worker_payload'
workers-1  | /opt/.gem/gems/resque-2.0.0/lib/resque/worker.rb:752:in `job'
workers-1  | /opt/.gem/gems/resque-2.0.0/lib/resque/worker.rb:670:in `unregister_worker'
workers-1  | /opt/.gem/gems/resque-2.0.0/lib/resque/worker.rb:250:in `rescue in work'
workers-1  | /opt/.gem/gems/resque-2.0.0/lib/resque/worker.rb:231:in `work'
workers-1  | /opt/.gem/gems/resque-2.0.0/lib/resque/tasks.rb:20:in `block (2 levels) in <top (required)>'
workers-1  | 
workers-1  | Caused by:
workers-1  | Redis::CommandError: NOAUTH Authentication required.
workers-1  | /opt/.gem/gems/redis-4.1.4/lib/redis/client.rb:126:in `call'
workers-1  | /opt/.gem/gems/redis-4.1.4/lib/redis.rb:2216:in `block in hdel'
workers-1  | /opt/.gem/gems/redis-4.1.4/lib/redis.rb:51:in `block in synchronize'
workers-1  | /opt/.gem/gems/redis-4.1.4/lib/redis.rb:51:in `synchronize'
workers-1  | /opt/.gem/gems/redis-4.1.4/lib/redis.rb:2215:in `hdel'
workers-1  | /opt/.gem/gems/redis-namespace-1.7.0/lib/redis/namespace.rb:469:in `call_with_namespace'
workers-1  | /opt/.gem/gems/redis-namespace-1.7.0/lib/redis/namespace.rb:349:in `block (2 levels) in <class:Namespace>'
workers-1  | /opt/.gem/gems/resque-2.0.0/lib/resque/data_store.rb:261:in `remove_heartbeat'
workers-1  | /opt/.gem/gems/resque-2.0.0/lib/resque/worker.rb:475:in `remove_heartbeat'
workers-1  | /opt/.gem/gems/resque-2.0.0/lib/resque/worker.rb:507:in `start_heartbeat'
workers-1  | /opt/.gem/gems/resque-2.0.0/lib/resque/worker.rb:360:in `startup'
workers-1  | /opt/.gem/gems/resque-2.0.0/lib/resque/worker.rb:233:in `work'
workers-1  | /opt/.gem/gems/resque-2.0.0/lib/resque/tasks.rb:20:in `block (2 levels) in <top (required)>'
workers-1  | Tasks: TOP => resque:work
workers-1  | (See full trace by running task with --trace)
workers-1  | rake aborted!
workers-1  | Redis::CommandError: NOAUTH Authentication required.
workers-1  | Original Exception (Redis::CommandError): NOAUTH Authentication required.
workers-1  |   /opt/.gem/gems/redis-4.1.4/lib/redis/client.rb:126:in `call'  
workers-1  | /opt/.gem/gems/redis-4.1.4/lib/redis.rb:2216:in `block in hdel'  
workers-1  | /opt/.gem/gems/redis-4.1.4/lib/redis.rb:51:in `block in synchronize'  
workers-1  | /usr/local/ruby-2.7.0/lib/ruby/2.7.0/monitor.rb:202:in `synchronize'  
workers-1  | /usr/local/ruby-2.7.0/lib/ruby/2.7.0/monitor.rb:202:in `mon_synchronize'  
workers-1  | /opt/.gem/gems/redis-4.1.4/lib/redis.rb:51:in `synchronize'  
workers-1  | /opt/.gem/gems/redis-4.1.4/lib/redis.rb:2215:in `hdel'  
workers-1  | /opt/.gem/gems/redis-namespace-1.7.0/lib/redis/namespace.rb:469:in `call_with_namespace'  
workers-1  | /opt/.gem/gems/redis-namespace-1.7.0/lib/redis/namespace.rb:349:in `block (2 levels) in <class:Namespace>'  
workers-1  | /opt/.gem/gems/resque-2.0.0/lib/resque/data_store.rb:261:in `remove_heartbeat'  
workers-1  | /usr/local/ruby-2.7.0/lib/ruby/2.7.0/forwardable.rb:235:in `remove_heartbeat'  
workers-1  | /opt/.gem/gems/resque-2.0.0/lib/resque/worker.rb:475:in `remove_heartbeat'  
workers-1  | /opt/.gem/gems/resque-2.0.0/lib/resque/worker.rb:507:in `start_heartbeat'  
workers-1  | /opt/.gem/gems/resque-2.0.0/lib/resque/worker.rb:360:in `startup'  
workers-1  | /opt/.gem/gems/resque-2.0.0/lib/resque/worker.rb:233:in `work'  
workers-1  | /opt/.gem/gems/resque-2.0.0/lib/resque/tasks.rb:20:in `block (2 levels) in <top (required)>'  
workers-1  | /usr/local/ruby-2.7.0/lib/ruby/gems/2.7.0/gems/rake-13.0.1/lib/rake/task.rb:281:in `block in execute'  
workers-1  | /usr/local/ruby-2.7.0/lib/ruby/gems/2.7.0/gems/rake-13.0.1/lib/rake/task.rb:281:in `each'  
workers-1  | /usr/local/ruby-2.7.0/lib/ruby/gems/2.7.0/gems/rake-13.0.1/lib/rake/task.rb:281:in `execute'  
workers-1  | /usr/local/ruby-2.7.0/lib/ruby/gems/2.7.0/gems/rake-13.0.1/lib/rake/task.rb:219:in `block in invoke_with_call_chain'  
workers-1  | /usr/local/ruby-2.7.0/lib/ruby/gems/2.7.0/gems/rake-13.0.1/lib/rake/task.rb:199:in `synchronize'  
workers-1  | /usr/local/ruby-2.7.0/lib/ruby/gems/2.7.0/gems/rake-13.0.1/lib/rake/task.rb:199:in `invoke_with_call_chain'  
workers-1  | /usr/local/ruby-2.7.0/lib/ruby/gems/2.7.0/gems/rake-13.0.1/lib/rake/task.rb:188:in `invoke'  
workers-1  | /usr/local/ruby-2.7.0/lib/ruby/gems/2.7.0/gems/rake-13.0.1/lib/rake/application.rb:160:in `invoke_task'  
workers-1  | /usr/local/ruby-2.7.0/lib/ruby/gems/2.7.0/gems/rake-13.0.1/lib/rake/application.rb:116:in `block (2 levels) in top_level'  
workers-1  | /usr/local/ruby-2.7.0/lib/ruby/gems/2.7.0/gems/rake-13.0.1/lib/rake/application.rb:116:in `each'  
workers-1  | /usr/local/ruby-2.7.0/lib/ruby/gems/2.7.0/gems/rake-13.0.1/lib/rake/application.rb:116:in `block in top_level'  
workers-1  | /usr/local/ruby-2.7.0/lib/ruby/gems/2.7.0/gems/rake-13.0.1/lib/rake/application.rb:125:in `run_with_threads'  
workers-1  | /usr/local/ruby-2.7.0/lib/ruby/gems/2.7.0/gems/rake-13.0.1/lib/rake/application.rb:110:in `top_level'  
workers-1  | /usr/local/ruby-2.7.0/lib/ruby/gems/2.7.0/gems/rake-13.0.1/lib/rake/application.rb:83:in `block in run'  
workers-1  | /usr/local/ruby-2.7.0/lib/ruby/gems/2.7.0/gems/rake-13.0.1/lib/rake/application.rb:186:in `standard_exception_handling'  
workers-1  | /usr/local/ruby-2.7.0/lib/ruby/gems/2.7.0/gems/rake-13.0.1/lib/rake/application.rb:80:in `run'  
workers-1  | /usr/local/ruby-2.7.0/lib/ruby/gems/2.7.0/gems/rake-13.0.1/exe/rake:27:in `<top (required)>'  
workers-1  | /usr/local/ruby-2.7.0/bin/rake:23:in `load'  
workers-1  | /usr/local/ruby-2.7.0/bin/rake:23:in `<main>'
workers-1  | /opt/.gem/gems/redis-4.1.4/lib/redis/client.rb:126:in `call'
workers-1  | /opt/.gem/gems/redis-4.1.4/lib/redis.rb:915:in `block in get'
workers-1  | /opt/.gem/gems/redis-4.1.4/lib/redis.rb:51:in `block in synchronize'
workers-1  | /opt/.gem/gems/redis-4.1.4/lib/redis.rb:51:in `synchronize'
workers-1  | /opt/.gem/gems/redis-4.1.4/lib/redis.rb:914:in `get'
workers-1  | /opt/.gem/gems/redis-namespace-1.7.0/lib/redis/namespace.rb:469:in `call_with_namespace'
workers-1  | /opt/.gem/gems/redis-namespace-1.7.0/lib/redis/namespace.rb:349:in `block (2 levels) in <class:Namespace>'
workers-1  | /opt/.gem/gems/resque-2.0.0/lib/resque/data_store.rb:231:in `get_worker_payload'
workers-1  | /opt/.gem/gems/resque-2.0.0/lib/resque/worker.rb:752:in `job'
workers-1  | /opt/.gem/gems/resque-2.0.0/lib/resque/worker.rb:670:in `unregister_worker'
workers-1  | /opt/.gem/gems/resque-2.0.0/lib/resque/worker.rb:250:in `rescue in work'
workers-1  | /opt/.gem/gems/resque-2.0.0/lib/resque/worker.rb:231:in `work'
workers-1  | /opt/.gem/gems/resque-2.0.0/lib/resque/tasks.rb:20:in `block (2 levels) in <top (required)>'
workers-1  | 
workers-1  | Caused by:
workers-1  | Redis::CommandError: NOAUTH Authentication required.
workers-1  | /opt/.gem/gems/redis-4.1.4/lib/redis/client.rb:126:in `call'
workers-1  | /opt/.gem/gems/redis-4.1.4/lib/redis.rb:915:in `block in get'
workers-1  | /opt/.gem/gems/redis-4.1.4/lib/redis.rb:51:in `block in synchronize'
workers-1  | /opt/.gem/gems/redis-4.1.4/lib/redis.rb:51:in `synchronize'
workers-1  | /opt/.gem/gems/redis-4.1.4/lib/redis.rb:914:in `get'
workers-1  | /opt/.gem/gems/redis-namespace-1.7.0/lib/redis/namespace.rb:469:in `call_with_namespace'
workers-1  | /opt/.gem/gems/redis-namespace-1.7.0/lib/redis/namespace.rb:349:in `block (2 levels) in <class:Namespace>'
workers-1  | /opt/.gem/gems/resque-2.0.0/lib/resque/data_store.rb:231:in `get_worker_payload'
workers-1  | /opt/.gem/gems/resque-2.0.0/lib/resque/worker.rb:752:in `job'
workers-1  | /opt/.gem/gems/resque-2.0.0/lib/resque/worker.rb:670:in `unregister_worker'
workers-1  | /opt/.gem/gems/resque-2.0.0/lib/resque/worker.rb:250:in `rescue in work'
workers-1  | /opt/.gem/gems/resque-2.0.0/lib/resque/worker.rb:231:in `work'
workers-1  | /opt/.gem/gems/resque-2.0.0/lib/resque/tasks.rb:20:in `block (2 levels) in <top (required)>'
workers-1  | 
workers-1  | Caused by:
workers-1  | Redis::CommandError: NOAUTH Authentication required.
workers-1  | /opt/.gem/gems/redis-4.1.4/lib/redis/client.rb:126:in `call'
workers-1  | /opt/.gem/gems/redis-4.1.4/lib/redis.rb:2216:in `block in hdel'
workers-1  | /opt/.gem/gems/redis-4.1.4/lib/redis.rb:51:in `block in synchronize'
workers-1  | /opt/.gem/gems/redis-4.1.4/lib/redis.rb:51:in `synchronize'
workers-1  | /opt/.gem/gems/redis-4.1.4/lib/redis.rb:2215:in `hdel'
workers-1  | /opt/.gem/gems/redis-namespace-1.7.0/lib/redis/namespace.rb:469:in `call_with_namespace'
workers-1  | /opt/.gem/gems/redis-namespace-1.7.0/lib/redis/namespace.rb:349:in `block (2 levels) in <class:Namespace>'
workers-1  | /opt/.gem/gems/resque-2.0.0/lib/resque/data_store.rb:261:in `remove_heartbeat'
workers-1  | /opt/.gem/gems/resque-2.0.0/lib/resque/worker.rb:475:in `remove_heartbeat'
workers-1  | /opt/.gem/gems/resque-2.0.0/lib/resque/worker.rb:507:in `start_heartbeat'
workers-1  | /opt/.gem/gems/resque-2.0.0/lib/resque/worker.rb:360:in `startup'
workers-1  | /opt/.gem/gems/resque-2.0.0/lib/resque/worker.rb:233:in `work'
workers-1  | /opt/.gem/gems/resque-2.0.0/lib/resque/tasks.rb:20:in `block (2 levels) in <top (required)>'
workers-1  | Tasks: TOP => resque:work
workers-1  | (See full trace by running task with --trace)
workers-1  | rake aborted!
workers-1  | Redis::CommandError: NOAUTH Authentication required.
workers-1  | Original Exception (Redis::CommandError): NOAUTH Authentication required.
workers-1  |   /opt/.gem/gems/redis-4.1.4/lib/redis/client.rb:126:in `call'  
workers-1  | /opt/.gem/gems/redis-4.1.4/lib/redis.rb:2216:in `block in hdel'  
workers-1  | /opt/.gem/gems/redis-4.1.4/lib/redis.rb:51:in `block in synchronize'  
workers-1  | /usr/local/ruby-2.7.0/lib/ruby/2.7.0/monitor.rb:202:in `synchronize'  
workers-1  | /usr/local/ruby-2.7.0/lib/ruby/2.7.0/monitor.rb:202:in `mon_synchronize'  
workers-1  | /opt/.gem/gems/redis-4.1.4/lib/redis.rb:51:in `synchronize'  
workers-1  | /opt/.gem/gems/redis-4.1.4/lib/redis.rb:2215:in `hdel'  
workers-1  | /opt/.gem/gems/redis-namespace-1.7.0/lib/redis/namespace.rb:469:in `call_with_namespace'  
workers-1  | /opt/.gem/gems/redis-namespace-1.7.0/lib/redis/namespace.rb:349:in `block (2 levels) in <class:Namespace>'  
workers-1  | /opt/.gem/gems/resque-2.0.0/lib/resque/data_store.rb:261:in `remove_heartbeat'  
workers-1  | /usr/local/ruby-2.7.0/lib/ruby/2.7.0/forwardable.rb:235:in `remove_heartbeat'  
workers-1  | /opt/.gem/gems/resque-2.0.0/lib/resque/worker.rb:475:in `remove_heartbeat'  
workers-1  | /opt/.gem/gems/resque-2.0.0/lib/resque/worker.rb:507:in `start_heartbeat'  
workers-1  | /opt/.gem/gems/resque-2.0.0/lib/resque/worker.rb:360:in `startup'  
workers-1  | /opt/.gem/gems/resque-2.0.0/lib/resque/worker.rb:233:in `work'  
workers-1  | /opt/.gem/gems/resque-2.0.0/lib/resque/tasks.rb:20:in `block (2 levels) in <top (required)>'  
workers-1  | /usr/local/ruby-2.7.0/lib/ruby/gems/2.7.0/gems/rake-13.0.1/lib/rake/task.rb:281:in `block in execute'  
workers-1  | /usr/local/ruby-2.7.0/lib/ruby/gems/2.7.0/gems/rake-13.0.1/lib/rake/task.rb:281:in `each'  
workers-1  | /usr/local/ruby-2.7.0/lib/ruby/gems/2.7.0/gems/rake-13.0.1/lib/rake/task.rb:281:in `execute'  
workers-1  | /usr/local/ruby-2.7.0/lib/ruby/gems/2.7.0/gems/rake-13.0.1/lib/rake/task.rb:219:in `block in invoke_with_call_chain'  
workers-1  | /usr/local/ruby-2.7.0/lib/ruby/gems/2.7.0/gems/rake-13.0.1/lib/rake/task.rb:199:in `synchronize'  
workers-1  | /usr/local/ruby-2.7.0/lib/ruby/gems/2.7.0/gems/rake-13.0.1/lib/rake/task.rb:199:in `invoke_with_call_chain'  
workers-1  | /usr/local/ruby-2.7.0/lib/ruby/gems/2.7.0/gems/rake-13.0.1/lib/rake/task.rb:188:in `invoke'  
workers-1  | /usr/local/ruby-2.7.0/lib/ruby/gems/2.7.0/gems/rake-13.0.1/lib/rake/application.rb:160:in `invoke_task'  
workers-1  | /usr/local/ruby-2.7.0/lib/ruby/gems/2.7.0/gems/rake-13.0.1/lib/rake/application.rb:116:in `block (2 levels) in top_level'  
workers-1  | /usr/local/ruby-2.7.0/lib/ruby/gems/2.7.0/gems/rake-13.0.1/lib/rake/application.rb:116:in `each'  
workers-1  | /usr/local/ruby-2.7.0/lib/ruby/gems/2.7.0/gems/rake-13.0.1/lib/rake/application.rb:116:in `block in top_level'  
workers-1  | /usr/local/ruby-2.7.0/lib/ruby/gems/2.7.0/gems/rake-13.0.1/lib/rake/application.rb:125:in `run_with_threads'  
workers-1  | /usr/local/ruby-2.7.0/lib/ruby/gems/2.7.0/gems/rake-13.0.1/lib/rake/application.rb:110:in `top_level'  
workers-1  | /usr/local/ruby-2.7.0/lib/ruby/gems/2.7.0/gems/rake-13.0.1/lib/rake/application.rb:83:in `block in run'  
workers-1  | /usr/local/ruby-2.7.0/lib/ruby/gems/2.7.0/gems/rake-13.0.1/lib/rake/application.rb:186:in `standard_exception_handling'  
workers-1  | /usr/local/ruby-2.7.0/lib/ruby/gems/2.7.0/gems/rake-13.0.1/lib/rake/application.rb:80:in `run'  
workers-1  | /usr/local/ruby-2.7.0/lib/ruby/gems/2.7.0/gems/rake-13.0.1/exe/rake:27:in `<top (required)>'  
workers-1  | /usr/local/ruby-2.7.0/bin/rake:23:in `load'  
workers-1  | /usr/local/ruby-2.7.0/bin/rake:23:in `<main>'
workers-1  | /opt/.gem/gems/redis-4.1.4/lib/redis/client.rb:126:in `call'
workers-1  | /opt/.gem/gems/redis-4.1.4/lib/redis.rb:915:in `block in get'
workers-1  | /opt/.gem/gems/redis-4.1.4/lib/redis.rb:51:in `block in synchronize'
workers-1  | /opt/.gem/gems/redis-4.1.4/lib/redis.rb:51:in `synchronize'
workers-1  | /opt/.gem/gems/redis-4.1.4/lib/redis.rb:914:in `get'
workers-1  | /opt/.gem/gems/redis-namespace-1.7.0/lib/redis/namespace.rb:469:in `call_with_namespace'
workers-1  | /opt/.gem/gems/redis-namespace-1.7.0/lib/redis/namespace.rb:349:in `block (2 levels) in <class:Namespace>'
workers-1  | /opt/.gem/gems/resque-2.0.0/lib/resque/data_store.rb:231:in `get_worker_payload'
workers-1  | /opt/.gem/gems/resque-2.0.0/lib/resque/worker.rb:752:in `job'
workers-1  | /opt/.gem/gems/resque-2.0.0/lib/resque/worker.rb:670:in `unregister_worker'
workers-1  | /opt/.gem/gems/resque-2.0.0/lib/resque/worker.rb:250:in `rescue in work'
workers-1  | /opt/.gem/gems/resque-2.0.0/lib/resque/worker.rb:231:in `work'
workers-1  | /opt/.gem/gems/resque-2.0.0/lib/resque/tasks.rb:20:in `block (2 levels) in <top (required)>'
workers-1  | 
workers-1  | Caused by:
workers-1  | Redis::CommandError: NOAUTH Authentication required.
workers-1  | /opt/.gem/gems/redis-4.1.4/lib/redis/client.rb:126:in `call'
workers-1  | /opt/.gem/gems/redis-4.1.4/lib/redis.rb:915:in `block in get'
workers-1  | /opt/.gem/gems/redis-4.1.4/lib/redis.rb:51:in `block in synchronize'
workers-1  | /opt/.gem/gems/redis-4.1.4/lib/redis.rb:51:in `synchronize'
workers-1  | /opt/.gem/gems/redis-4.1.4/lib/redis.rb:914:in `get'
workers-1  | /opt/.gem/gems/redis-namespace-1.7.0/lib/redis/namespace.rb:469:in `call_with_namespace'
workers-1  | /opt/.gem/gems/redis-namespace-1.7.0/lib/redis/namespace.rb:349:in `block (2 levels) in <class:Namespace>'
workers-1  | /opt/.gem/gems/resque-2.0.0/lib/resque/data_store.rb:231:in `get_worker_payload'
workers-1  | /opt/.gem/gems/resque-2.0.0/lib/resque/worker.rb:752:in `job'
workers-1  | /opt/.gem/gems/resque-2.0.0/lib/resque/worker.rb:670:in `unregister_worker'
workers-1  | /opt/.gem/gems/resque-2.0.0/lib/resque/worker.rb:250:in `rescue in work'
workers-1  | /opt/.gem/gems/resque-2.0.0/lib/resque/worker.rb:231:in `work'
workers-1  | /opt/.gem/gems/resque-2.0.0/lib/resque/tasks.rb:20:in `block (2 levels) in <top (required)>'
workers-1  | 
workers-1  | Caused by:
workers-1  | Redis::CommandError: NOAUTH Authentication required.
workers-1  | /opt/.gem/gems/redis-4.1.4/lib/redis/client.rb:126:in `call'
workers-1  | /opt/.gem/gems/redis-4.1.4/lib/redis.rb:2216:in `block in hdel'
workers-1  | /opt/.gem/gems/redis-4.1.4/lib/redis.rb:51:in `block in synchronize'
workers-1  | /opt/.gem/gems/redis-4.1.4/lib/redis.rb:51:in `synchronize'
workers-1  | /opt/.gem/gems/redis-4.1.4/lib/redis.rb:2215:in `hdel'
workers-1  | /opt/.gem/gems/redis-namespace-1.7.0/lib/redis/namespace.rb:469:in `call_with_namespace'
workers-1  | /opt/.gem/gems/redis-namespace-1.7.0/lib/redis/namespace.rb:349:in `block (2 levels) in <class:Namespace>'
workers-1  | /opt/.gem/gems/resque-2.0.0/lib/resque/data_store.rb:261:in `remove_heartbeat'
workers-1  | /opt/.gem/gems/resque-2.0.0/lib/resque/worker.rb:475:in `remove_heartbeat'
workers-1  | /opt/.gem/gems/resque-2.0.0/lib/resque/worker.rb:507:in `start_heartbeat'
workers-1  | /opt/.gem/gems/resque-2.0.0/lib/resque/worker.rb:360:in `startup'
workers-1  | /opt/.gem/gems/resque-2.0.0/lib/resque/worker.rb:233:in `work'
workers-1  | /opt/.gem/gems/resque-2.0.0/lib/resque/tasks.rb:20:in `block (2 levels) in <top (required)>'
workers-1  | Tasks: TOP => resque:work
workers-1  | (See full trace by running task with --trace)
workers-1  | rake aborted!
workers-1  | Redis::CommandError: NOAUTH Authentication required.
workers-1  | Original Exception (Redis::CommandError): NOAUTH Authentication required.
workers-1  |   /opt/.gem/gems/redis-4.1.4/lib/redis/client.rb:126:in `call'  
workers-1  | /opt/.gem/gems/redis-4.1.4/lib/redis.rb:2216:in `block in hdel'  
workers-1  | /opt/.gem/gems/redis-4.1.4/lib/redis.rb:51:in `block in synchronize'  
workers-1  | /usr/local/ruby-2.7.0/lib/ruby/2.7.0/monitor.rb:202:in `synchronize'  
workers-1  | /usr/local/ruby-2.7.0/lib/ruby/2.7.0/monitor.rb:202:in `mon_synchronize'  
workers-1  | /opt/.gem/gems/redis-4.1.4/lib/redis.rb:51:in `synchronize'  
workers-1  | /opt/.gem/gems/redis-4.1.4/lib/redis.rb:2215:in `hdel'  
workers-1  | /opt/.gem/gems/redis-namespace-1.7.0/lib/redis/namespace.rb:469:in `call_with_namespace'  
workers-1  | /opt/.gem/gems/redis-namespace-1.7.0/lib/redis/namespace.rb:349:in `block (2 levels) in <class:Namespace>'  
workers-1  | /opt/.gem/gems/resque-2.0.0/lib/resque/data_store.rb:261:in `remove_heartbeat'  
workers-1  | /usr/local/ruby-2.7.0/lib/ruby/2.7.0/forwardable.rb:235:in `remove_heartbeat'  
workers-1  | /opt/.gem/gems/resque-2.0.0/lib/resque/worker.rb:475:in `remove_heartbeat'  
workers-1  | /opt/.gem/gems/resque-2.0.0/lib/resque/worker.rb:507:in `start_heartbeat'  
workers-1  | /opt/.gem/gems/resque-2.0.0/lib/resque/worker.rb:360:in `startup'  
workers-1  | /opt/.gem/gems/resque-2.0.0/lib/resque/worker.rb:233:in `work'  
workers-1  | /opt/.gem/gems/resque-2.0.0/lib/resque/tasks.rb:20:in `block (2 levels) in <top (required)>'  
workers-1  | /usr/local/ruby-2.7.0/lib/ruby/gems/2.7.0/gems/rake-13.0.1/lib/rake/task.rb:281:in `block in execute'  
workers-1  | /usr/local/ruby-2.7.0/lib/ruby/gems/2.7.0/gems/rake-13.0.1/lib/rake/task.rb:281:in `each'  
workers-1  | /usr/local/ruby-2.7.0/lib/ruby/gems/2.7.0/gems/rake-13.0.1/lib/rake/task.rb:281:in `execute'  
workers-1  | /usr/local/ruby-2.7.0/lib/ruby/gems/2.7.0/gems/rake-13.0.1/lib/rake/task.rb:219:in `block in invoke_with_call_chain'  
workers-1  | /usr/local/ruby-2.7.0/lib/ruby/gems/2.7.0/gems/rake-13.0.1/lib/rake/task.rb:199:in `synchronize'  
workers-1  | /usr/local/ruby-2.7.0/lib/ruby/gems/2.7.0/gems/rake-13.0.1/lib/rake/task.rb:199:in `invoke_with_call_chain'  
workers-1  | /usr/local/ruby-2.7.0/lib/ruby/gems/2.7.0/gems/rake-13.0.1/lib/rake/task.rb:188:in `invoke'  
workers-1  | /usr/local/ruby-2.7.0/lib/ruby/gems/2.7.0/gems/rake-13.0.1/lib/rake/application.rb:160:in `invoke_task'  
workers-1  | /usr/local/ruby-2.7.0/lib/ruby/gems/2.7.0/gems/rake-13.0.1/lib/rake/application.rb:116:in `block (2 levels) in top_level'  
workers-1  | /usr/local/ruby-2.7.0/lib/ruby/gems/2.7.0/gems/rake-13.0.1/lib/rake/application.rb:116:in `each'  
workers-1  | /usr/local/ruby-2.7.0/lib/ruby/gems/2.7.0/gems/rake-13.0.1/lib/rake/application.rb:116:in `block in top_level'  
workers-1  | /usr/local/ruby-2.7.0/lib/ruby/gems/2.7.0/gems/rake-13.0.1/lib/rake/application.rb:125:in `run_with_threads'  
workers-1  | /usr/local/ruby-2.7.0/lib/ruby/gems/2.7.0/gems/rake-13.0.1/lib/rake/application.rb:110:in `top_level'  
workers-1  | /usr/local/ruby-2.7.0/lib/ruby/gems/2.7.0/gems/rake-13.0.1/lib/rake/application.rb:83:in `block in run'  
workers-1  | /usr/local/ruby-2.7.0/lib/ruby/gems/2.7.0/gems/rake-13.0.1/lib/rake/application.rb:186:in `standard_exception_handling'  
workers-1  | /usr/local/ruby-2.7.0/lib/ruby/gems/2.7.0/gems/rake-13.0.1/lib/rake/application.rb:80:in `run'  
workers-1  | /usr/local/ruby-2.7.0/lib/ruby/gems/2.7.0/gems/rake-13.0.1/exe/rake:27:in `<top (required)>'  
workers-1  | /usr/local/ruby-2.7.0/bin/rake:23:in `load'  
workers-1  | /usr/local/ruby-2.7.0/bin/rake:23:in `<main>'
workers-1  | /opt/.gem/gems/redis-4.1.4/lib/redis/client.rb:126:in `call'
workers-1  | /opt/.gem/gems/redis-4.1.4/lib/redis.rb:915:in `block in get'
workers-1  | /opt/.gem/gems/redis-4.1.4/lib/redis.rb:51:in `block in synchronize'
workers-1  | /opt/.gem/gems/redis-4.1.4/lib/redis.rb:51:in `synchronize'
workers-1  | /opt/.gem/gems/redis-4.1.4/lib/redis.rb:914:in `get'
workers-1  | /opt/.gem/gems/redis-namespace-1.7.0/lib/redis/namespace.rb:469:in `call_with_namespace'
workers-1  | /opt/.gem/gems/redis-namespace-1.7.0/lib/redis/namespace.rb:349:in `block (2 levels) in <class:Namespace>'
workers-1  | /opt/.gem/gems/resque-2.0.0/lib/resque/data_store.rb:231:in `get_worker_payload'
workers-1  | /opt/.gem/gems/resque-2.0.0/lib/resque/worker.rb:752:in `job'
workers-1  | /opt/.gem/gems/resque-2.0.0/lib/resque/worker.rb:670:in `unregister_worker'
workers-1  | /opt/.gem/gems/resque-2.0.0/lib/resque/worker.rb:250:in `rescue in work'
workers-1  | /opt/.gem/gems/resque-2.0.0/lib/resque/worker.rb:231:in `work'
workers-1  | /opt/.gem/gems/resque-2.0.0/lib/resque/tasks.rb:20:in `block (2 levels) in <top (required)>'
workers-1  | 
workers-1  | Caused by:
workers-1  | Redis::CommandError: NOAUTH Authentication required.
workers-1  | /opt/.gem/gems/redis-4.1.4/lib/redis/client.rb:126:in `call'
workers-1  | /opt/.gem/gems/redis-4.1.4/lib/redis.rb:915:in `block in get'
workers-1  | /opt/.gem/gems/redis-4.1.4/lib/redis.rb:51:in `block in synchronize'
workers-1  | /opt/.gem/gems/redis-4.1.4/lib/redis.rb:51:in `synchronize'
workers-1  | /opt/.gem/gems/redis-4.1.4/lib/redis.rb:914:in `get'
workers-1  | /opt/.gem/gems/redis-namespace-1.7.0/lib/redis/namespace.rb:469:in `call_with_namespace'
workers-1  | /opt/.gem/gems/redis-namespace-1.7.0/lib/redis/namespace.rb:349:in `block (2 levels) in <class:Namespace>'
workers-1  | /opt/.gem/gems/resque-2.0.0/lib/resque/data_store.rb:231:in `get_worker_payload'
workers-1  | /opt/.gem/gems/resque-2.0.0/lib/resque/worker.rb:752:in `job'
workers-1  | /opt/.gem/gems/resque-2.0.0/lib/resque/worker.rb:670:in `unregister_worker'
workers-1  | /opt/.gem/gems/resque-2.0.0/lib/resque/worker.rb:250:in `rescue in work'
workers-1  | /opt/.gem/gems/resque-2.0.0/lib/resque/worker.rb:231:in `work'
workers-1  | /opt/.gem/gems/resque-2.0.0/lib/resque/tasks.rb:20:in `block (2 levels) in <top (required)>'
workers-1  | 
workers-1  | Caused by:
workers-1  | Redis::CommandError: NOAUTH Authentication required.
workers-1  | /opt/.gem/gems/redis-4.1.4/lib/redis/client.rb:126:in `call'
workers-1  | /opt/.gem/gems/redis-4.1.4/lib/redis.rb:2216:in `block in hdel'
workers-1  | /opt/.gem/gems/redis-4.1.4/lib/redis.rb:51:in `block in synchronize'
workers-1  | /opt/.gem/gems/redis-4.1.4/lib/redis.rb:51:in `synchronize'
workers-1  | /opt/.gem/gems/redis-4.1.4/lib/redis.rb:2215:in `hdel'
workers-1  | /opt/.gem/gems/redis-namespace-1.7.0/lib/redis/namespace.rb:469:in `call_with_namespace'
workers-1  | /opt/.gem/gems/redis-namespace-1.7.0/lib/redis/namespace.rb:349:in `block (2 levels) in <class:Namespace>'
workers-1  | /opt/.gem/gems/resque-2.0.0/lib/resque/data_store.rb:261:in `remove_heartbeat'
workers-1  | /opt/.gem/gems/resque-2.0.0/lib/resque/worker.rb:475:in `remove_heartbeat'
workers-1  | /opt/.gem/gems/resque-2.0.0/lib/resque/worker.rb:507:in `start_heartbeat'
workers-1  | /opt/.gem/gems/resque-2.0.0/lib/resque/worker.rb:360:in `startup'
workers-1  | /opt/.gem/gems/resque-2.0.0/lib/resque/worker.rb:233:in `work'
workers-1  | /opt/.gem/gems/resque-2.0.0/lib/resque/tasks.rb:20:in `block (2 levels) in <top (required)>'
workers-1  | Tasks: TOP => resque:work
workers-1  | (See full trace by running task with --trace)
workers-1  | rake aborted!
workers-1  | Redis::CommandError: NOAUTH Authentication required.
workers-1  | Original Exception (Redis::CommandError): NOAUTH Authentication required.
workers-1  |   /opt/.gem/gems/redis-4.1.4/lib/redis/client.rb:126:in `call'  
workers-1  | /opt/.gem/gems/redis-4.1.4/lib/redis.rb:2216:in `block in hdel'  
workers-1  | /opt/.gem/gems/redis-4.1.4/lib/redis.rb:51:in `block in synchronize'  
workers-1  | /usr/local/ruby-2.7.0/lib/ruby/2.7.0/monitor.rb:202:in `synchronize'  
workers-1  | /usr/local/ruby-2.7.0/lib/ruby/2.7.0/monitor.rb:202:in `mon_synchronize'  
workers-1  | /opt/.gem/gems/redis-4.1.4/lib/redis.rb:51:in `synchronize'  
workers-1  | /opt/.gem/gems/redis-4.1.4/lib/redis.rb:2215:in `hdel'  
workers-1  | /opt/.gem/gems/redis-namespace-1.7.0/lib/redis/namespace.rb:469:in `call_with_namespace'  
workers-1  | /opt/.gem/gems/redis-namespace-1.7.0/lib/redis/namespace.rb:349:in `block (2 levels) in <class:Namespace>'  
workers-1  | /opt/.gem/gems/resque-2.0.0/lib/resque/data_store.rb:261:in `remove_heartbeat'  
workers-1  | /usr/local/ruby-2.7.0/lib/ruby/2.7.0/forwardable.rb:235:in `remove_heartbeat'  
workers-1  | /opt/.gem/gems/resque-2.0.0/lib/resque/worker.rb:475:in `remove_heartbeat'  
workers-1  | /opt/.gem/gems/resque-2.0.0/lib/resque/worker.rb:507:in `start_heartbeat'  
workers-1  | /opt/.gem/gems/resque-2.0.0/lib/resque/worker.rb:360:in `startup'  
workers-1  | /opt/.gem/gems/resque-2.0.0/lib/resque/worker.rb:233:in `work'  
workers-1  | /opt/.gem/gems/resque-2.0.0/lib/resque/tasks.rb:20:in `block (2 levels) in <top (required)>'  
workers-1  | /usr/local/ruby-2.7.0/lib/ruby/gems/2.7.0/gems/rake-13.0.1/lib/rake/task.rb:281:in `block in execute'  
workers-1  | /usr/local/ruby-2.7.0/lib/ruby/gems/2.7.0/gems/rake-13.0.1/lib/rake/task.rb:281:in `each'  
workers-1  | /usr/local/ruby-2.7.0/lib/ruby/gems/2.7.0/gems/rake-13.0.1/lib/rake/task.rb:281:in `execute'  
workers-1  | /usr/local/ruby-2.7.0/lib/ruby/gems/2.7.0/gems/rake-13.0.1/lib/rake/task.rb:219:in `block in invoke_with_call_chain'  
workers-1  | /usr/local/ruby-2.7.0/lib/ruby/gems/2.7.0/gems/rake-13.0.1/lib/rake/task.rb:199:in `synchronize'  
workers-1  | /usr/local/ruby-2.7.0/lib/ruby/gems/2.7.0/gems/rake-13.0.1/lib/rake/task.rb:199:in `invoke_with_call_chain'  
workers-1  | /usr/local/ruby-2.7.0/lib/ruby/gems/2.7.0/gems/rake-13.0.1/lib/rake/task.rb:188:in `invoke'  
workers-1  | /usr/local/ruby-2.7.0/lib/ruby/gems/2.7.0/gems/rake-13.0.1/lib/rake/application.rb:160:in `invoke_task'  
workers-1  | /usr/local/ruby-2.7.0/lib/ruby/gems/2.7.0/gems/rake-13.0.1/lib/rake/application.rb:116:in `block (2 levels) in top_level'  
workers-1  | /usr/local/ruby-2.7.0/lib/ruby/gems/2.7.0/gems/rake-13.0.1/lib/rake/application.rb:116:in `each'  
workers-1  | /usr/local/ruby-2.7.0/lib/ruby/gems/2.7.0/gems/rake-13.0.1/lib/rake/application.rb:116:in `block in top_level'  
workers-1  | /usr/local/ruby-2.7.0/lib/ruby/gems/2.7.0/gems/rake-13.0.1/lib/rake/application.rb:125:in `run_with_threads'  
workers-1  | /usr/local/ruby-2.7.0/lib/ruby/gems/2.7.0/gems/rake-13.0.1/lib/rake/application.rb:110:in `top_level'  
workers-1  | /usr/local/ruby-2.7.0/lib/ruby/gems/2.7.0/gems/rake-13.0.1/lib/rake/application.rb:83:in `block in run'  
workers-1  | /usr/local/ruby-2.7.0/lib/ruby/gems/2.7.0/gems/rake-13.0.1/lib/rake/application.rb:186:in `standard_exception_handling'  
workers-1  | /usr/local/ruby-2.7.0/lib/ruby/gems/2.7.0/gems/rake-13.0.1/lib/rake/application.rb:80:in `run'  
workers-1  | /usr/local/ruby-2.7.0/lib/ruby/gems/2.7.0/gems/rake-13.0.1/exe/rake:27:in `<top (required)>'  
workers-1  | /usr/local/ruby-2.7.0/bin/rake:23:in `load'  
workers-1  | /usr/local/ruby-2.7.0/bin/rake:23:in `<main>'
workers-1  | /opt/.gem/gems/redis-4.1.4/lib/redis/client.rb:126:in `call'
workers-1  | /opt/.gem/gems/redis-4.1.4/lib/redis.rb:915:in `block in get'
workers-1  | /opt/.gem/gems/redis-4.1.4/lib/redis.rb:51:in `block in synchronize'
workers-1  | /opt/.gem/gems/redis-4.1.4/lib/redis.rb:51:in `synchronize'
workers-1  | /opt/.gem/gems/redis-4.1.4/lib/redis.rb:914:in `get'
workers-1  | /opt/.gem/gems/redis-namespace-1.7.0/lib/redis/namespace.rb:469:in `call_with_namespace'
workers-1  | /opt/.gem/gems/redis-namespace-1.7.0/lib/redis/namespace.rb:349:in `block (2 levels) in <class:Namespace>'
workers-1  | /opt/.gem/gems/resque-2.0.0/lib/resque/data_store.rb:231:in `get_worker_payload'
workers-1  | /opt/.gem/gems/resque-2.0.0/lib/resque/worker.rb:752:in `job'
workers-1  | /opt/.gem/gems/resque-2.0.0/lib/resque/worker.rb:670:in `unregister_worker'
workers-1  | /opt/.gem/gems/resque-2.0.0/lib/resque/worker.rb:250:in `rescue in work'
workers-1  | /opt/.gem/gems/resque-2.0.0/lib/resque/worker.rb:231:in `work'
workers-1  | /opt/.gem/gems/resque-2.0.0/lib/resque/tasks.rb:20:in `block (2 levels) in <top (required)>'
workers-1  | 
workers-1  | Caused by:
workers-1  | Redis::CommandError: NOAUTH Authentication required.
workers-1  | /opt/.gem/gems/redis-4.1.4/lib/redis/client.rb:126:in `call'
workers-1  | /opt/.gem/gems/redis-4.1.4/lib/redis.rb:915:in `block in get'
workers-1  | /opt/.gem/gems/redis-4.1.4/lib/redis.rb:51:in `block in synchronize'
workers-1  | /opt/.gem/gems/redis-4.1.4/lib/redis.rb:51:in `synchronize'
workers-1  | /opt/.gem/gems/redis-4.1.4/lib/redis.rb:914:in `get'
workers-1  | /opt/.gem/gems/redis-namespace-1.7.0/lib/redis/namespace.rb:469:in `call_with_namespace'
workers-1  | /opt/.gem/gems/redis-namespace-1.7.0/lib/redis/namespace.rb:349:in `block (2 levels) in <class:Namespace>'
workers-1  | /opt/.gem/gems/resque-2.0.0/lib/resque/data_store.rb:231:in `get_worker_payload'
workers-1  | /opt/.gem/gems/resque-2.0.0/lib/resque/worker.rb:752:in `job'
workers-1  | /opt/.gem/gems/resque-2.0.0/lib/resque/worker.rb:670:in `unregister_worker'
workers-1  | /opt/.gem/gems/resque-2.0.0/lib/resque/worker.rb:250:in `rescue in work'
workers-1  | /opt/.gem/gems/resque-2.0.0/lib/resque/worker.rb:231:in `work'
workers-1  | /opt/.gem/gems/resque-2.0.0/lib/resque/tasks.rb:20:in `block (2 levels) in <top (required)>'
workers-1  | 
workers-1  | Caused by:
workers-1  | Redis::CommandError: NOAUTH Authentication required.
workers-1  | /opt/.gem/gems/redis-4.1.4/lib/redis/client.rb:126:in `call'
workers-1  | /opt/.gem/gems/redis-4.1.4/lib/redis.rb:2216:in `block in hdel'
workers-1  | /opt/.gem/gems/redis-4.1.4/lib/redis.rb:51:in `block in synchronize'
workers-1  | /opt/.gem/gems/redis-4.1.4/lib/redis.rb:51:in `synchronize'
workers-1  | /opt/.gem/gems/redis-4.1.4/lib/redis.rb:2215:in `hdel'
workers-1  | /opt/.gem/gems/redis-namespace-1.7.0/lib/redis/namespace.rb:469:in `call_with_namespace'
workers-1  | /opt/.gem/gems/redis-namespace-1.7.0/lib/redis/namespace.rb:349:in `block (2 levels) in <class:Namespace>'
workers-1  | /opt/.gem/gems/resque-2.0.0/lib/resque/data_store.rb:261:in `remove_heartbeat'
workers-1  | /opt/.gem/gems/resque-2.0.0/lib/resque/worker.rb:475:in `remove_heartbeat'
workers-1  | /opt/.gem/gems/resque-2.0.0/lib/resque/worker.rb:507:in `start_heartbeat'
workers-1  | /opt/.gem/gems/resque-2.0.0/lib/resque/worker.rb:360:in `startup'
workers-1  | /opt/.gem/gems/resque-2.0.0/lib/resque/worker.rb:233:in `work'
workers-1  | /opt/.gem/gems/resque-2.0.0/lib/resque/tasks.rb:20:in `block (2 levels) in <top (required)>'
workers-1  | Tasks: TOP => resque:work
workers-1  | (See full trace by running task with --trace)
workers-1  | rake aborted!
workers-1  | Redis::CommandError: NOAUTH Authentication required.
workers-1  | Original Exception (Redis::CommandError): NOAUTH Authentication required.
workers-1  |   /opt/.gem/gems/redis-4.1.4/lib/redis/client.rb:126:in `call'  
workers-1  | /opt/.gem/gems/redis-4.1.4/lib/redis.rb:2216:in `block in hdel'  
workers-1  | /opt/.gem/gems/redis-4.1.4/lib/redis.rb:51:in `block in synchronize'  
workers-1  | /usr/local/ruby-2.7.0/lib/ruby/2.7.0/monitor.rb:202:in `synchronize'  
workers-1  | /usr/local/ruby-2.7.0/lib/ruby/2.7.0/monitor.rb:202:in `mon_synchronize'  
workers-1  | /opt/.gem/gems/redis-4.1.4/lib/redis.rb:51:in `synchronize'  
workers-1  | /opt/.gem/gems/redis-4.1.4/lib/redis.rb:2215:in `hdel'  
workers-1  | /opt/.gem/gems/redis-namespace-1.7.0/lib/redis/namespace.rb:469:in `call_with_namespace'  
workers-1  | /opt/.gem/gems/redis-namespace-1.7.0/lib/redis/namespace.rb:349:in `block (2 levels) in <class:Namespace>'  
workers-1  | /opt/.gem/gems/resque-2.0.0/lib/resque/data_store.rb:261:in `remove_heartbeat'  
workers-1  | /usr/local/ruby-2.7.0/lib/ruby/2.7.0/forwardable.rb:235:in `remove_heartbeat'  
workers-1  | /opt/.gem/gems/resque-2.0.0/lib/resque/worker.rb:475:in `remove_heartbeat'  
workers-1  | /opt/.gem/gems/resque-2.0.0/lib/resque/worker.rb:507:in `start_heartbeat'  
workers-1  | /opt/.gem/gems/resque-2.0.0/lib/resque/worker.rb:360:in `startup'  
workers-1  | /opt/.gem/gems/resque-2.0.0/lib/resque/worker.rb:233:in `work'  
workers-1  | /opt/.gem/gems/resque-2.0.0/lib/resque/tasks.rb:20:in `block (2 levels) in <top (required)>'  
workers-1  | /usr/local/ruby-2.7.0/lib/ruby/gems/2.7.0/gems/rake-13.0.1/lib/rake/task.rb:281:in `block in execute'  
workers-1  | /usr/local/ruby-2.7.0/lib/ruby/gems/2.7.0/gems/rake-13.0.1/lib/rake/task.rb:281:in `each'  
workers-1  | /usr/local/ruby-2.7.0/lib/ruby/gems/2.7.0/gems/rake-13.0.1/lib/rake/task.rb:281:in `execute'  
workers-1  | /usr/local/ruby-2.7.0/lib/ruby/gems/2.7.0/gems/rake-13.0.1/lib/rake/task.rb:219:in `block in invoke_with_call_chain'  
workers-1  | /usr/local/ruby-2.7.0/lib/ruby/gems/2.7.0/gems/rake-13.0.1/lib/rake/task.rb:199:in `synchronize'  
workers-1  | /usr/local/ruby-2.7.0/lib/ruby/gems/2.7.0/gems/rake-13.0.1/lib/rake/task.rb:199:in `invoke_with_call_chain'  
workers-1  | /usr/local/ruby-2.7.0/lib/ruby/gems/2.7.0/gems/rake-13.0.1/lib/rake/task.rb:188:in `invoke'  
workers-1  | /usr/local/ruby-2.7.0/lib/ruby/gems/2.7.0/gems/rake-13.0.1/lib/rake/application.rb:160:in `invoke_task'  
workers-1  | /usr/local/ruby-2.7.0/lib/ruby/gems/2.7.0/gems/rake-13.0.1/lib/rake/application.rb:116:in `block (2 levels) in top_level'  
workers-1  | /usr/local/ruby-2.7.0/lib/ruby/gems/2.7.0/gems/rake-13.0.1/lib/rake/application.rb:116:in `each'  
workers-1  | /usr/local/ruby-2.7.0/lib/ruby/gems/2.7.0/gems/rake-13.0.1/lib/rake/application.rb:116:in `block in top_level'  
workers-1  | /usr/local/ruby-2.7.0/lib/ruby/gems/2.7.0/gems/rake-13.0.1/lib/rake/application.rb:125:in `run_with_threads'  
workers-1  | /usr/local/ruby-2.7.0/lib/ruby/gems/2.7.0/gems/rake-13.0.1/lib/rake/application.rb:110:in `top_level'  
workers-1  | /usr/local/ruby-2.7.0/lib/ruby/gems/2.7.0/gems/rake-13.0.1/lib/rake/application.rb:83:in `block in run'  
workers-1  | /usr/local/ruby-2.7.0/lib/ruby/gems/2.7.0/gems/rake-13.0.1/lib/rake/application.rb:186:in `standard_exception_handling'  
workers-1  | /usr/local/ruby-2.7.0/lib/ruby/gems/2.7.0/gems/rake-13.0.1/lib/rake/application.rb:80:in `run'  
workers-1  | /usr/local/ruby-2.7.0/lib/ruby/gems/2.7.0/gems/rake-13.0.1/exe/rake:27:in `<top (required)>'  
workers-1  | /usr/local/ruby-2.7.0/bin/rake:23:in `load'  
workers-1  | /usr/local/ruby-2.7.0/bin/rake:23:in `<main>'
workers-1  | /opt/.gem/gems/redis-4.1.4/lib/redis/client.rb:126:in `call'
workers-1  | /opt/.gem/gems/redis-4.1.4/lib/redis.rb:915:in `block in get'
workers-1  | /opt/.gem/gems/redis-4.1.4/lib/redis.rb:51:in `block in synchronize'
workers-1  | /opt/.gem/gems/redis-4.1.4/lib/redis.rb:51:in `synchronize'
workers-1  | /opt/.gem/gems/redis-4.1.4/lib/redis.rb:914:in `get'
workers-1  | /opt/.gem/gems/redis-namespace-1.7.0/lib/redis/namespace.rb:469:in `call_with_namespace'
workers-1  | /opt/.gem/gems/redis-namespace-1.7.0/lib/redis/namespace.rb:349:in `block (2 levels) in <class:Namespace>'
workers-1  | /opt/.gem/gems/resque-2.0.0/lib/resque/data_store.rb:231:in `get_worker_payload'
workers-1  | /opt/.gem/gems/resque-2.0.0/lib/resque/worker.rb:752:in `job'
workers-1  | /opt/.gem/gems/resque-2.0.0/lib/resque/worker.rb:670:in `unregister_worker'
workers-1  | /opt/.gem/gems/resque-2.0.0/lib/resque/worker.rb:250:in `rescue in work'
workers-1  | /opt/.gem/gems/resque-2.0.0/lib/resque/worker.rb:231:in `work'
workers-1  | /opt/.gem/gems/resque-2.0.0/lib/resque/tasks.rb:20:in `block (2 levels) in <top (required)>'
workers-1  | 
workers-1  | Caused by:
workers-1  | Redis::CommandError: NOAUTH Authentication required.
workers-1  | /opt/.gem/gems/redis-4.1.4/lib/redis/client.rb:126:in `call'
workers-1  | /opt/.gem/gems/redis-4.1.4/lib/redis.rb:915:in `block in get'
workers-1  | /opt/.gem/gems/redis-4.1.4/lib/redis.rb:51:in `block in synchronize'
workers-1  | /opt/.gem/gems/redis-4.1.4/lib/redis.rb:51:in `synchronize'
workers-1  | /opt/.gem/gems/redis-4.1.4/lib/redis.rb:914:in `get'
workers-1  | /opt/.gem/gems/redis-namespace-1.7.0/lib/redis/namespace.rb:469:in `call_with_namespace'
workers-1  | /opt/.gem/gems/redis-namespace-1.7.0/lib/redis/namespace.rb:349:in `block (2 levels) in <class:Namespace>'
workers-1  | /opt/.gem/gems/resque-2.0.0/lib/resque/data_store.rb:231:in `get_worker_payload'
workers-1  | /opt/.gem/gems/resque-2.0.0/lib/resque/worker.rb:752:in `job'
workers-1  | /opt/.gem/gems/resque-2.0.0/lib/resque/worker.rb:670:in `unregister_worker'
workers-1  | /opt/.gem/gems/resque-2.0.0/lib/resque/worker.rb:250:in `rescue in work'
workers-1  | /opt/.gem/gems/resque-2.0.0/lib/resque/worker.rb:231:in `work'
workers-1  | /opt/.gem/gems/resque-2.0.0/lib/resque/tasks.rb:20:in `block (2 levels) in <top (required)>'
workers-1  | 
workers-1  | Caused by:
workers-1  | Redis::CommandError: NOAUTH Authentication required.
workers-1  | /opt/.gem/gems/redis-4.1.4/lib/redis/client.rb:126:in `call'
workers-1  | /opt/.gem/gems/redis-4.1.4/lib/redis.rb:2216:in `block in hdel'
workers-1  | /opt/.gem/gems/redis-4.1.4/lib/redis.rb:51:in `block in synchronize'
workers-1  | /opt/.gem/gems/redis-4.1.4/lib/redis.rb:51:in `synchronize'
workers-1  | /opt/.gem/gems/redis-4.1.4/lib/redis.rb:2215:in `hdel'
workers-1  | /opt/.gem/gems/redis-namespace-1.7.0/lib/redis/namespace.rb:469:in `call_with_namespace'
workers-1  | /opt/.gem/gems/redis-namespace-1.7.0/lib/redis/namespace.rb:349:in `block (2 levels) in <class:Namespace>'
workers-1  | /opt/.gem/gems/resque-2.0.0/lib/resque/data_store.rb:261:in `remove_heartbeat'
workers-1  | /opt/.gem/gems/resque-2.0.0/lib/resque/worker.rb:475:in `remove_heartbeat'
workers-1  | /opt/.gem/gems/resque-2.0.0/lib/resque/worker.rb:507:in `start_heartbeat'
workers-1  | /opt/.gem/gems/resque-2.0.0/lib/resque/worker.rb:360:in `startup'
workers-1  | /opt/.gem/gems/resque-2.0.0/lib/resque/worker.rb:233:in `work'
workers-1  | /opt/.gem/gems/resque-2.0.0/lib/resque/tasks.rb:20:in `block (2 levels) in <top (required)>'
workers-1  | Tasks: TOP => resque:work
workers-1  | (See full trace by running task with --trace)
workers-1  | rake aborted!
workers-1  | Redis::CommandError: NOAUTH Authentication required.
workers-1  | Original Exception (Redis::CommandError): NOAUTH Authentication required.
workers-1  |   /opt/.gem/gems/redis-4.1.4/lib/redis/client.rb:126:in `call'  
workers-1  | /opt/.gem/gems/redis-4.1.4/lib/redis.rb:2216:in `block in hdel'  
workers-1  | /opt/.gem/gems/redis-4.1.4/lib/redis.rb:51:in `block in synchronize'  
workers-1  | /usr/local/ruby-2.7.0/lib/ruby/2.7.0/monitor.rb:202:in `synchronize'  
workers-1  | /usr/local/ruby-2.7.0/lib/ruby/2.7.0/monitor.rb:202:in `mon_synchronize'  
workers-1  | /opt/.gem/gems/redis-4.1.4/lib/redis.rb:51:in `synchronize'  
workers-1  | /opt/.gem/gems/redis-4.1.4/lib/redis.rb:2215:in `hdel'  
workers-1  | /opt/.gem/gems/redis-namespace-1.7.0/lib/redis/namespace.rb:469:in `call_with_namespace'  
workers-1  | /opt/.gem/gems/redis-namespace-1.7.0/lib/redis/namespace.rb:349:in `block (2 levels) in <class:Namespace>'  
workers-1  | /opt/.gem/gems/resque-2.0.0/lib/resque/data_store.rb:261:in `remove_heartbeat'  
workers-1  | /usr/local/ruby-2.7.0/lib/ruby/2.7.0/forwardable.rb:235:in `remove_heartbeat'  
workers-1  | /opt/.gem/gems/resque-2.0.0/lib/resque/worker.rb:475:in `remove_heartbeat'  
workers-1  | /opt/.gem/gems/resque-2.0.0/lib/resque/worker.rb:507:in `start_heartbeat'  
workers-1  | /opt/.gem/gems/resque-2.0.0/lib/resque/worker.rb:360:in `startup'  
workers-1  | /opt/.gem/gems/resque-2.0.0/lib/resque/worker.rb:233:in `work'  
workers-1  | /opt/.gem/gems/resque-2.0.0/lib/resque/tasks.rb:20:in `block (2 levels) in <top (required)>'  
workers-1  | /usr/local/ruby-2.7.0/lib/ruby/gems/2.7.0/gems/rake-13.0.1/lib/rake/task.rb:281:in `block in execute'  
workers-1  | /usr/local/ruby-2.7.0/lib/ruby/gems/2.7.0/gems/rake-13.0.1/lib/rake/task.rb:281:in `each'  
workers-1  | /usr/local/ruby-2.7.0/lib/ruby/gems/2.7.0/gems/rake-13.0.1/lib/rake/task.rb:281:in `execute'  
workers-1  | /usr/local/ruby-2.7.0/lib/ruby/gems/2.7.0/gems/rake-13.0.1/lib/rake/task.rb:219:in `block in invoke_with_call_chain'  
workers-1  | /usr/local/ruby-2.7.0/lib/ruby/gems/2.7.0/gems/rake-13.0.1/lib/rake/task.rb:199:in `synchronize'  
workers-1  | /usr/local/ruby-2.7.0/lib/ruby/gems/2.7.0/gems/rake-13.0.1/lib/rake/task.rb:199:in `invoke_with_call_chain'  
workers-1  | /usr/local/ruby-2.7.0/lib/ruby/gems/2.7.0/gems/rake-13.0.1/lib/rake/task.rb:188:in `invoke'  
workers-1  | /usr/local/ruby-2.7.0/lib/ruby/gems/2.7.0/gems/rake-13.0.1/lib/rake/application.rb:160:in `invoke_task'  
workers-1  | /usr/local/ruby-2.7.0/lib/ruby/gems/2.7.0/gems/rake-13.0.1/lib/rake/application.rb:116:in `block (2 levels) in top_level'  
workers-1  | /usr/local/ruby-2.7.0/lib/ruby/gems/2.7.0/gems/rake-13.0.1/lib/rake/application.rb:116:in `each'  
workers-1  | /usr/local/ruby-2.7.0/lib/ruby/gems/2.7.0/gems/rake-13.0.1/lib/rake/application.rb:116:in `block in top_level'  
workers-1  | /usr/local/ruby-2.7.0/lib/ruby/gems/2.7.0/gems/rake-13.0.1/lib/rake/application.rb:125:in `run_with_threads'  
workers-1  | /usr/local/ruby-2.7.0/lib/ruby/gems/2.7.0/gems/rake-13.0.1/lib/rake/application.rb:110:in `top_level'  
workers-1  | /usr/local/ruby-2.7.0/lib/ruby/gems/2.7.0/gems/rake-13.0.1/lib/rake/application.rb:83:in `block in run'  
workers-1  | /usr/local/ruby-2.7.0/lib/ruby/gems/2.7.0/gems/rake-13.0.1/lib/rake/application.rb:186:in `standard_exception_handling'  
workers-1  | /usr/local/ruby-2.7.0/lib/ruby/gems/2.7.0/gems/rake-13.0.1/lib/rake/application.rb:80:in `run'  
workers-1  | /usr/local/ruby-2.7.0/lib/ruby/gems/2.7.0/gems/rake-13.0.1/exe/rake:27:in `<top (required)>'  
workers-1  | /usr/local/ruby-2.7.0/bin/rake:23:in `load'  
workers-1  | /usr/local/ruby-2.7.0/bin/rake:23:in `<main>'
workers-1  | /opt/.gem/gems/redis-4.1.4/lib/redis/client.rb:126:in `call'
workers-1  | /opt/.gem/gems/redis-4.1.4/lib/redis.rb:915:in `block in get'
workers-1  | /opt/.gem/gems/redis-4.1.4/lib/redis.rb:51:in `block in synchronize'
workers-1  | /opt/.gem/gems/redis-4.1.4/lib/redis.rb:51:in `synchronize'
workers-1  | /opt/.gem/gems/redis-4.1.4/lib/redis.rb:914:in `get'
workers-1  | /opt/.gem/gems/redis-namespace-1.7.0/lib/redis/namespace.rb:469:in `call_with_namespace'
workers-1  | /opt/.gem/gems/redis-namespace-1.7.0/lib/redis/namespace.rb:349:in `block (2 levels) in <class:Namespace>'
workers-1  | /opt/.gem/gems/resque-2.0.0/lib/resque/data_store.rb:231:in `get_worker_payload'
workers-1  | /opt/.gem/gems/resque-2.0.0/lib/resque/worker.rb:752:in `job'
workers-1  | /opt/.gem/gems/resque-2.0.0/lib/resque/worker.rb:670:in `unregister_worker'
workers-1  | /opt/.gem/gems/resque-2.0.0/lib/resque/worker.rb:250:in `rescue in work'
workers-1  | /opt/.gem/gems/resque-2.0.0/lib/resque/worker.rb:231:in `work'
workers-1  | /opt/.gem/gems/resque-2.0.0/lib/resque/tasks.rb:20:in `block (2 levels) in <top (required)>'
workers-1  | 
workers-1  | Caused by:
workers-1  | Redis::CommandError: NOAUTH Authentication required.
workers-1  | /opt/.gem/gems/redis-4.1.4/lib/redis/client.rb:126:in `call'
workers-1  | /opt/.gem/gems/redis-4.1.4/lib/redis.rb:915:in `block in get'
workers-1  | /opt/.gem/gems/redis-4.1.4/lib/redis.rb:51:in `block in synchronize'
workers-1  | /opt/.gem/gems/redis-4.1.4/lib/redis.rb:51:in `synchronize'
workers-1  | /opt/.gem/gems/redis-4.1.4/lib/redis.rb:914:in `get'
workers-1  | /opt/.gem/gems/redis-namespace-1.7.0/lib/redis/namespace.rb:469:in `call_with_namespace'
workers-1  | /opt/.gem/gems/redis-namespace-1.7.0/lib/redis/namespace.rb:349:in `block (2 levels) in <class:Namespace>'
workers-1  | /opt/.gem/gems/resque-2.0.0/lib/resque/data_store.rb:231:in `get_worker_payload'
workers-1  | /opt/.gem/gems/resque-2.0.0/lib/resque/worker.rb:752:in `job'
workers-1  | /opt/.gem/gems/resque-2.0.0/lib/resque/worker.rb:670:in `unregister_worker'
workers-1  | /opt/.gem/gems/resque-2.0.0/lib/resque/worker.rb:250:in `rescue in work'
workers-1  | /opt/.gem/gems/resque-2.0.0/lib/resque/worker.rb:231:in `work'
workers-1  | /opt/.gem/gems/resque-2.0.0/lib/resque/tasks.rb:20:in `block (2 levels) in <top (required)>'
workers-1  | 
workers-1  | Caused by:
workers-1  | Redis::CommandError: NOAUTH Authentication required.
workers-1  | /opt/.gem/gems/redis-4.1.4/lib/redis/client.rb:126:in `call'
workers-1  | /opt/.gem/gems/redis-4.1.4/lib/redis.rb:2216:in `block in hdel'
workers-1  | /opt/.gem/gems/redis-4.1.4/lib/redis.rb:51:in `block in synchronize'
workers-1  | /opt/.gem/gems/redis-4.1.4/lib/redis.rb:51:in `synchronize'
workers-1  | /opt/.gem/gems/redis-4.1.4/lib/redis.rb:2215:in `hdel'
workers-1  | /opt/.gem/gems/redis-namespace-1.7.0/lib/redis/namespace.rb:469:in `call_with_namespace'
workers-1  | /opt/.gem/gems/redis-namespace-1.7.0/lib/redis/namespace.rb:349:in `block (2 levels) in <class:Namespace>'
workers-1  | /opt/.gem/gems/resque-2.0.0/lib/resque/data_store.rb:261:in `remove_heartbeat'
workers-1  | /opt/.gem/gems/resque-2.0.0/lib/resque/worker.rb:475:in `remove_heartbeat'
workers-1  | /opt/.gem/gems/resque-2.0.0/lib/resque/worker.rb:507:in `start_heartbeat'
workers-1  | /opt/.gem/gems/resque-2.0.0/lib/resque/worker.rb:360:in `startup'
workers-1  | /opt/.gem/gems/resque-2.0.0/lib/resque/worker.rb:233:in `work'
workers-1  | /opt/.gem/gems/resque-2.0.0/lib/resque/tasks.rb:20:in `block (2 levels) in <top (required)>'
workers-1  | Tasks: TOP => resque:work
workers-1  | (See full trace by running task with --trace)
workers-1  | rake aborted!
workers-1  | Redis::CommandError: NOAUTH Authentication required.
workers-1  | Original Exception (Redis::CommandError): NOAUTH Authentication required.
workers-1  |   /opt/.gem/gems/redis-4.1.4/lib/redis/client.rb:126:in `call'  
workers-1  | /opt/.gem/gems/redis-4.1.4/lib/redis.rb:2216:in `block in hdel'  
workers-1  | /opt/.gem/gems/redis-4.1.4/lib/redis.rb:51:in `block in synchronize'  
workers-1  | /usr/local/ruby-2.7.0/lib/ruby/2.7.0/monitor.rb:202:in `synchronize'  
workers-1  | /usr/local/ruby-2.7.0/lib/ruby/2.7.0/monitor.rb:202:in `mon_synchronize'  
workers-1  | /opt/.gem/gems/redis-4.1.4/lib/redis.rb:51:in `synchronize'  
workers-1  | /opt/.gem/gems/redis-4.1.4/lib/redis.rb:2215:in `hdel'  
workers-1  | /opt/.gem/gems/redis-namespace-1.7.0/lib/redis/namespace.rb:469:in `call_with_namespace'  
workers-1  | /opt/.gem/gems/redis-namespace-1.7.0/lib/redis/namespace.rb:349:in `block (2 levels) in <class:Namespace>'  
workers-1  | /opt/.gem/gems/resque-2.0.0/lib/resque/data_store.rb:261:in `remove_heartbeat'  
workers-1  | /usr/local/ruby-2.7.0/lib/ruby/2.7.0/forwardable.rb:235:in `remove_heartbeat'  
workers-1  | /opt/.gem/gems/resque-2.0.0/lib/resque/worker.rb:475:in `remove_heartbeat'  
workers-1  | /opt/.gem/gems/resque-2.0.0/lib/resque/worker.rb:507:in `start_heartbeat'  
workers-1  | /opt/.gem/gems/resque-2.0.0/lib/resque/worker.rb:360:in `startup'  
workers-1  | /opt/.gem/gems/resque-2.0.0/lib/resque/worker.rb:233:in `work'  
workers-1  | /opt/.gem/gems/resque-2.0.0/lib/resque/tasks.rb:20:in `block (2 levels) in <top (required)>'  
workers-1  | /usr/local/ruby-2.7.0/lib/ruby/gems/2.7.0/gems/rake-13.0.1/lib/rake/task.rb:281:in `block in execute'  
workers-1  | /usr/local/ruby-2.7.0/lib/ruby/gems/2.7.0/gems/rake-13.0.1/lib/rake/task.rb:281:in `each'  
workers-1  | /usr/local/ruby-2.7.0/lib/ruby/gems/2.7.0/gems/rake-13.0.1/lib/rake/task.rb:281:in `execute'  
workers-1  | /usr/local/ruby-2.7.0/lib/ruby/gems/2.7.0/gems/rake-13.0.1/lib/rake/task.rb:219:in `block in invoke_with_call_chain'  
workers-1  | /usr/local/ruby-2.7.0/lib/ruby/gems/2.7.0/gems/rake-13.0.1/lib/rake/task.rb:199:in `synchronize'  
workers-1  | /usr/local/ruby-2.7.0/lib/ruby/gems/2.7.0/gems/rake-13.0.1/lib/rake/task.rb:199:in `invoke_with_call_chain'  
workers-1  | /usr/local/ruby-2.7.0/lib/ruby/gems/2.7.0/gems/rake-13.0.1/lib/rake/task.rb:188:in `invoke'  
workers-1  | /usr/local/ruby-2.7.0/lib/ruby/gems/2.7.0/gems/rake-13.0.1/lib/rake/application.rb:160:in `invoke_task'  
workers-1  | /usr/local/ruby-2.7.0/lib/ruby/gems/2.7.0/gems/rake-13.0.1/lib/rake/application.rb:116:in `block (2 levels) in top_level'  
workers-1  | /usr/local/ruby-2.7.0/lib/ruby/gems/2.7.0/gems/rake-13.0.1/lib/rake/application.rb:116:in `each'  
workers-1  | /usr/local/ruby-2.7.0/lib/ruby/gems/2.7.0/gems/rake-13.0.1/lib/rake/application.rb:116:in `block in top_level'  
workers-1  | /usr/local/ruby-2.7.0/lib/ruby/gems/2.7.0/gems/rake-13.0.1/lib/rake/application.rb:125:in `run_with_threads'  
workers-1  | /usr/local/ruby-2.7.0/lib/ruby/gems/2.7.0/gems/rake-13.0.1/lib/rake/application.rb:110:in `top_level'  
workers-1  | /usr/local/ruby-2.7.0/lib/ruby/gems/2.7.0/gems/rake-13.0.1/lib/rake/application.rb:83:in `block in run'  
workers-1  | /usr/local/ruby-2.7.0/lib/ruby/gems/2.7.0/gems/rake-13.0.1/lib/rake/application.rb:186:in `standard_exception_handling'  
workers-1  | /usr/local/ruby-2.7.0/lib/ruby/gems/2.7.0/gems/rake-13.0.1/lib/rake/application.rb:80:in `run'  
workers-1  | /usr/local/ruby-2.7.0/lib/ruby/gems/2.7.0/gems/rake-13.0.1/exe/rake:27:in `<top (required)>'  
workers-1  | /usr/local/ruby-2.7.0/bin/rake:23:in `load'  
workers-1  | /usr/local/ruby-2.7.0/bin/rake:23:in `<main>'
workers-1  | /opt/.gem/gems/redis-4.1.4/lib/redis/client.rb:126:in `call'
workers-1  | /opt/.gem/gems/redis-4.1.4/lib/redis.rb:915:in `block in get'
workers-1  | /opt/.gem/gems/redis-4.1.4/lib/redis.rb:51:in `block in synchronize'
workers-1  | /opt/.gem/gems/redis-4.1.4/lib/redis.rb:51:in `synchronize'
workers-1  | /opt/.gem/gems/redis-4.1.4/lib/redis.rb:914:in `get'
workers-1  | /opt/.gem/gems/redis-namespace-1.7.0/lib/redis/namespace.rb:469:in `call_with_namespace'
workers-1  | /opt/.gem/gems/redis-namespace-1.7.0/lib/redis/namespace.rb:349:in `block (2 levels) in <class:Namespace>'
workers-1  | /opt/.gem/gems/resque-2.0.0/lib/resque/data_store.rb:231:in `get_worker_payload'
workers-1  | /opt/.gem/gems/resque-2.0.0/lib/resque/worker.rb:752:in `job'
workers-1  | /opt/.gem/gems/resque-2.0.0/lib/resque/worker.rb:670:in `unregister_worker'
workers-1  | /opt/.gem/gems/resque-2.0.0/lib/resque/worker.rb:250:in `rescue in work'
workers-1  | /opt/.gem/gems/resque-2.0.0/lib/resque/worker.rb:231:in `work'
workers-1  | /opt/.gem/gems/resque-2.0.0/lib/resque/tasks.rb:20:in `block (2 levels) in <top (required)>'
workers-1  | 
workers-1  | Caused by:
workers-1  | Redis::CommandError: NOAUTH Authentication required.
workers-1  | /opt/.gem/gems/redis-4.1.4/lib/redis/client.rb:126:in `call'
workers-1  | /opt/.gem/gems/redis-4.1.4/lib/redis.rb:915:in `block in get'
workers-1  | /opt/.gem/gems/redis-4.1.4/lib/redis.rb:51:in `block in synchronize'
workers-1  | /opt/.gem/gems/redis-4.1.4/lib/redis.rb:51:in `synchronize'
workers-1  | /opt/.gem/gems/redis-4.1.4/lib/redis.rb:914:in `get'
workers-1  | /opt/.gem/gems/redis-namespace-1.7.0/lib/redis/namespace.rb:469:in `call_with_namespace'
workers-1  | /opt/.gem/gems/redis-namespace-1.7.0/lib/redis/namespace.rb:349:in `block (2 levels) in <class:Namespace>'
workers-1  | /opt/.gem/gems/resque-2.0.0/lib/resque/data_store.rb:231:in `get_worker_payload'
workers-1  | /opt/.gem/gems/resque-2.0.0/lib/resque/worker.rb:752:in `job'
workers-1  | /opt/.gem/gems/resque-2.0.0/lib/resque/worker.rb:670:in `unregister_worker'
workers-1  | /opt/.gem/gems/resque-2.0.0/lib/resque/worker.rb:250:in `rescue in work'
workers-1  | /opt/.gem/gems/resque-2.0.0/lib/resque/worker.rb:231:in `work'
workers-1  | /opt/.gem/gems/resque-2.0.0/lib/resque/tasks.rb:20:in `block (2 levels) in <top (required)>'
workers-1  | 
workers-1  | Caused by:
workers-1  | Redis::CommandError: NOAUTH Authentication required.
workers-1  | /opt/.gem/gems/redis-4.1.4/lib/redis/client.rb:126:in `call'
workers-1  | /opt/.gem/gems/redis-4.1.4/lib/redis.rb:2216:in `block in hdel'
workers-1  | /opt/.gem/gems/redis-4.1.4/lib/redis.rb:51:in `block in synchronize'
workers-1  | /opt/.gem/gems/redis-4.1.4/lib/redis.rb:51:in `synchronize'
workers-1  | /opt/.gem/gems/redis-4.1.4/lib/redis.rb:2215:in `hdel'
workers-1  | /opt/.gem/gems/redis-namespace-1.7.0/lib/redis/namespace.rb:469:in `call_with_namespace'
workers-1  | /opt/.gem/gems/redis-namespace-1.7.0/lib/redis/namespace.rb:349:in `block (2 levels) in <class:Namespace>'
workers-1  | /opt/.gem/gems/resque-2.0.0/lib/resque/data_store.rb:261:in `remove_heartbeat'
workers-1  | /opt/.gem/gems/resque-2.0.0/lib/resque/worker.rb:475:in `remove_heartbeat'
workers-1  | /opt/.gem/gems/resque-2.0.0/lib/resque/worker.rb:507:in `start_heartbeat'
workers-1  | /opt/.gem/gems/resque-2.0.0/lib/resque/worker.rb:360:in `startup'
workers-1  | /opt/.gem/gems/resque-2.0.0/lib/resque/worker.rb:233:in `work'
workers-1  | /opt/.gem/gems/resque-2.0.0/lib/resque/tasks.rb:20:in `block (2 levels) in <top (required)>'
workers-1  | Tasks: TOP => resque:work
workers-1  | (See full trace by running task with --trace)
workers-1  | rake aborted!
workers-1  | Redis::CommandError: NOAUTH Authentication required.
workers-1  | Original Exception (Redis::CommandError): NOAUTH Authentication required.
workers-1  |   /opt/.gem/gems/redis-4.1.4/lib/redis/client.rb:126:in `call'  
workers-1  | /opt/.gem/gems/redis-4.1.4/lib/redis.rb:2216:in `block in hdel'  
workers-1  | /opt/.gem/gems/redis-4.1.4/lib/redis.rb:51:in `block in synchronize'  
workers-1  | /usr/local/ruby-2.7.0/lib/ruby/2.7.0/monitor.rb:202:in `synchronize'  
workers-1  | /usr/local/ruby-2.7.0/lib/ruby/2.7.0/monitor.rb:202:in `mon_synchronize'  
workers-1  | /opt/.gem/gems/redis-4.1.4/lib/redis.rb:51:in `synchronize'  
workers-1  | /opt/.gem/gems/redis-4.1.4/lib/redis.rb:2215:in `hdel'  
workers-1  | /opt/.gem/gems/redis-namespace-1.7.0/lib/redis/namespace.rb:469:in `call_with_namespace'  
workers-1  | /opt/.gem/gems/redis-namespace-1.7.0/lib/redis/namespace.rb:349:in `block (2 levels) in <class:Namespace>'  
workers-1  | /opt/.gem/gems/resque-2.0.0/lib/resque/data_store.rb:261:in `remove_heartbeat'  
workers-1  | /usr/local/ruby-2.7.0/lib/ruby/2.7.0/forwardable.rb:235:in `remove_heartbeat'  
workers-1  | /opt/.gem/gems/resque-2.0.0/lib/resque/worker.rb:475:in `remove_heartbeat'  
workers-1  | /opt/.gem/gems/resque-2.0.0/lib/resque/worker.rb:507:in `start_heartbeat'  
workers-1  | /opt/.gem/gems/resque-2.0.0/lib/resque/worker.rb:360:in `startup'  
workers-1  | /opt/.gem/gems/resque-2.0.0/lib/resque/worker.rb:233:in `work'  
workers-1  | /opt/.gem/gems/resque-2.0.0/lib/resque/tasks.rb:20:in `block (2 levels) in <top (required)>'  
workers-1  | /usr/local/ruby-2.7.0/lib/ruby/gems/2.7.0/gems/rake-13.0.1/lib/rake/task.rb:281:in `block in execute'  
workers-1  | /usr/local/ruby-2.7.0/lib/ruby/gems/2.7.0/gems/rake-13.0.1/lib/rake/task.rb:281:in `each'  
workers-1  | /usr/local/ruby-2.7.0/lib/ruby/gems/2.7.0/gems/rake-13.0.1/lib/rake/task.rb:281:in `execute'  
workers-1  | /usr/local/ruby-2.7.0/lib/ruby/gems/2.7.0/gems/rake-13.0.1/lib/rake/task.rb:219:in `block in invoke_with_call_chain'  
workers-1  | /usr/local/ruby-2.7.0/lib/ruby/gems/2.7.0/gems/rake-13.0.1/lib/rake/task.rb:199:in `synchronize'  
workers-1  | /usr/local/ruby-2.7.0/lib/ruby/gems/2.7.0/gems/rake-13.0.1/lib/rake/task.rb:199:in `invoke_with_call_chain'  
workers-1  | /usr/local/ruby-2.7.0/lib/ruby/gems/2.7.0/gems/rake-13.0.1/lib/rake/task.rb:188:in `invoke'  
workers-1  | /usr/local/ruby-2.7.0/lib/ruby/gems/2.7.0/gems/rake-13.0.1/lib/rake/application.rb:160:in `invoke_task'  
workers-1  | /usr/local/ruby-2.7.0/lib/ruby/gems/2.7.0/gems/rake-13.0.1/lib/rake/application.rb:116:in `block (2 levels) in top_level'  
workers-1  | /usr/local/ruby-2.7.0/lib/ruby/gems/2.7.0/gems/rake-13.0.1/lib/rake/application.rb:116:in `each'  
workers-1  | /usr/local/ruby-2.7.0/lib/ruby/gems/2.7.0/gems/rake-13.0.1/lib/rake/application.rb:116:in `block in top_level'  
workers-1  | /usr/local/ruby-2.7.0/lib/ruby/gems/2.7.0/gems/rake-13.0.1/lib/rake/application.rb:125:in `run_with_threads'  
workers-1  | /usr/local/ruby-2.7.0/lib/ruby/gems/2.7.0/gems/rake-13.0.1/lib/rake/application.rb:110:in `top_level'  
workers-1  | /usr/local/ruby-2.7.0/lib/ruby/gems/2.7.0/gems/rake-13.0.1/lib/rake/application.rb:83:in `block in run'  
workers-1  | /usr/local/ruby-2.7.0/lib/ruby/gems/2.7.0/gems/rake-13.0.1/lib/rake/application.rb:186:in `standard_exception_handling'  
workers-1  | /usr/local/ruby-2.7.0/lib/ruby/gems/2.7.0/gems/rake-13.0.1/lib/rake/application.rb:80:in `run'  
workers-1  | /usr/local/ruby-2.7.0/lib/ruby/gems/2.7.0/gems/rake-13.0.1/exe/rake:27:in `<top (required)>'  
workers-1  | /usr/local/ruby-2.7.0/bin/rake:23:in `load'  
workers-1  | /usr/local/ruby-2.7.0/bin/rake:23:in `<main>'
workers-1  | /opt/.gem/gems/redis-4.1.4/lib/redis/client.rb:126:in `call'
workers-1  | /opt/.gem/gems/redis-4.1.4/lib/redis.rb:915:in `block in get'
workers-1  | /opt/.gem/gems/redis-4.1.4/lib/redis.rb:51:in `block in synchronize'
workers-1  | /opt/.gem/gems/redis-4.1.4/lib/redis.rb:51:in `synchronize'
workers-1  | /opt/.gem/gems/redis-4.1.4/lib/redis.rb:914:in `get'
workers-1  | /opt/.gem/gems/redis-namespace-1.7.0/lib/redis/namespace.rb:469:in `call_with_namespace'
workers-1  | /opt/.gem/gems/redis-namespace-1.7.0/lib/redis/namespace.rb:349:in `block (2 levels) in <class:Namespace>'
workers-1  | /opt/.gem/gems/resque-2.0.0/lib/resque/data_store.rb:231:in `get_worker_payload'
workers-1  | /opt/.gem/gems/resque-2.0.0/lib/resque/worker.rb:752:in `job'
workers-1  | /opt/.gem/gems/resque-2.0.0/lib/resque/worker.rb:670:in `unregister_worker'
workers-1  | /opt/.gem/gems/resque-2.0.0/lib/resque/worker.rb:250:in `rescue in work'
workers-1  | /opt/.gem/gems/resque-2.0.0/lib/resque/worker.rb:231:in `work'
workers-1  | /opt/.gem/gems/resque-2.0.0/lib/resque/tasks.rb:20:in `block (2 levels) in <top (required)>'
workers-1  | 
workers-1  | Caused by:
workers-1  | Redis::CommandError: NOAUTH Authentication required.
workers-1  | /opt/.gem/gems/redis-4.1.4/lib/redis/client.rb:126:in `call'
workers-1  | /opt/.gem/gems/redis-4.1.4/lib/redis.rb:915:in `block in get'
workers-1  | /opt/.gem/gems/redis-4.1.4/lib/redis.rb:51:in `block in synchronize'
workers-1  | /opt/.gem/gems/redis-4.1.4/lib/redis.rb:51:in `synchronize'
workers-1  | /opt/.gem/gems/redis-4.1.4/lib/redis.rb:914:in `get'
workers-1  | /opt/.gem/gems/redis-namespace-1.7.0/lib/redis/namespace.rb:469:in `call_with_namespace'
workers-1  | /opt/.gem/gems/redis-namespace-1.7.0/lib/redis/namespace.rb:349:in `block (2 levels) in <class:Namespace>'
workers-1  | /opt/.gem/gems/resque-2.0.0/lib/resque/data_store.rb:231:in `get_worker_payload'
workers-1  | /opt/.gem/gems/resque-2.0.0/lib/resque/worker.rb:752:in `job'
workers-1  | /opt/.gem/gems/resque-2.0.0/lib/resque/worker.rb:670:in `unregister_worker'
workers-1  | /opt/.gem/gems/resque-2.0.0/lib/resque/worker.rb:250:in `rescue in work'
workers-1  | /opt/.gem/gems/resque-2.0.0/lib/resque/worker.rb:231:in `work'
workers-1  | /opt/.gem/gems/resque-2.0.0/lib/resque/tasks.rb:20:in `block (2 levels) in <top (required)>'
workers-1  | 
workers-1  | Caused by:
workers-1  | Redis::CommandError: NOAUTH Authentication required.
workers-1  | /opt/.gem/gems/redis-4.1.4/lib/redis/client.rb:126:in `call'
workers-1  | /opt/.gem/gems/redis-4.1.4/lib/redis.rb:2216:in `block in hdel'
workers-1  | /opt/.gem/gems/redis-4.1.4/lib/redis.rb:51:in `block in synchronize'
workers-1  | /opt/.gem/gems/redis-4.1.4/lib/redis.rb:51:in `synchronize'
workers-1  | /opt/.gem/gems/redis-4.1.4/lib/redis.rb:2215:in `hdel'
workers-1  | /opt/.gem/gems/redis-namespace-1.7.0/lib/redis/namespace.rb:469:in `call_with_namespace'
workers-1  | /opt/.gem/gems/redis-namespace-1.7.0/lib/redis/namespace.rb:349:in `block (2 levels) in <class:Namespace>'
workers-1  | /opt/.gem/gems/resque-2.0.0/lib/resque/data_store.rb:261:in `remove_heartbeat'
workers-1  | /opt/.gem/gems/resque-2.0.0/lib/resque/worker.rb:475:in `remove_heartbeat'
workers-1  | /opt/.gem/gems/resque-2.0.0/lib/resque/worker.rb:507:in `start_heartbeat'
workers-1  | /opt/.gem/gems/resque-2.0.0/lib/resque/worker.rb:360:in `startup'
workers-1  | /opt/.gem/gems/resque-2.0.0/lib/resque/worker.rb:233:in `work'
workers-1  | /opt/.gem/gems/resque-2.0.0/lib/resque/tasks.rb:20:in `block (2 levels) in <top (required)>'
workers-1  | Tasks: TOP => resque:work
workers-1  | (See full trace by running task with --trace)
workers-1  | rake aborted!
workers-1  | Redis::CommandError: NOAUTH Authentication required.
workers-1  | Original Exception (Redis::CommandError): NOAUTH Authentication required.
workers-1  |   /opt/.gem/gems/redis-4.1.4/lib/redis/client.rb:126:in `call'  
workers-1  | /opt/.gem/gems/redis-4.1.4/lib/redis.rb:2216:in `block in hdel'  
workers-1  | /opt/.gem/gems/redis-4.1.4/lib/redis.rb:51:in `block in synchronize'  
workers-1  | /usr/local/ruby-2.7.0/lib/ruby/2.7.0/monitor.rb:202:in `synchronize'  
workers-1  | /usr/local/ruby-2.7.0/lib/ruby/2.7.0/monitor.rb:202:in `mon_synchronize'  
workers-1  | /opt/.gem/gems/redis-4.1.4/lib/redis.rb:51:in `synchronize'  
workers-1  | /opt/.gem/gems/redis-4.1.4/lib/redis.rb:2215:in `hdel'  
workers-1  | /opt/.gem/gems/redis-namespace-1.7.0/lib/redis/namespace.rb:469:in `call_with_namespace'  
workers-1  | /opt/.gem/gems/redis-namespace-1.7.0/lib/redis/namespace.rb:349:in `block (2 levels) in <class:Namespace>'  
workers-1  | /opt/.gem/gems/resque-2.0.0/lib/resque/data_store.rb:261:in `remove_heartbeat'  
workers-1  | /usr/local/ruby-2.7.0/lib/ruby/2.7.0/forwardable.rb:235:in `remove_heartbeat'  
workers-1  | /opt/.gem/gems/resque-2.0.0/lib/resque/worker.rb:475:in `remove_heartbeat'  
workers-1  | /opt/.gem/gems/resque-2.0.0/lib/resque/worker.rb:507:in `start_heartbeat'  
workers-1  | /opt/.gem/gems/resque-2.0.0/lib/resque/worker.rb:360:in `startup'  
workers-1  | /opt/.gem/gems/resque-2.0.0/lib/resque/worker.rb:233:in `work'  
workers-1  | /opt/.gem/gems/resque-2.0.0/lib/resque/tasks.rb:20:in `block (2 levels) in <top (required)>'  
workers-1  | /usr/local/ruby-2.7.0/lib/ruby/gems/2.7.0/gems/rake-13.0.1/lib/rake/task.rb:281:in `block in execute'  
workers-1  | /usr/local/ruby-2.7.0/lib/ruby/gems/2.7.0/gems/rake-13.0.1/lib/rake/task.rb:281:in `each'  
workers-1  | /usr/local/ruby-2.7.0/lib/ruby/gems/2.7.0/gems/rake-13.0.1/lib/rake/task.rb:281:in `execute'  
workers-1  | /usr/local/ruby-2.7.0/lib/ruby/gems/2.7.0/gems/rake-13.0.1/lib/rake/task.rb:219:in `block in invoke_with_call_chain'  
workers-1  | /usr/local/ruby-2.7.0/lib/ruby/gems/2.7.0/gems/rake-13.0.1/lib/rake/task.rb:199:in `synchronize'  
workers-1  | /usr/local/ruby-2.7.0/lib/ruby/gems/2.7.0/gems/rake-13.0.1/lib/rake/task.rb:199:in `invoke_with_call_chain'  
workers-1  | /usr/local/ruby-2.7.0/lib/ruby/gems/2.7.0/gems/rake-13.0.1/lib/rake/task.rb:188:in `invoke'  
workers-1  | /usr/local/ruby-2.7.0/lib/ruby/gems/2.7.0/gems/rake-13.0.1/lib/rake/application.rb:160:in `invoke_task'  
workers-1  | /usr/local/ruby-2.7.0/lib/ruby/gems/2.7.0/gems/rake-13.0.1/lib/rake/application.rb:116:in `block (2 levels) in top_level'  
workers-1  | /usr/local/ruby-2.7.0/lib/ruby/gems/2.7.0/gems/rake-13.0.1/lib/rake/application.rb:116:in `each'  
workers-1  | /usr/local/ruby-2.7.0/lib/ruby/gems/2.7.0/gems/rake-13.0.1/lib/rake/application.rb:116:in `block in top_level'  
workers-1  | /usr/local/ruby-2.7.0/lib/ruby/gems/2.7.0/gems/rake-13.0.1/lib/rake/application.rb:125:in `run_with_threads'  
workers-1  | /usr/local/ruby-2.7.0/lib/ruby/gems/2.7.0/gems/rake-13.0.1/lib/rake/application.rb:110:in `top_level'  
workers-1  | /usr/local/ruby-2.7.0/lib/ruby/gems/2.7.0/gems/rake-13.0.1/lib/rake/application.rb:83:in `block in run'  
workers-1  | /usr/local/ruby-2.7.0/lib/ruby/gems/2.7.0/gems/rake-13.0.1/lib/rake/application.rb:186:in `standard_exception_handling'  
workers-1  | /usr/local/ruby-2.7.0/lib/ruby/gems/2.7.0/gems/rake-13.0.1/lib/rake/application.rb:80:in `run'  
workers-1  | /usr/local/ruby-2.7.0/lib/ruby/gems/2.7.0/gems/rake-13.0.1/exe/rake:27:in `<top (required)>'  
workers-1  | /usr/local/ruby-2.7.0/bin/rake:23:in `load'  
workers-1  | /usr/local/ruby-2.7.0/bin/rake:23:in `<main>'
workers-1  | /opt/.gem/gems/redis-4.1.4/lib/redis/client.rb:126:in `call'
workers-1  | /opt/.gem/gems/redis-4.1.4/lib/redis.rb:915:in `block in get'
workers-1  | /opt/.gem/gems/redis-4.1.4/lib/redis.rb:51:in `block in synchronize'
workers-1  | /opt/.gem/gems/redis-4.1.4/lib/redis.rb:51:in `synchronize'
workers-1  | /opt/.gem/gems/redis-4.1.4/lib/redis.rb:914:in `get'
workers-1  | /opt/.gem/gems/redis-namespace-1.7.0/lib/redis/namespace.rb:469:in `call_with_namespace'
workers-1  | /opt/.gem/gems/redis-namespace-1.7.0/lib/redis/namespace.rb:349:in `block (2 levels) in <class:Namespace>'
workers-1  | /opt/.gem/gems/resque-2.0.0/lib/resque/data_store.rb:231:in `get_worker_payload'
workers-1  | /opt/.gem/gems/resque-2.0.0/lib/resque/worker.rb:752:in `job'
workers-1  | /opt/.gem/gems/resque-2.0.0/lib/resque/worker.rb:670:in `unregister_worker'
workers-1  | /opt/.gem/gems/resque-2.0.0/lib/resque/worker.rb:250:in `rescue in work'
workers-1  | /opt/.gem/gems/resque-2.0.0/lib/resque/worker.rb:231:in `work'
workers-1  | /opt/.gem/gems/resque-2.0.0/lib/resque/tasks.rb:20:in `block (2 levels) in <top (required)>'
workers-1  | 
workers-1  | Caused by:
workers-1  | Redis::CommandError: NOAUTH Authentication required.
workers-1  | /opt/.gem/gems/redis-4.1.4/lib/redis/client.rb:126:in `call'
workers-1  | /opt/.gem/gems/redis-4.1.4/lib/redis.rb:915:in `block in get'
workers-1  | /opt/.gem/gems/redis-4.1.4/lib/redis.rb:51:in `block in synchronize'
workers-1  | /opt/.gem/gems/redis-4.1.4/lib/redis.rb:51:in `synchronize'
workers-1  | /opt/.gem/gems/redis-4.1.4/lib/redis.rb:914:in `get'
workers-1  | /opt/.gem/gems/redis-namespace-1.7.0/lib/redis/namespace.rb:469:in `call_with_namespace'
workers-1  | /opt/.gem/gems/redis-namespace-1.7.0/lib/redis/namespace.rb:349:in `block (2 levels) in <class:Namespace>'
workers-1  | /opt/.gem/gems/resque-2.0.0/lib/resque/data_store.rb:231:in `get_worker_payload'
workers-1  | /opt/.gem/gems/resque-2.0.0/lib/resque/worker.rb:752:in `job'
workers-1  | /opt/.gem/gems/resque-2.0.0/lib/resque/worker.rb:670:in `unregister_worker'
workers-1  | /opt/.gem/gems/resque-2.0.0/lib/resque/worker.rb:250:in `rescue in work'
workers-1  | /opt/.gem/gems/resque-2.0.0/lib/resque/worker.rb:231:in `work'
workers-1  | /opt/.gem/gems/resque-2.0.0/lib/resque/tasks.rb:20:in `block (2 levels) in <top (required)>'
workers-1  | 
workers-1  | Caused by:
workers-1  | Redis::CommandError: NOAUTH Authentication required.
workers-1  | /opt/.gem/gems/redis-4.1.4/lib/redis/client.rb:126:in `call'
workers-1  | /opt/.gem/gems/redis-4.1.4/lib/redis.rb:2216:in `block in hdel'
workers-1  | /opt/.gem/gems/redis-4.1.4/lib/redis.rb:51:in `block in synchronize'
workers-1  | /opt/.gem/gems/redis-4.1.4/lib/redis.rb:51:in `synchronize'
workers-1  | /opt/.gem/gems/redis-4.1.4/lib/redis.rb:2215:in `hdel'
workers-1  | /opt/.gem/gems/redis-namespace-1.7.0/lib/redis/namespace.rb:469:in `call_with_namespace'
workers-1  | /opt/.gem/gems/redis-namespace-1.7.0/lib/redis/namespace.rb:349:in `block (2 levels) in <class:Namespace>'
workers-1  | /opt/.gem/gems/resque-2.0.0/lib/resque/data_store.rb:261:in `remove_heartbeat'
workers-1  | /opt/.gem/gems/resque-2.0.0/lib/resque/worker.rb:475:in `remove_heartbeat'
workers-1  | /opt/.gem/gems/resque-2.0.0/lib/resque/worker.rb:507:in `start_heartbeat'
workers-1  | /opt/.gem/gems/resque-2.0.0/lib/resque/worker.rb:360:in `startup'
workers-1  | /opt/.gem/gems/resque-2.0.0/lib/resque/worker.rb:233:in `work'
workers-1  | /opt/.gem/gems/resque-2.0.0/lib/resque/tasks.rb:20:in `block (2 levels) in <top (required)>'
workers-1  | Tasks: TOP => resque:work
workers-1  | (See full trace by running task with --trace)
workers-1  | rake aborted!
workers-1  | Redis::CommandError: NOAUTH Authentication required.
workers-1  | Original Exception (Redis::CommandError): NOAUTH Authentication required.
workers-1  |   /opt/.gem/gems/redis-4.1.4/lib/redis/client.rb:126:in `call'  
workers-1  | /opt/.gem/gems/redis-4.1.4/lib/redis.rb:2216:in `block in hdel'  
workers-1  | /opt/.gem/gems/redis-4.1.4/lib/redis.rb:51:in `block in synchronize'  
workers-1  | /usr/local/ruby-2.7.0/lib/ruby/2.7.0/monitor.rb:202:in `synchronize'  
workers-1  | /usr/local/ruby-2.7.0/lib/ruby/2.7.0/monitor.rb:202:in `mon_synchronize'  
workers-1  | /opt/.gem/gems/redis-4.1.4/lib/redis.rb:51:in `synchronize'  
workers-1  | /opt/.gem/gems/redis-4.1.4/lib/redis.rb:2215:in `hdel'  
workers-1  | /opt/.gem/gems/redis-namespace-1.7.0/lib/redis/namespace.rb:469:in `call_with_namespace'  
workers-1  | /opt/.gem/gems/redis-namespace-1.7.0/lib/redis/namespace.rb:349:in `block (2 levels) in <class:Namespace>'  
workers-1  | /opt/.gem/gems/resque-2.0.0/lib/resque/data_store.rb:261:in `remove_heartbeat'  
workers-1  | /usr/local/ruby-2.7.0/lib/ruby/2.7.0/forwardable.rb:235:in `remove_heartbeat'  
workers-1  | /opt/.gem/gems/resque-2.0.0/lib/resque/worker.rb:475:in `remove_heartbeat'  
workers-1  | /opt/.gem/gems/resque-2.0.0/lib/resque/worker.rb:507:in `start_heartbeat'  
workers-1  | /opt/.gem/gems/resque-2.0.0/lib/resque/worker.rb:360:in `startup'  
workers-1  | /opt/.gem/gems/resque-2.0.0/lib/resque/worker.rb:233:in `work'  
workers-1  | /opt/.gem/gems/resque-2.0.0/lib/resque/tasks.rb:20:in `block (2 levels) in <top (required)>'  
workers-1  | /usr/local/ruby-2.7.0/lib/ruby/gems/2.7.0/gems/rake-13.0.1/lib/rake/task.rb:281:in `block in execute'  
workers-1  | /usr/local/ruby-2.7.0/lib/ruby/gems/2.7.0/gems/rake-13.0.1/lib/rake/task.rb:281:in `each'  
workers-1  | /usr/local/ruby-2.7.0/lib/ruby/gems/2.7.0/gems/rake-13.0.1/lib/rake/task.rb:281:in `execute'  
workers-1  | /usr/local/ruby-2.7.0/lib/ruby/gems/2.7.0/gems/rake-13.0.1/lib/rake/task.rb:219:in `block in invoke_with_call_chain'  
workers-1  | /usr/local/ruby-2.7.0/lib/ruby/gems/2.7.0/gems/rake-13.0.1/lib/rake/task.rb:199:in `synchronize'  
workers-1  | /usr/local/ruby-2.7.0/lib/ruby/gems/2.7.0/gems/rake-13.0.1/lib/rake/task.rb:199:in `invoke_with_call_chain'  
workers-1  | /usr/local/ruby-2.7.0/lib/ruby/gems/2.7.0/gems/rake-13.0.1/lib/rake/task.rb:188:in `invoke'  
workers-1  | /usr/local/ruby-2.7.0/lib/ruby/gems/2.7.0/gems/rake-13.0.1/lib/rake/application.rb:160:in `invoke_task'  
workers-1  | /usr/local/ruby-2.7.0/lib/ruby/gems/2.7.0/gems/rake-13.0.1/lib/rake/application.rb:116:in `block (2 levels) in top_level'  
workers-1  | /usr/local/ruby-2.7.0/lib/ruby/gems/2.7.0/gems/rake-13.0.1/lib/rake/application.rb:116:in `each'  
workers-1  | /usr/local/ruby-2.7.0/lib/ruby/gems/2.7.0/gems/rake-13.0.1/lib/rake/application.rb:116:in `block in top_level'  
workers-1  | /usr/local/ruby-2.7.0/lib/ruby/gems/2.7.0/gems/rake-13.0.1/lib/rake/application.rb:125:in `run_with_threads'  
workers-1  | /usr/local/ruby-2.7.0/lib/ruby/gems/2.7.0/gems/rake-13.0.1/lib/rake/application.rb:110:in `top_level'  
workers-1  | /usr/local/ruby-2.7.0/lib/ruby/gems/2.7.0/gems/rake-13.0.1/lib/rake/application.rb:83:in `block in run'  
workers-1  | /usr/local/ruby-2.7.0/lib/ruby/gems/2.7.0/gems/rake-13.0.1/lib/rake/application.rb:186:in `standard_exception_handling'  
workers-1  | /usr/local/ruby-2.7.0/lib/ruby/gems/2.7.0/gems/rake-13.0.1/lib/rake/application.rb:80:in `run'  
workers-1  | /usr/local/ruby-2.7.0/lib/ruby/gems/2.7.0/gems/rake-13.0.1/exe/rake:27:in `<top (required)>'  
workers-1  | /usr/local/ruby-2.7.0/bin/rake:23:in `load'  
workers-1  | /usr/local/ruby-2.7.0/bin/rake:23:in `<main>'
workers-1  | /opt/.gem/gems/redis-4.1.4/lib/redis/client.rb:126:in `call'
workers-1  | /opt/.gem/gems/redis-4.1.4/lib/redis.rb:915:in `block in get'
workers-1  | /opt/.gem/gems/redis-4.1.4/lib/redis.rb:51:in `block in synchronize'
workers-1  | /opt/.gem/gems/redis-4.1.4/lib/redis.rb:51:in `synchronize'
workers-1  | /opt/.gem/gems/redis-4.1.4/lib/redis.rb:914:in `get'
workers-1  | /opt/.gem/gems/redis-namespace-1.7.0/lib/redis/namespace.rb:469:in `call_with_namespace'
workers-1  | /opt/.gem/gems/redis-namespace-1.7.0/lib/redis/namespace.rb:349:in `block (2 levels) in <class:Namespace>'
workers-1  | /opt/.gem/gems/resque-2.0.0/lib/resque/data_store.rb:231:in `get_worker_payload'
workers-1  | /opt/.gem/gems/resque-2.0.0/lib/resque/worker.rb:752:in `job'
workers-1  | /opt/.gem/gems/resque-2.0.0/lib/resque/worker.rb:670:in `unregister_worker'
workers-1  | /opt/.gem/gems/resque-2.0.0/lib/resque/worker.rb:250:in `rescue in work'
workers-1  | /opt/.gem/gems/resque-2.0.0/lib/resque/worker.rb:231:in `work'
workers-1  | /opt/.gem/gems/resque-2.0.0/lib/resque/tasks.rb:20:in `block (2 levels) in <top (required)>'
workers-1  | 
workers-1  | Caused by:
workers-1  | Redis::CommandError: NOAUTH Authentication required.
workers-1  | /opt/.gem/gems/redis-4.1.4/lib/redis/client.rb:126:in `call'
workers-1  | /opt/.gem/gems/redis-4.1.4/lib/redis.rb:915:in `block in get'
workers-1  | /opt/.gem/gems/redis-4.1.4/lib/redis.rb:51:in `block in synchronize'
workers-1  | /opt/.gem/gems/redis-4.1.4/lib/redis.rb:51:in `synchronize'
workers-1  | /opt/.gem/gems/redis-4.1.4/lib/redis.rb:914:in `get'
workers-1  | /opt/.gem/gems/redis-namespace-1.7.0/lib/redis/namespace.rb:469:in `call_with_namespace'
workers-1  | /opt/.gem/gems/redis-namespace-1.7.0/lib/redis/namespace.rb:349:in `block (2 levels) in <class:Namespace>'
workers-1  | /opt/.gem/gems/resque-2.0.0/lib/resque/data_store.rb:231:in `get_worker_payload'
workers-1  | /opt/.gem/gems/resque-2.0.0/lib/resque/worker.rb:752:in `job'
workers-1  | /opt/.gem/gems/resque-2.0.0/lib/resque/worker.rb:670:in `unregister_worker'
workers-1  | /opt/.gem/gems/resque-2.0.0/lib/resque/worker.rb:250:in `rescue in work'
workers-1  | /opt/.gem/gems/resque-2.0.0/lib/resque/worker.rb:231:in `work'
workers-1  | /opt/.gem/gems/resque-2.0.0/lib/resque/tasks.rb:20:in `block (2 levels) in <top (required)>'
workers-1  | 
workers-1  | Caused by:
workers-1  | Redis::CommandError: NOAUTH Authentication required.
workers-1  | /opt/.gem/gems/redis-4.1.4/lib/redis/client.rb:126:in `call'
workers-1  | /opt/.gem/gems/redis-4.1.4/lib/redis.rb:2216:in `block in hdel'
workers-1  | /opt/.gem/gems/redis-4.1.4/lib/redis.rb:51:in `block in synchronize'
workers-1  | /opt/.gem/gems/redis-4.1.4/lib/redis.rb:51:in `synchronize'
workers-1  | /opt/.gem/gems/redis-4.1.4/lib/redis.rb:2215:in `hdel'
workers-1  | /opt/.gem/gems/redis-namespace-1.7.0/lib/redis/namespace.rb:469:in `call_with_namespace'
workers-1  | /opt/.gem/gems/redis-namespace-1.7.0/lib/redis/namespace.rb:349:in `block (2 levels) in <class:Namespace>'
workers-1  | /opt/.gem/gems/resque-2.0.0/lib/resque/data_store.rb:261:in `remove_heartbeat'
workers-1  | /opt/.gem/gems/resque-2.0.0/lib/resque/worker.rb:475:in `remove_heartbeat'
workers-1  | /opt/.gem/gems/resque-2.0.0/lib/resque/worker.rb:507:in `start_heartbeat'
workers-1  | /opt/.gem/gems/resque-2.0.0/lib/resque/worker.rb:360:in `startup'
workers-1  | /opt/.gem/gems/resque-2.0.0/lib/resque/worker.rb:233:in `work'
workers-1  | /opt/.gem/gems/resque-2.0.0/lib/resque/tasks.rb:20:in `block (2 levels) in <top (required)>'
workers-1  | Tasks: TOP => resque:work
workers-1  | (See full trace by running task with --trace)
workers-1  | rake aborted!
workers-1  | Redis::CommandError: NOAUTH Authentication required.
workers-1  | Original Exception (Redis::CommandError): NOAUTH Authentication required.
workers-1  |   /opt/.gem/gems/redis-4.1.4/lib/redis/client.rb:126:in `call'  
workers-1  | /opt/.gem/gems/redis-4.1.4/lib/redis.rb:2216:in `block in hdel'  
workers-1  | /opt/.gem/gems/redis-4.1.4/lib/redis.rb:51:in `block in synchronize'  
workers-1  | /usr/local/ruby-2.7.0/lib/ruby/2.7.0/monitor.rb:202:in `synchronize'  
workers-1  | /usr/local/ruby-2.7.0/lib/ruby/2.7.0/monitor.rb:202:in `mon_synchronize'  
workers-1  | /opt/.gem/gems/redis-4.1.4/lib/redis.rb:51:in `synchronize'  
workers-1  | /opt/.gem/gems/redis-4.1.4/lib/redis.rb:2215:in `hdel'  
workers-1  | /opt/.gem/gems/redis-namespace-1.7.0/lib/redis/namespace.rb:469:in `call_with_namespace'  
workers-1  | /opt/.gem/gems/redis-namespace-1.7.0/lib/redis/namespace.rb:349:in `block (2 levels) in <class:Namespace>'  
workers-1  | /opt/.gem/gems/resque-2.0.0/lib/resque/data_store.rb:261:in `remove_heartbeat'  
workers-1  | /usr/local/ruby-2.7.0/lib/ruby/2.7.0/forwardable.rb:235:in `remove_heartbeat'  
workers-1  | /opt/.gem/gems/resque-2.0.0/lib/resque/worker.rb:475:in `remove_heartbeat'  
workers-1  | /opt/.gem/gems/resque-2.0.0/lib/resque/worker.rb:507:in `start_heartbeat'  
workers-1  | /opt/.gem/gems/resque-2.0.0/lib/resque/worker.rb:360:in `startup'  
workers-1  | /opt/.gem/gems/resque-2.0.0/lib/resque/worker.rb:233:in `work'  
workers-1  | /opt/.gem/gems/resque-2.0.0/lib/resque/tasks.rb:20:in `block (2 levels) in <top (required)>'  
workers-1  | /usr/local/ruby-2.7.0/lib/ruby/gems/2.7.0/gems/rake-13.0.1/lib/rake/task.rb:281:in `block in execute'  
workers-1  | /usr/local/ruby-2.7.0/lib/ruby/gems/2.7.0/gems/rake-13.0.1/lib/rake/task.rb:281:in `each'  
workers-1  | /usr/local/ruby-2.7.0/lib/ruby/gems/2.7.0/gems/rake-13.0.1/lib/rake/task.rb:281:in `execute'  
workers-1  | /usr/local/ruby-2.7.0/lib/ruby/gems/2.7.0/gems/rake-13.0.1/lib/rake/task.rb:219:in `block in invoke_with_call_chain'  
workers-1  | /usr/local/ruby-2.7.0/lib/ruby/gems/2.7.0/gems/rake-13.0.1/lib/rake/task.rb:199:in `synchronize'  
workers-1  | /usr/local/ruby-2.7.0/lib/ruby/gems/2.7.0/gems/rake-13.0.1/lib/rake/task.rb:199:in `invoke_with_call_chain'  
workers-1  | /usr/local/ruby-2.7.0/lib/ruby/gems/2.7.0/gems/rake-13.0.1/lib/rake/task.rb:188:in `invoke'  
workers-1  | /usr/local/ruby-2.7.0/lib/ruby/gems/2.7.0/gems/rake-13.0.1/lib/rake/application.rb:160:in `invoke_task'  
workers-1  | /usr/local/ruby-2.7.0/lib/ruby/gems/2.7.0/gems/rake-13.0.1/lib/rake/application.rb:116:in `block (2 levels) in top_level'  
workers-1  | /usr/local/ruby-2.7.0/lib/ruby/gems/2.7.0/gems/rake-13.0.1/lib/rake/application.rb:116:in `each'  
workers-1  | /usr/local/ruby-2.7.0/lib/ruby/gems/2.7.0/gems/rake-13.0.1/lib/rake/application.rb:116:in `block in top_level'  
workers-1  | /usr/local/ruby-2.7.0/lib/ruby/gems/2.7.0/gems/rake-13.0.1/lib/rake/application.rb:125:in `run_with_threads'  
workers-1  | /usr/local/ruby-2.7.0/lib/ruby/gems/2.7.0/gems/rake-13.0.1/lib/rake/application.rb:110:in `top_level'  
workers-1  | /usr/local/ruby-2.7.0/lib/ruby/gems/2.7.0/gems/rake-13.0.1/lib/rake/application.rb:83:in `block in run'  
workers-1  | /usr/local/ruby-2.7.0/lib/ruby/gems/2.7.0/gems/rake-13.0.1/lib/rake/application.rb:186:in `standard_exception_handling'  
workers-1  | /usr/local/ruby-2.7.0/lib/ruby/gems/2.7.0/gems/rake-13.0.1/lib/rake/application.rb:80:in `run'  
workers-1  | /usr/local/ruby-2.7.0/lib/ruby/gems/2.7.0/gems/rake-13.0.1/exe/rake:27:in `<top (required)>'  
workers-1  | /usr/local/ruby-2.7.0/bin/rake:23:in `load'  
workers-1  | /usr/local/ruby-2.7.0/bin/rake:23:in `<main>'
workers-1  | /opt/.gem/gems/redis-4.1.4/lib/redis/client.rb:126:in `call'
workers-1  | /opt/.gem/gems/redis-4.1.4/lib/redis.rb:915:in `block in get'
workers-1  | /opt/.gem/gems/redis-4.1.4/lib/redis.rb:51:in `block in synchronize'
workers-1  | /opt/.gem/gems/redis-4.1.4/lib/redis.rb:51:in `synchronize'
workers-1  | /opt/.gem/gems/redis-4.1.4/lib/redis.rb:914:in `get'
workers-1  | /opt/.gem/gems/redis-namespace-1.7.0/lib/redis/namespace.rb:469:in `call_with_namespace'
workers-1  | /opt/.gem/gems/redis-namespace-1.7.0/lib/redis/namespace.rb:349:in `block (2 levels) in <class:Namespace>'
workers-1  | /opt/.gem/gems/resque-2.0.0/lib/resque/data_store.rb:231:in `get_worker_payload'
workers-1  | /opt/.gem/gems/resque-2.0.0/lib/resque/worker.rb:752:in `job'
workers-1  | /opt/.gem/gems/resque-2.0.0/lib/resque/worker.rb:670:in `unregister_worker'
workers-1  | /opt/.gem/gems/resque-2.0.0/lib/resque/worker.rb:250:in `rescue in work'
workers-1  | /opt/.gem/gems/resque-2.0.0/lib/resque/worker.rb:231:in `work'
workers-1  | /opt/.gem/gems/resque-2.0.0/lib/resque/tasks.rb:20:in `block (2 levels) in <top (required)>'
workers-1  | 
workers-1  | Caused by:
workers-1  | Redis::CommandError: NOAUTH Authentication required.
workers-1  | /opt/.gem/gems/redis-4.1.4/lib/redis/client.rb:126:in `call'
workers-1  | /opt/.gem/gems/redis-4.1.4/lib/redis.rb:915:in `block in get'
workers-1  | /opt/.gem/gems/redis-4.1.4/lib/redis.rb:51:in `block in synchronize'
workers-1  | /opt/.gem/gems/redis-4.1.4/lib/redis.rb:51:in `synchronize'
workers-1  | /opt/.gem/gems/redis-4.1.4/lib/redis.rb:914:in `get'
workers-1  | /opt/.gem/gems/redis-namespace-1.7.0/lib/redis/namespace.rb:469:in `call_with_namespace'
workers-1  | /opt/.gem/gems/redis-namespace-1.7.0/lib/redis/namespace.rb:349:in `block (2 levels) in <class:Namespace>'
workers-1  | /opt/.gem/gems/resque-2.0.0/lib/resque/data_store.rb:231:in `get_worker_payload'
workers-1  | /opt/.gem/gems/resque-2.0.0/lib/resque/worker.rb:752:in `job'
workers-1  | /opt/.gem/gems/resque-2.0.0/lib/resque/worker.rb:670:in `unregister_worker'
workers-1  | /opt/.gem/gems/resque-2.0.0/lib/resque/worker.rb:250:in `rescue in work'
workers-1  | /opt/.gem/gems/resque-2.0.0/lib/resque/worker.rb:231:in `work'
workers-1  | /opt/.gem/gems/resque-2.0.0/lib/resque/tasks.rb:20:in `block (2 levels) in <top (required)>'
workers-1  | 
workers-1  | Caused by:
workers-1  | Redis::CommandError: NOAUTH Authentication required.
workers-1  | /opt/.gem/gems/redis-4.1.4/lib/redis/client.rb:126:in `call'
workers-1  | /opt/.gem/gems/redis-4.1.4/lib/redis.rb:2216:in `block in hdel'
workers-1  | /opt/.gem/gems/redis-4.1.4/lib/redis.rb:51:in `block in synchronize'
workers-1  | /opt/.gem/gems/redis-4.1.4/lib/redis.rb:51:in `synchronize'
workers-1  | /opt/.gem/gems/redis-4.1.4/lib/redis.rb:2215:in `hdel'
workers-1  | /opt/.gem/gems/redis-namespace-1.7.0/lib/redis/namespace.rb:469:in `call_with_namespace'
workers-1  | /opt/.gem/gems/redis-namespace-1.7.0/lib/redis/namespace.rb:349:in `block (2 levels) in <class:Namespace>'
workers-1  | /opt/.gem/gems/resque-2.0.0/lib/resque/data_store.rb:261:in `remove_heartbeat'
workers-1  | /opt/.gem/gems/resque-2.0.0/lib/resque/worker.rb:475:in `remove_heartbeat'
workers-1  | /opt/.gem/gems/resque-2.0.0/lib/resque/worker.rb:507:in `start_heartbeat'
workers-1  | /opt/.gem/gems/resque-2.0.0/lib/resque/worker.rb:360:in `startup'
workers-1  | /opt/.gem/gems/resque-2.0.0/lib/resque/worker.rb:233:in `work'
workers-1  | /opt/.gem/gems/resque-2.0.0/lib/resque/tasks.rb:20:in `block (2 levels) in <top (required)>'
workers-1  | Tasks: TOP => resque:work
workers-1  | (See full trace by running task with --trace)
workers-1  | rake aborted!
workers-1  | Redis::CommandError: NOAUTH Authentication required.
workers-1  | Original Exception (Redis::CommandError): NOAUTH Authentication required.
workers-1  |   /opt/.gem/gems/redis-4.1.4/lib/redis/client.rb:126:in `call'  
workers-1  | /opt/.gem/gems/redis-4.1.4/lib/redis.rb:2216:in `block in hdel'  
workers-1  | /opt/.gem/gems/redis-4.1.4/lib/redis.rb:51:in `block in synchronize'  
workers-1  | /usr/local/ruby-2.7.0/lib/ruby/2.7.0/monitor.rb:202:in `synchronize'  
workers-1  | /usr/local/ruby-2.7.0/lib/ruby/2.7.0/monitor.rb:202:in `mon_synchronize'  
workers-1  | /opt/.gem/gems/redis-4.1.4/lib/redis.rb:51:in `synchronize'  
workers-1  | /opt/.gem/gems/redis-4.1.4/lib/redis.rb:2215:in `hdel'  
workers-1  | /opt/.gem/gems/redis-namespace-1.7.0/lib/redis/namespace.rb:469:in `call_with_namespace'  
workers-1  | /opt/.gem/gems/redis-namespace-1.7.0/lib/redis/namespace.rb:349:in `block (2 levels) in <class:Namespace>'  
workers-1  | /opt/.gem/gems/resque-2.0.0/lib/resque/data_store.rb:261:in `remove_heartbeat'  
workers-1  | /usr/local/ruby-2.7.0/lib/ruby/2.7.0/forwardable.rb:235:in `remove_heartbeat'  
workers-1  | /opt/.gem/gems/resque-2.0.0/lib/resque/worker.rb:475:in `remove_heartbeat'  
workers-1  | /opt/.gem/gems/resque-2.0.0/lib/resque/worker.rb:507:in `start_heartbeat'  
workers-1  | /opt/.gem/gems/resque-2.0.0/lib/resque/worker.rb:360:in `startup'  
workers-1  | /opt/.gem/gems/resque-2.0.0/lib/resque/worker.rb:233:in `work'  
workers-1  | /opt/.gem/gems/resque-2.0.0/lib/resque/tasks.rb:20:in `block (2 levels) in <top (required)>'  
workers-1  | /usr/local/ruby-2.7.0/lib/ruby/gems/2.7.0/gems/rake-13.0.1/lib/rake/task.rb:281:in `block in execute'  
workers-1  | /usr/local/ruby-2.7.0/lib/ruby/gems/2.7.0/gems/rake-13.0.1/lib/rake/task.rb:281:in `each'  
workers-1  | /usr/local/ruby-2.7.0/lib/ruby/gems/2.7.0/gems/rake-13.0.1/lib/rake/task.rb:281:in `execute'  
workers-1  | /usr/local/ruby-2.7.0/lib/ruby/gems/2.7.0/gems/rake-13.0.1/lib/rake/task.rb:219:in `block in invoke_with_call_chain'  
workers-1  | /usr/local/ruby-2.7.0/lib/ruby/gems/2.7.0/gems/rake-13.0.1/lib/rake/task.rb:199:in `synchronize'  
workers-1  | /usr/local/ruby-2.7.0/lib/ruby/gems/2.7.0/gems/rake-13.0.1/lib/rake/task.rb:199:in `invoke_with_call_chain'  
workers-1  | /usr/local/ruby-2.7.0/lib/ruby/gems/2.7.0/gems/rake-13.0.1/lib/rake/task.rb:188:in `invoke'  
workers-1  | /usr/local/ruby-2.7.0/lib/ruby/gems/2.7.0/gems/rake-13.0.1/lib/rake/application.rb:160:in `invoke_task'  
workers-1  | /usr/local/ruby-2.7.0/lib/ruby/gems/2.7.0/gems/rake-13.0.1/lib/rake/application.rb:116:in `block (2 levels) in top_level'  
workers-1  | /usr/local/ruby-2.7.0/lib/ruby/gems/2.7.0/gems/rake-13.0.1/lib/rake/application.rb:116:in `each'  
workers-1  | /usr/local/ruby-2.7.0/lib/ruby/gems/2.7.0/gems/rake-13.0.1/lib/rake/application.rb:116:in `block in top_level'  
workers-1  | /usr/local/ruby-2.7.0/lib/ruby/gems/2.7.0/gems/rake-13.0.1/lib/rake/application.rb:125:in `run_with_threads'  
workers-1  | /usr/local/ruby-2.7.0/lib/ruby/gems/2.7.0/gems/rake-13.0.1/lib/rake/application.rb:110:in `top_level'  
workers-1  | /usr/local/ruby-2.7.0/lib/ruby/gems/2.7.0/gems/rake-13.0.1/lib/rake/application.rb:83:in `block in run'  
workers-1  | /usr/local/ruby-2.7.0/lib/ruby/gems/2.7.0/gems/rake-13.0.1/lib/rake/application.rb:186:in `standard_exception_handling'  
workers-1  | /usr/local/ruby-2.7.0/lib/ruby/gems/2.7.0/gems/rake-13.0.1/lib/rake/application.rb:80:in `run'  
workers-1  | /usr/local/ruby-2.7.0/lib/ruby/gems/2.7.0/gems/rake-13.0.1/exe/rake:27:in `<top (required)>'  
workers-1  | /usr/local/ruby-2.7.0/bin/rake:23:in `load'  
workers-1  | /usr/local/ruby-2.7.0/bin/rake:23:in `<main>'
workers-1  | /opt/.gem/gems/redis-4.1.4/lib/redis/client.rb:126:in `call'
workers-1  | /opt/.gem/gems/redis-4.1.4/lib/redis.rb:915:in `block in get'
workers-1  | /opt/.gem/gems/redis-4.1.4/lib/redis.rb:51:in `block in synchronize'
workers-1  | /opt/.gem/gems/redis-4.1.4/lib/redis.rb:51:in `synchronize'
workers-1  | /opt/.gem/gems/redis-4.1.4/lib/redis.rb:914:in `get'
workers-1  | /opt/.gem/gems/redis-namespace-1.7.0/lib/redis/namespace.rb:469:in `call_with_namespace'
workers-1  | /opt/.gem/gems/redis-namespace-1.7.0/lib/redis/namespace.rb:349:in `block (2 levels) in <class:Namespace>'
workers-1  | /opt/.gem/gems/resque-2.0.0/lib/resque/data_store.rb:231:in `get_worker_payload'
workers-1  | /opt/.gem/gems/resque-2.0.0/lib/resque/worker.rb:752:in `job'
workers-1  | /opt/.gem/gems/resque-2.0.0/lib/resque/worker.rb:670:in `unregister_worker'
workers-1  | /opt/.gem/gems/resque-2.0.0/lib/resque/worker.rb:250:in `rescue in work'
workers-1  | /opt/.gem/gems/resque-2.0.0/lib/resque/worker.rb:231:in `work'
workers-1  | /opt/.gem/gems/resque-2.0.0/lib/resque/tasks.rb:20:in `block (2 levels) in <top (required)>'
workers-1  | 
workers-1  | Caused by:
workers-1  | Redis::CommandError: NOAUTH Authentication required.
workers-1  | /opt/.gem/gems/redis-4.1.4/lib/redis/client.rb:126:in `call'
workers-1  | /opt/.gem/gems/redis-4.1.4/lib/redis.rb:915:in `block in get'
workers-1  | /opt/.gem/gems/redis-4.1.4/lib/redis.rb:51:in `block in synchronize'
workers-1  | /opt/.gem/gems/redis-4.1.4/lib/redis.rb:51:in `synchronize'
workers-1  | /opt/.gem/gems/redis-4.1.4/lib/redis.rb:914:in `get'
workers-1  | /opt/.gem/gems/redis-namespace-1.7.0/lib/redis/namespace.rb:469:in `call_with_namespace'
workers-1  | /opt/.gem/gems/redis-namespace-1.7.0/lib/redis/namespace.rb:349:in `block (2 levels) in <class:Namespace>'
workers-1  | /opt/.gem/gems/resque-2.0.0/lib/resque/data_store.rb:231:in `get_worker_payload'
workers-1  | /opt/.gem/gems/resque-2.0.0/lib/resque/worker.rb:752:in `job'
workers-1  | /opt/.gem/gems/resque-2.0.0/lib/resque/worker.rb:670:in `unregister_worker'
workers-1  | /opt/.gem/gems/resque-2.0.0/lib/resque/worker.rb:250:in `rescue in work'
workers-1  | /opt/.gem/gems/resque-2.0.0/lib/resque/worker.rb:231:in `work'
workers-1  | /opt/.gem/gems/resque-2.0.0/lib/resque/tasks.rb:20:in `block (2 levels) in <top (required)>'
workers-1  | 
workers-1  | Caused by:
workers-1  | Redis::CommandError: NOAUTH Authentication required.
workers-1  | /opt/.gem/gems/redis-4.1.4/lib/redis/client.rb:126:in `call'
workers-1  | /opt/.gem/gems/redis-4.1.4/lib/redis.rb:2216:in `block in hdel'
workers-1  | /opt/.gem/gems/redis-4.1.4/lib/redis.rb:51:in `block in synchronize'
workers-1  | /opt/.gem/gems/redis-4.1.4/lib/redis.rb:51:in `synchronize'
workers-1  | /opt/.gem/gems/redis-4.1.4/lib/redis.rb:2215:in `hdel'
workers-1  | /opt/.gem/gems/redis-namespace-1.7.0/lib/redis/namespace.rb:469:in `call_with_namespace'
workers-1  | /opt/.gem/gems/redis-namespace-1.7.0/lib/redis/namespace.rb:349:in `block (2 levels) in <class:Namespace>'
workers-1  | /opt/.gem/gems/resque-2.0.0/lib/resque/data_store.rb:261:in `remove_heartbeat'
workers-1  | /opt/.gem/gems/resque-2.0.0/lib/resque/worker.rb:475:in `remove_heartbeat'
workers-1  | /opt/.gem/gems/resque-2.0.0/lib/resque/worker.rb:507:in `start_heartbeat'
workers-1  | /opt/.gem/gems/resque-2.0.0/lib/resque/worker.rb:360:in `startup'
workers-1  | /opt/.gem/gems/resque-2.0.0/lib/resque/worker.rb:233:in `work'
workers-1  | /opt/.gem/gems/resque-2.0.0/lib/resque/tasks.rb:20:in `block (2 levels) in <top (required)>'
workers-1  | Tasks: TOP => resque:work
workers-1  | (See full trace by running task with --trace)
workers-1  | rake aborted!
workers-1  | Redis::CommandError: NOAUTH Authentication required.
workers-1  | Original Exception (Redis::CommandError): NOAUTH Authentication required.
workers-1  |   /opt/.gem/gems/redis-4.1.4/lib/redis/client.rb:126:in `call'  
workers-1  | /opt/.gem/gems/redis-4.1.4/lib/redis.rb:2216:in `block in hdel'  
workers-1  | /opt/.gem/gems/redis-4.1.4/lib/redis.rb:51:in `block in synchronize'  
workers-1  | /usr/local/ruby-2.7.0/lib/ruby/2.7.0/monitor.rb:202:in `synchronize'  
workers-1  | /usr/local/ruby-2.7.0/lib/ruby/2.7.0/monitor.rb:202:in `mon_synchronize'  
workers-1  | /opt/.gem/gems/redis-4.1.4/lib/redis.rb:51:in `synchronize'  
workers-1  | /opt/.gem/gems/redis-4.1.4/lib/redis.rb:2215:in `hdel'  
workers-1  | /opt/.gem/gems/redis-namespace-1.7.0/lib/redis/namespace.rb:469:in `call_with_namespace'  
workers-1  | /opt/.gem/gems/redis-namespace-1.7.0/lib/redis/namespace.rb:349:in `block (2 levels) in <class:Namespace>'  
workers-1  | /opt/.gem/gems/resque-2.0.0/lib/resque/data_store.rb:261:in `remove_heartbeat'  
workers-1  | /usr/local/ruby-2.7.0/lib/ruby/2.7.0/forwardable.rb:235:in `remove_heartbeat'  
workers-1  | /opt/.gem/gems/resque-2.0.0/lib/resque/worker.rb:475:in `remove_heartbeat'  
workers-1  | /opt/.gem/gems/resque-2.0.0/lib/resque/worker.rb:507:in `start_heartbeat'  
workers-1  | /opt/.gem/gems/resque-2.0.0/lib/resque/worker.rb:360:in `startup'  
workers-1  | /opt/.gem/gems/resque-2.0.0/lib/resque/worker.rb:233:in `work'  
workers-1  | /opt/.gem/gems/resque-2.0.0/lib/resque/tasks.rb:20:in `block (2 levels) in <top (required)>'  
workers-1  | /usr/local/ruby-2.7.0/lib/ruby/gems/2.7.0/gems/rake-13.0.1/lib/rake/task.rb:281:in `block in execute'  
workers-1  | /usr/local/ruby-2.7.0/lib/ruby/gems/2.7.0/gems/rake-13.0.1/lib/rake/task.rb:281:in `each'  
workers-1  | /usr/local/ruby-2.7.0/lib/ruby/gems/2.7.0/gems/rake-13.0.1/lib/rake/task.rb:281:in `execute'  
workers-1  | /usr/local/ruby-2.7.0/lib/ruby/gems/2.7.0/gems/rake-13.0.1/lib/rake/task.rb:219:in `block in invoke_with_call_chain'  
workers-1  | /usr/local/ruby-2.7.0/lib/ruby/gems/2.7.0/gems/rake-13.0.1/lib/rake/task.rb:199:in `synchronize'  
workers-1  | /usr/local/ruby-2.7.0/lib/ruby/gems/2.7.0/gems/rake-13.0.1/lib/rake/task.rb:199:in `invoke_with_call_chain'  
workers-1  | /usr/local/ruby-2.7.0/lib/ruby/gems/2.7.0/gems/rake-13.0.1/lib/rake/task.rb:188:in `invoke'  
workers-1  | /usr/local/ruby-2.7.0/lib/ruby/gems/2.7.0/gems/rake-13.0.1/lib/rake/application.rb:160:in `invoke_task'  
workers-1  | /usr/local/ruby-2.7.0/lib/ruby/gems/2.7.0/gems/rake-13.0.1/lib/rake/application.rb:116:in `block (2 levels) in top_level'  
workers-1  | /usr/local/ruby-2.7.0/lib/ruby/gems/2.7.0/gems/rake-13.0.1/lib/rake/application.rb:116:in `each'  
workers-1  | /usr/local/ruby-2.7.0/lib/ruby/gems/2.7.0/gems/rake-13.0.1/lib/rake/application.rb:116:in `block in top_level'  
workers-1  | /usr/local/ruby-2.7.0/lib/ruby/gems/2.7.0/gems/rake-13.0.1/lib/rake/application.rb:125:in `run_with_threads'  
workers-1  | /usr/local/ruby-2.7.0/lib/ruby/gems/2.7.0/gems/rake-13.0.1/lib/rake/application.rb:110:in `top_level'  
workers-1  | /usr/local/ruby-2.7.0/lib/ruby/gems/2.7.0/gems/rake-13.0.1/lib/rake/application.rb:83:in `block in run'  
workers-1  | /usr/local/ruby-2.7.0/lib/ruby/gems/2.7.0/gems/rake-13.0.1/lib/rake/application.rb:186:in `standard_exception_handling'  
workers-1  | /usr/local/ruby-2.7.0/lib/ruby/gems/2.7.0/gems/rake-13.0.1/lib/rake/application.rb:80:in `run'  
workers-1  | /usr/local/ruby-2.7.0/lib/ruby/gems/2.7.0/gems/rake-13.0.1/exe/rake:27:in `<top (required)>'  
workers-1  | /usr/local/ruby-2.7.0/bin/rake:23:in `load'  
workers-1  | /usr/local/ruby-2.7.0/bin/rake:23:in `<main>'
workers-1  | /opt/.gem/gems/redis-4.1.4/lib/redis/client.rb:126:in `call'
workers-1  | /opt/.gem/gems/redis-4.1.4/lib/redis.rb:915:in `block in get'
workers-1  | /opt/.gem/gems/redis-4.1.4/lib/redis.rb:51:in `block in synchronize'
workers-1  | /opt/.gem/gems/redis-4.1.4/lib/redis.rb:51:in `synchronize'
workers-1  | /opt/.gem/gems/redis-4.1.4/lib/redis.rb:914:in `get'
workers-1  | /opt/.gem/gems/redis-namespace-1.7.0/lib/redis/namespace.rb:469:in `call_with_namespace'
workers-1  | /opt/.gem/gems/redis-namespace-1.7.0/lib/redis/namespace.rb:349:in `block (2 levels) in <class:Namespace>'
workers-1  | /opt/.gem/gems/resque-2.0.0/lib/resque/data_store.rb:231:in `get_worker_payload'
workers-1  | /opt/.gem/gems/resque-2.0.0/lib/resque/worker.rb:752:in `job'
workers-1  | /opt/.gem/gems/resque-2.0.0/lib/resque/worker.rb:670:in `unregister_worker'
workers-1  | /opt/.gem/gems/resque-2.0.0/lib/resque/worker.rb:250:in `rescue in work'
workers-1  | /opt/.gem/gems/resque-2.0.0/lib/resque/worker.rb:231:in `work'
workers-1  | /opt/.gem/gems/resque-2.0.0/lib/resque/tasks.rb:20:in `block (2 levels) in <top (required)>'
workers-1  | 
workers-1  | Caused by:
workers-1  | Redis::CommandError: NOAUTH Authentication required.
workers-1  | /opt/.gem/gems/redis-4.1.4/lib/redis/client.rb:126:in `call'
workers-1  | /opt/.gem/gems/redis-4.1.4/lib/redis.rb:915:in `block in get'
workers-1  | /opt/.gem/gems/redis-4.1.4/lib/redis.rb:51:in `block in synchronize'
workers-1  | /opt/.gem/gems/redis-4.1.4/lib/redis.rb:51:in `synchronize'
workers-1  | /opt/.gem/gems/redis-4.1.4/lib/redis.rb:914:in `get'
workers-1  | /opt/.gem/gems/redis-namespace-1.7.0/lib/redis/namespace.rb:469:in `call_with_namespace'
workers-1  | /opt/.gem/gems/redis-namespace-1.7.0/lib/redis/namespace.rb:349:in `block (2 levels) in <class:Namespace>'
workers-1  | /opt/.gem/gems/resque-2.0.0/lib/resque/data_store.rb:231:in `get_worker_payload'
workers-1  | /opt/.gem/gems/resque-2.0.0/lib/resque/worker.rb:752:in `job'
workers-1  | /opt/.gem/gems/resque-2.0.0/lib/resque/worker.rb:670:in `unregister_worker'
workers-1  | /opt/.gem/gems/resque-2.0.0/lib/resque/worker.rb:250:in `rescue in work'
workers-1  | /opt/.gem/gems/resque-2.0.0/lib/resque/worker.rb:231:in `work'
workers-1  | /opt/.gem/gems/resque-2.0.0/lib/resque/tasks.rb:20:in `block (2 levels) in <top (required)>'
workers-1  | 
workers-1  | Caused by:
workers-1  | Redis::CommandError: NOAUTH Authentication required.
workers-1  | /opt/.gem/gems/redis-4.1.4/lib/redis/client.rb:126:in `call'
workers-1  | /opt/.gem/gems/redis-4.1.4/lib/redis.rb:2216:in `block in hdel'
workers-1  | /opt/.gem/gems/redis-4.1.4/lib/redis.rb:51:in `block in synchronize'
workers-1  | /opt/.gem/gems/redis-4.1.4/lib/redis.rb:51:in `synchronize'
workers-1  | /opt/.gem/gems/redis-4.1.4/lib/redis.rb:2215:in `hdel'
workers-1  | /opt/.gem/gems/redis-namespace-1.7.0/lib/redis/namespace.rb:469:in `call_with_namespace'
workers-1  | /opt/.gem/gems/redis-namespace-1.7.0/lib/redis/namespace.rb:349:in `block (2 levels) in <class:Namespace>'
workers-1  | /opt/.gem/gems/resque-2.0.0/lib/resque/data_store.rb:261:in `remove_heartbeat'
workers-1  | /opt/.gem/gems/resque-2.0.0/lib/resque/worker.rb:475:in `remove_heartbeat'
workers-1  | /opt/.gem/gems/resque-2.0.0/lib/resque/worker.rb:507:in `start_heartbeat'
workers-1  | /opt/.gem/gems/resque-2.0.0/lib/resque/worker.rb:360:in `startup'
workers-1  | /opt/.gem/gems/resque-2.0.0/lib/resque/worker.rb:233:in `work'
workers-1  | /opt/.gem/gems/resque-2.0.0/lib/resque/tasks.rb:20:in `block (2 levels) in <top (required)>'
workers-1  | Tasks: TOP => resque:work
workers-1  | (See full trace by running task with --trace)
workers-1  | rake aborted!
workers-1  | Redis::CommandError: NOAUTH Authentication required.
workers-1  | Original Exception (Redis::CommandError): NOAUTH Authentication required.
workers-1  |   /opt/.gem/gems/redis-4.1.4/lib/redis/client.rb:126:in `call'  
workers-1  | /opt/.gem/gems/redis-4.1.4/lib/redis.rb:2216:in `block in hdel'  
workers-1  | /opt/.gem/gems/redis-4.1.4/lib/redis.rb:51:in `block in synchronize'  
workers-1  | /usr/local/ruby-2.7.0/lib/ruby/2.7.0/monitor.rb:202:in `synchronize'  
workers-1  | /usr/local/ruby-2.7.0/lib/ruby/2.7.0/monitor.rb:202:in `mon_synchronize'  
workers-1  | /opt/.gem/gems/redis-4.1.4/lib/redis.rb:51:in `synchronize'  
workers-1  | /opt/.gem/gems/redis-4.1.4/lib/redis.rb:2215:in `hdel'  
workers-1  | /opt/.gem/gems/redis-namespace-1.7.0/lib/redis/namespace.rb:469:in `call_with_namespace'  
workers-1  | /opt/.gem/gems/redis-namespace-1.7.0/lib/redis/namespace.rb:349:in `block (2 levels) in <class:Namespace>'  
workers-1  | /opt/.gem/gems/resque-2.0.0/lib/resque/data_store.rb:261:in `remove_heartbeat'  
workers-1  | /usr/local/ruby-2.7.0/lib/ruby/2.7.0/forwardable.rb:235:in `remove_heartbeat'  
workers-1  | /opt/.gem/gems/resque-2.0.0/lib/resque/worker.rb:475:in `remove_heartbeat'  
workers-1  | /opt/.gem/gems/resque-2.0.0/lib/resque/worker.rb:507:in `start_heartbeat'  
workers-1  | /opt/.gem/gems/resque-2.0.0/lib/resque/worker.rb:360:in `startup'  
workers-1  | /opt/.gem/gems/resque-2.0.0/lib/resque/worker.rb:233:in `work'  
workers-1  | /opt/.gem/gems/resque-2.0.0/lib/resque/tasks.rb:20:in `block (2 levels) in <top (required)>'  
workers-1  | /usr/local/ruby-2.7.0/lib/ruby/gems/2.7.0/gems/rake-13.0.1/lib/rake/task.rb:281:in `block in execute'  
workers-1  | /usr/local/ruby-2.7.0/lib/ruby/gems/2.7.0/gems/rake-13.0.1/lib/rake/task.rb:281:in `each'  
workers-1  | /usr/local/ruby-2.7.0/lib/ruby/gems/2.7.0/gems/rake-13.0.1/lib/rake/task.rb:281:in `execute'  
workers-1  | /usr/local/ruby-2.7.0/lib/ruby/gems/2.7.0/gems/rake-13.0.1/lib/rake/task.rb:219:in `block in invoke_with_call_chain'  
workers-1  | /usr/local/ruby-2.7.0/lib/ruby/gems/2.7.0/gems/rake-13.0.1/lib/rake/task.rb:199:in `synchronize'  
workers-1  | /usr/local/ruby-2.7.0/lib/ruby/gems/2.7.0/gems/rake-13.0.1/lib/rake/task.rb:199:in `invoke_with_call_chain'  
workers-1  | /usr/local/ruby-2.7.0/lib/ruby/gems/2.7.0/gems/rake-13.0.1/lib/rake/task.rb:188:in `invoke'  
workers-1  | /usr/local/ruby-2.7.0/lib/ruby/gems/2.7.0/gems/rake-13.0.1/lib/rake/application.rb:160:in `invoke_task'  
workers-1  | /usr/local/ruby-2.7.0/lib/ruby/gems/2.7.0/gems/rake-13.0.1/lib/rake/application.rb:116:in `block (2 levels) in top_level'  
workers-1  | /usr/local/ruby-2.7.0/lib/ruby/gems/2.7.0/gems/rake-13.0.1/lib/rake/application.rb:116:in `each'  
workers-1  | /usr/local/ruby-2.7.0/lib/ruby/gems/2.7.0/gems/rake-13.0.1/lib/rake/application.rb:116:in `block in top_level'  
workers-1  | /usr/local/ruby-2.7.0/lib/ruby/gems/2.7.0/gems/rake-13.0.1/lib/rake/application.rb:125:in `run_with_threads'  
workers-1  | /usr/local/ruby-2.7.0/lib/ruby/gems/2.7.0/gems/rake-13.0.1/lib/rake/application.rb:110:in `top_level'  
workers-1  | /usr/local/ruby-2.7.0/lib/ruby/gems/2.7.0/gems/rake-13.0.1/lib/rake/application.rb:83:in `block in run'  
workers-1  | /usr/local/ruby-2.7.0/lib/ruby/gems/2.7.0/gems/rake-13.0.1/lib/rake/application.rb:186:in `standard_exception_handling'  
workers-1  | /usr/local/ruby-2.7.0/lib/ruby/gems/2.7.0/gems/rake-13.0.1/lib/rake/application.rb:80:in `run'  
workers-1  | /usr/local/ruby-2.7.0/lib/ruby/gems/2.7.0/gems/rake-13.0.1/exe/rake:27:in `<top (required)>'  
workers-1  | /usr/local/ruby-2.7.0/bin/rake:23:in `load'  
workers-1  | /usr/local/ruby-2.7.0/bin/rake:23:in `<main>'
workers-1  | /opt/.gem/gems/redis-4.1.4/lib/redis/client.rb:126:in `call'
workers-1  | /opt/.gem/gems/redis-4.1.4/lib/redis.rb:915:in `block in get'
workers-1  | /opt/.gem/gems/redis-4.1.4/lib/redis.rb:51:in `block in synchronize'
workers-1  | /opt/.gem/gems/redis-4.1.4/lib/redis.rb:51:in `synchronize'
workers-1  | /opt/.gem/gems/redis-4.1.4/lib/redis.rb:914:in `get'
workers-1  | /opt/.gem/gems/redis-namespace-1.7.0/lib/redis/namespace.rb:469:in `call_with_namespace'
workers-1  | /opt/.gem/gems/redis-namespace-1.7.0/lib/redis/namespace.rb:349:in `block (2 levels) in <class:Namespace>'
workers-1  | /opt/.gem/gems/resque-2.0.0/lib/resque/data_store.rb:231:in `get_worker_payload'
workers-1  | /opt/.gem/gems/resque-2.0.0/lib/resque/worker.rb:752:in `job'
workers-1  | /opt/.gem/gems/resque-2.0.0/lib/resque/worker.rb:670:in `unregister_worker'
workers-1  | /opt/.gem/gems/resque-2.0.0/lib/resque/worker.rb:250:in `rescue in work'
workers-1  | /opt/.gem/gems/resque-2.0.0/lib/resque/worker.rb:231:in `work'
workers-1  | /opt/.gem/gems/resque-2.0.0/lib/resque/tasks.rb:20:in `block (2 levels) in <top (required)>'
workers-1  | 
workers-1  | Caused by:
workers-1  | Redis::CommandError: NOAUTH Authentication required.
workers-1  | /opt/.gem/gems/redis-4.1.4/lib/redis/client.rb:126:in `call'
workers-1  | /opt/.gem/gems/redis-4.1.4/lib/redis.rb:915:in `block in get'
workers-1  | /opt/.gem/gems/redis-4.1.4/lib/redis.rb:51:in `block in synchronize'
workers-1  | /opt/.gem/gems/redis-4.1.4/lib/redis.rb:51:in `synchronize'
workers-1  | /opt/.gem/gems/redis-4.1.4/lib/redis.rb:914:in `get'
workers-1  | /opt/.gem/gems/redis-namespace-1.7.0/lib/redis/namespace.rb:469:in `call_with_namespace'
workers-1  | /opt/.gem/gems/redis-namespace-1.7.0/lib/redis/namespace.rb:349:in `block (2 levels) in <class:Namespace>'
workers-1  | /opt/.gem/gems/resque-2.0.0/lib/resque/data_store.rb:231:in `get_worker_payload'
workers-1  | /opt/.gem/gems/resque-2.0.0/lib/resque/worker.rb:752:in `job'
workers-1  | /opt/.gem/gems/resque-2.0.0/lib/resque/worker.rb:670:in `unregister_worker'
workers-1  | /opt/.gem/gems/resque-2.0.0/lib/resque/worker.rb:250:in `rescue in work'
workers-1  | /opt/.gem/gems/resque-2.0.0/lib/resque/worker.rb:231:in `work'
workers-1  | /opt/.gem/gems/resque-2.0.0/lib/resque/tasks.rb:20:in `block (2 levels) in <top (required)>'
workers-1  | 
workers-1  | Caused by:
workers-1  | Redis::CommandError: NOAUTH Authentication required.
workers-1  | /opt/.gem/gems/redis-4.1.4/lib/redis/client.rb:126:in `call'
workers-1  | /opt/.gem/gems/redis-4.1.4/lib/redis.rb:2216:in `block in hdel'
workers-1  | /opt/.gem/gems/redis-4.1.4/lib/redis.rb:51:in `block in synchronize'
workers-1  | /opt/.gem/gems/redis-4.1.4/lib/redis.rb:51:in `synchronize'
workers-1  | /opt/.gem/gems/redis-4.1.4/lib/redis.rb:2215:in `hdel'
workers-1  | /opt/.gem/gems/redis-namespace-1.7.0/lib/redis/namespace.rb:469:in `call_with_namespace'
workers-1  | /opt/.gem/gems/redis-namespace-1.7.0/lib/redis/namespace.rb:349:in `block (2 levels) in <class:Namespace>'
workers-1  | /opt/.gem/gems/resque-2.0.0/lib/resque/data_store.rb:261:in `remove_heartbeat'
workers-1  | /opt/.gem/gems/resque-2.0.0/lib/resque/worker.rb:475:in `remove_heartbeat'
workers-1  | /opt/.gem/gems/resque-2.0.0/lib/resque/worker.rb:507:in `start_heartbeat'
workers-1  | /opt/.gem/gems/resque-2.0.0/lib/resque/worker.rb:360:in `startup'
workers-1  | /opt/.gem/gems/resque-2.0.0/lib/resque/worker.rb:233:in `work'
workers-1  | /opt/.gem/gems/resque-2.0.0/lib/resque/tasks.rb:20:in `block (2 levels) in <top (required)>'
workers-1  | Tasks: TOP => resque:work
workers-1  | (See full trace by running task with --trace)
workers-1  | rake aborted!
workers-1  | Redis::CommandError: NOAUTH Authentication required.
workers-1  | Original Exception (Redis::CommandError): NOAUTH Authentication required.
workers-1  |   /opt/.gem/gems/redis-4.1.4/lib/redis/client.rb:126:in `call'  
workers-1  | /opt/.gem/gems/redis-4.1.4/lib/redis.rb:2216:in `block in hdel'  
workers-1  | /opt/.gem/gems/redis-4.1.4/lib/redis.rb:51:in `block in synchronize'  
workers-1  | /usr/local/ruby-2.7.0/lib/ruby/2.7.0/monitor.rb:202:in `synchronize'  
workers-1  | /usr/local/ruby-2.7.0/lib/ruby/2.7.0/monitor.rb:202:in `mon_synchronize'  
workers-1  | /opt/.gem/gems/redis-4.1.4/lib/redis.rb:51:in `synchronize'  
workers-1  | /opt/.gem/gems/redis-4.1.4/lib/redis.rb:2215:in `hdel'  
workers-1  | /opt/.gem/gems/redis-namespace-1.7.0/lib/redis/namespace.rb:469:in `call_with_namespace'  
workers-1  | /opt/.gem/gems/redis-namespace-1.7.0/lib/redis/namespace.rb:349:in `block (2 levels) in <class:Namespace>'  
workers-1  | /opt/.gem/gems/resque-2.0.0/lib/resque/data_store.rb:261:in `remove_heartbeat'  
workers-1  | /usr/local/ruby-2.7.0/lib/ruby/2.7.0/forwardable.rb:235:in `remove_heartbeat'  
workers-1  | /opt/.gem/gems/resque-2.0.0/lib/resque/worker.rb:475:in `remove_heartbeat'  
workers-1  | /opt/.gem/gems/resque-2.0.0/lib/resque/worker.rb:507:in `start_heartbeat'  
workers-1  | /opt/.gem/gems/resque-2.0.0/lib/resque/worker.rb:360:in `startup'  
workers-1  | /opt/.gem/gems/resque-2.0.0/lib/resque/worker.rb:233:in `work'  
workers-1  | /opt/.gem/gems/resque-2.0.0/lib/resque/tasks.rb:20:in `block (2 levels) in <top (required)>'  
workers-1  | /usr/local/ruby-2.7.0/lib/ruby/gems/2.7.0/gems/rake-13.0.1/lib/rake/task.rb:281:in `block in execute'  
workers-1  | /usr/local/ruby-2.7.0/lib/ruby/gems/2.7.0/gems/rake-13.0.1/lib/rake/task.rb:281:in `each'  
workers-1  | /usr/local/ruby-2.7.0/lib/ruby/gems/2.7.0/gems/rake-13.0.1/lib/rake/task.rb:281:in `execute'  
workers-1  | /usr/local/ruby-2.7.0/lib/ruby/gems/2.7.0/gems/rake-13.0.1/lib/rake/task.rb:219:in `block in invoke_with_call_chain'  
workers-1  | /usr/local/ruby-2.7.0/lib/ruby/gems/2.7.0/gems/rake-13.0.1/lib/rake/task.rb:199:in `synchronize'  
workers-1  | /usr/local/ruby-2.7.0/lib/ruby/gems/2.7.0/gems/rake-13.0.1/lib/rake/task.rb:199:in `invoke_with_call_chain'  
workers-1  | /usr/local/ruby-2.7.0/lib/ruby/gems/2.7.0/gems/rake-13.0.1/lib/rake/task.rb:188:in `invoke'  
workers-1  | /usr/local/ruby-2.7.0/lib/ruby/gems/2.7.0/gems/rake-13.0.1/lib/rake/application.rb:160:in `invoke_task'  
workers-1  | /usr/local/ruby-2.7.0/lib/ruby/gems/2.7.0/gems/rake-13.0.1/lib/rake/application.rb:116:in `block (2 levels) in top_level'  
workers-1  | /usr/local/ruby-2.7.0/lib/ruby/gems/2.7.0/gems/rake-13.0.1/lib/rake/application.rb:116:in `each'  
workers-1  | /usr/local/ruby-2.7.0/lib/ruby/gems/2.7.0/gems/rake-13.0.1/lib/rake/application.rb:116:in `block in top_level'  
workers-1  | /usr/local/ruby-2.7.0/lib/ruby/gems/2.7.0/gems/rake-13.0.1/lib/rake/application.rb:125:in `run_with_threads'  
workers-1  | /usr/local/ruby-2.7.0/lib/ruby/gems/2.7.0/gems/rake-13.0.1/lib/rake/application.rb:110:in `top_level'  
workers-1  | /usr/local/ruby-2.7.0/lib/ruby/gems/2.7.0/gems/rake-13.0.1/lib/rake/application.rb:83:in `block in run'  
workers-1  | /usr/local/ruby-2.7.0/lib/ruby/gems/2.7.0/gems/rake-13.0.1/lib/rake/application.rb:186:in `standard_exception_handling'  
workers-1  | /usr/local/ruby-2.7.0/lib/ruby/gems/2.7.0/gems/rake-13.0.1/lib/rake/application.rb:80:in `run'  
workers-1  | /usr/local/ruby-2.7.0/lib/ruby/gems/2.7.0/gems/rake-13.0.1/exe/rake:27:in `<top (required)>'  
workers-1  | /usr/local/ruby-2.7.0/bin/rake:23:in `load'  
workers-1  | /usr/local/ruby-2.7.0/bin/rake:23:in `<main>'
workers-1  | /opt/.gem/gems/redis-4.1.4/lib/redis/client.rb:126:in `call'
workers-1  | /opt/.gem/gems/redis-4.1.4/lib/redis.rb:915:in `block in get'
workers-1  | /opt/.gem/gems/redis-4.1.4/lib/redis.rb:51:in `block in synchronize'
workers-1  | /opt/.gem/gems/redis-4.1.4/lib/redis.rb:51:in `synchronize'
workers-1  | /opt/.gem/gems/redis-4.1.4/lib/redis.rb:914:in `get'
workers-1  | /opt/.gem/gems/redis-namespace-1.7.0/lib/redis/namespace.rb:469:in `call_with_namespace'
workers-1  | /opt/.gem/gems/redis-namespace-1.7.0/lib/redis/namespace.rb:349:in `block (2 levels) in <class:Namespace>'
workers-1  | /opt/.gem/gems/resque-2.0.0/lib/resque/data_store.rb:231:in `get_worker_payload'
workers-1  | /opt/.gem/gems/resque-2.0.0/lib/resque/worker.rb:752:in `job'
workers-1  | /opt/.gem/gems/resque-2.0.0/lib/resque/worker.rb:670:in `unregister_worker'
workers-1  | /opt/.gem/gems/resque-2.0.0/lib/resque/worker.rb:250:in `rescue in work'
workers-1  | /opt/.gem/gems/resque-2.0.0/lib/resque/worker.rb:231:in `work'
workers-1  | /opt/.gem/gems/resque-2.0.0/lib/resque/tasks.rb:20:in `block (2 levels) in <top (required)>'
workers-1  | 
workers-1  | Caused by:
workers-1  | Redis::CommandError: NOAUTH Authentication required.
workers-1  | /opt/.gem/gems/redis-4.1.4/lib/redis/client.rb:126:in `call'
workers-1  | /opt/.gem/gems/redis-4.1.4/lib/redis.rb:915:in `block in get'
workers-1  | /opt/.gem/gems/redis-4.1.4/lib/redis.rb:51:in `block in synchronize'
workers-1  | /opt/.gem/gems/redis-4.1.4/lib/redis.rb:51:in `synchronize'
workers-1  | /opt/.gem/gems/redis-4.1.4/lib/redis.rb:914:in `get'
workers-1  | /opt/.gem/gems/redis-namespace-1.7.0/lib/redis/namespace.rb:469:in `call_with_namespace'
workers-1  | /opt/.gem/gems/redis-namespace-1.7.0/lib/redis/namespace.rb:349:in `block (2 levels) in <class:Namespace>'
workers-1  | /opt/.gem/gems/resque-2.0.0/lib/resque/data_store.rb:231:in `get_worker_payload'
workers-1  | /opt/.gem/gems/resque-2.0.0/lib/resque/worker.rb:752:in `job'
workers-1  | /opt/.gem/gems/resque-2.0.0/lib/resque/worker.rb:670:in `unregister_worker'
workers-1  | /opt/.gem/gems/resque-2.0.0/lib/resque/worker.rb:250:in `rescue in work'
workers-1  | /opt/.gem/gems/resque-2.0.0/lib/resque/worker.rb:231:in `work'
workers-1  | /opt/.gem/gems/resque-2.0.0/lib/resque/tasks.rb:20:in `block (2 levels) in <top (required)>'
workers-1  | 
workers-1  | Caused by:
workers-1  | Redis::CommandError: NOAUTH Authentication required.
workers-1  | /opt/.gem/gems/redis-4.1.4/lib/redis/client.rb:126:in `call'
workers-1  | /opt/.gem/gems/redis-4.1.4/lib/redis.rb:2216:in `block in hdel'
workers-1  | /opt/.gem/gems/redis-4.1.4/lib/redis.rb:51:in `block in synchronize'
workers-1  | /opt/.gem/gems/redis-4.1.4/lib/redis.rb:51:in `synchronize'
workers-1  | /opt/.gem/gems/redis-4.1.4/lib/redis.rb:2215:in `hdel'
workers-1  | /opt/.gem/gems/redis-namespace-1.7.0/lib/redis/namespace.rb:469:in `call_with_namespace'
workers-1  | /opt/.gem/gems/redis-namespace-1.7.0/lib/redis/namespace.rb:349:in `block (2 levels) in <class:Namespace>'
workers-1  | /opt/.gem/gems/resque-2.0.0/lib/resque/data_store.rb:261:in `remove_heartbeat'
workers-1  | /opt/.gem/gems/resque-2.0.0/lib/resque/worker.rb:475:in `remove_heartbeat'
workers-1  | /opt/.gem/gems/resque-2.0.0/lib/resque/worker.rb:507:in `start_heartbeat'
workers-1  | /opt/.gem/gems/resque-2.0.0/lib/resque/worker.rb:360:in `startup'
workers-1  | /opt/.gem/gems/resque-2.0.0/lib/resque/worker.rb:233:in `work'
workers-1  | /opt/.gem/gems/resque-2.0.0/lib/resque/tasks.rb:20:in `block (2 levels) in <top (required)>'
workers-1  | Tasks: TOP => resque:work
workers-1  | (See full trace by running task with --trace)
workers-1  | rake aborted!
workers-1  | Redis::CommandError: NOAUTH Authentication required.
workers-1  | Original Exception (Redis::CommandError): NOAUTH Authentication required.
workers-1  |   /opt/.gem/gems/redis-4.1.4/lib/redis/client.rb:126:in `call'  
workers-1  | /opt/.gem/gems/redis-4.1.4/lib/redis.rb:2216:in `block in hdel'  
workers-1  | /opt/.gem/gems/redis-4.1.4/lib/redis.rb:51:in `block in synchronize'  
workers-1  | /usr/local/ruby-2.7.0/lib/ruby/2.7.0/monitor.rb:202:in `synchronize'  
workers-1  | /usr/local/ruby-2.7.0/lib/ruby/2.7.0/monitor.rb:202:in `mon_synchronize'  
workers-1  | /opt/.gem/gems/redis-4.1.4/lib/redis.rb:51:in `synchronize'  
workers-1  | /opt/.gem/gems/redis-4.1.4/lib/redis.rb:2215:in `hdel'  
workers-1  | /opt/.gem/gems/redis-namespace-1.7.0/lib/redis/namespace.rb:469:in `call_with_namespace'  
workers-1  | /opt/.gem/gems/redis-namespace-1.7.0/lib/redis/namespace.rb:349:in `block (2 levels) in <class:Namespace>'  
workers-1  | /opt/.gem/gems/resque-2.0.0/lib/resque/data_store.rb:261:in `remove_heartbeat'  
workers-1  | /usr/local/ruby-2.7.0/lib/ruby/2.7.0/forwardable.rb:235:in `remove_heartbeat'  
workers-1  | /opt/.gem/gems/resque-2.0.0/lib/resque/worker.rb:475:in `remove_heartbeat'  
workers-1  | /opt/.gem/gems/resque-2.0.0/lib/resque/worker.rb:507:in `start_heartbeat'  
workers-1  | /opt/.gem/gems/resque-2.0.0/lib/resque/worker.rb:360:in `startup'  
workers-1  | /opt/.gem/gems/resque-2.0.0/lib/resque/worker.rb:233:in `work'  
workers-1  | /opt/.gem/gems/resque-2.0.0/lib/resque/tasks.rb:20:in `block (2 levels) in <top (required)>'  
workers-1  | /usr/local/ruby-2.7.0/lib/ruby/gems/2.7.0/gems/rake-13.0.1/lib/rake/task.rb:281:in `block in execute'  
workers-1  | /usr/local/ruby-2.7.0/lib/ruby/gems/2.7.0/gems/rake-13.0.1/lib/rake/task.rb:281:in `each'  
workers-1  | /usr/local/ruby-2.7.0/lib/ruby/gems/2.7.0/gems/rake-13.0.1/lib/rake/task.rb:281:in `execute'  
workers-1  | /usr/local/ruby-2.7.0/lib/ruby/gems/2.7.0/gems/rake-13.0.1/lib/rake/task.rb:219:in `block in invoke_with_call_chain'  
workers-1  | /usr/local/ruby-2.7.0/lib/ruby/gems/2.7.0/gems/rake-13.0.1/lib/rake/task.rb:199:in `synchronize'  
workers-1  | /usr/local/ruby-2.7.0/lib/ruby/gems/2.7.0/gems/rake-13.0.1/lib/rake/task.rb:199:in `invoke_with_call_chain'  
workers-1  | /usr/local/ruby-2.7.0/lib/ruby/gems/2.7.0/gems/rake-13.0.1/lib/rake/task.rb:188:in `invoke'  
workers-1  | /usr/local/ruby-2.7.0/lib/ruby/gems/2.7.0/gems/rake-13.0.1/lib/rake/application.rb:160:in `invoke_task'  
workers-1  | /usr/local/ruby-2.7.0/lib/ruby/gems/2.7.0/gems/rake-13.0.1/lib/rake/application.rb:116:in `block (2 levels) in top_level'  
workers-1  | /usr/local/ruby-2.7.0/lib/ruby/gems/2.7.0/gems/rake-13.0.1/lib/rake/application.rb:116:in `each'  
workers-1  | /usr/local/ruby-2.7.0/lib/ruby/gems/2.7.0/gems/rake-13.0.1/lib/rake/application.rb:116:in `block in top_level'  
workers-1  | /usr/local/ruby-2.7.0/lib/ruby/gems/2.7.0/gems/rake-13.0.1/lib/rake/application.rb:125:in `run_with_threads'  
workers-1  | /usr/local/ruby-2.7.0/lib/ruby/gems/2.7.0/gems/rake-13.0.1/lib/rake/application.rb:110:in `top_level'  
workers-1  | /usr/local/ruby-2.7.0/lib/ruby/gems/2.7.0/gems/rake-13.0.1/lib/rake/application.rb:83:in `block in run'  
workers-1  | /usr/local/ruby-2.7.0/lib/ruby/gems/2.7.0/gems/rake-13.0.1/lib/rake/application.rb:186:in `standard_exception_handling'  
workers-1  | /usr/local/ruby-2.7.0/lib/ruby/gems/2.7.0/gems/rake-13.0.1/lib/rake/application.rb:80:in `run'  
workers-1  | /usr/local/ruby-2.7.0/lib/ruby/gems/2.7.0/gems/rake-13.0.1/exe/rake:27:in `<top (required)>'  
workers-1  | /usr/local/ruby-2.7.0/bin/rake:23:in `load'  
workers-1  | /usr/local/ruby-2.7.0/bin/rake:23:in `<main>'
workers-1  | /opt/.gem/gems/redis-4.1.4/lib/redis/client.rb:126:in `call'
workers-1  | /opt/.gem/gems/redis-4.1.4/lib/redis.rb:915:in `block in get'
workers-1  | /opt/.gem/gems/redis-4.1.4/lib/redis.rb:51:in `block in synchronize'
workers-1  | /opt/.gem/gems/redis-4.1.4/lib/redis.rb:51:in `synchronize'
workers-1  | /opt/.gem/gems/redis-4.1.4/lib/redis.rb:914:in `get'
workers-1  | /opt/.gem/gems/redis-namespace-1.7.0/lib/redis/namespace.rb:469:in `call_with_namespace'
workers-1  | /opt/.gem/gems/redis-namespace-1.7.0/lib/redis/namespace.rb:349:in `block (2 levels) in <class:Namespace>'
workers-1  | /opt/.gem/gems/resque-2.0.0/lib/resque/data_store.rb:231:in `get_worker_payload'
workers-1  | /opt/.gem/gems/resque-2.0.0/lib/resque/worker.rb:752:in `job'
workers-1  | /opt/.gem/gems/resque-2.0.0/lib/resque/worker.rb:670:in `unregister_worker'
workers-1  | /opt/.gem/gems/resque-2.0.0/lib/resque/worker.rb:250:in `rescue in work'
workers-1  | /opt/.gem/gems/resque-2.0.0/lib/resque/worker.rb:231:in `work'
workers-1  | /opt/.gem/gems/resque-2.0.0/lib/resque/tasks.rb:20:in `block (2 levels) in <top (required)>'
workers-1  | 
workers-1  | Caused by:
workers-1  | Redis::CommandError: NOAUTH Authentication required.
workers-1  | /opt/.gem/gems/redis-4.1.4/lib/redis/client.rb:126:in `call'
workers-1  | /opt/.gem/gems/redis-4.1.4/lib/redis.rb:915:in `block in get'
workers-1  | /opt/.gem/gems/redis-4.1.4/lib/redis.rb:51:in `block in synchronize'
workers-1  | /opt/.gem/gems/redis-4.1.4/lib/redis.rb:51:in `synchronize'
workers-1  | /opt/.gem/gems/redis-4.1.4/lib/redis.rb:914:in `get'
workers-1  | /opt/.gem/gems/redis-namespace-1.7.0/lib/redis/namespace.rb:469:in `call_with_namespace'
workers-1  | /opt/.gem/gems/redis-namespace-1.7.0/lib/redis/namespace.rb:349:in `block (2 levels) in <class:Namespace>'
workers-1  | /opt/.gem/gems/resque-2.0.0/lib/resque/data_store.rb:231:in `get_worker_payload'
workers-1  | /opt/.gem/gems/resque-2.0.0/lib/resque/worker.rb:752:in `job'
workers-1  | /opt/.gem/gems/resque-2.0.0/lib/resque/worker.rb:670:in `unregister_worker'
workers-1  | /opt/.gem/gems/resque-2.0.0/lib/resque/worker.rb:250:in `rescue in work'
workers-1  | /opt/.gem/gems/resque-2.0.0/lib/resque/worker.rb:231:in `work'
workers-1  | /opt/.gem/gems/resque-2.0.0/lib/resque/tasks.rb:20:in `block (2 levels) in <top (required)>'
workers-1  | 
workers-1  | Caused by:
workers-1  | Redis::CommandError: NOAUTH Authentication required.
workers-1  | /opt/.gem/gems/redis-4.1.4/lib/redis/client.rb:126:in `call'
workers-1  | /opt/.gem/gems/redis-4.1.4/lib/redis.rb:2216:in `block in hdel'
workers-1  | /opt/.gem/gems/redis-4.1.4/lib/redis.rb:51:in `block in synchronize'
workers-1  | /opt/.gem/gems/redis-4.1.4/lib/redis.rb:51:in `synchronize'
workers-1  | /opt/.gem/gems/redis-4.1.4/lib/redis.rb:2215:in `hdel'
workers-1  | /opt/.gem/gems/redis-namespace-1.7.0/lib/redis/namespace.rb:469:in `call_with_namespace'
workers-1  | /opt/.gem/gems/redis-namespace-1.7.0/lib/redis/namespace.rb:349:in `block (2 levels) in <class:Namespace>'
workers-1  | /opt/.gem/gems/resque-2.0.0/lib/resque/data_store.rb:261:in `remove_heartbeat'
workers-1  | /opt/.gem/gems/resque-2.0.0/lib/resque/worker.rb:475:in `remove_heartbeat'
workers-1  | /opt/.gem/gems/resque-2.0.0/lib/resque/worker.rb:507:in `start_heartbeat'
workers-1  | /opt/.gem/gems/resque-2.0.0/lib/resque/worker.rb:360:in `startup'
workers-1  | /opt/.gem/gems/resque-2.0.0/lib/resque/worker.rb:233:in `work'
workers-1  | /opt/.gem/gems/resque-2.0.0/lib/resque/tasks.rb:20:in `block (2 levels) in <top (required)>'
workers-1  | Tasks: TOP => resque:work
workers-1  | (See full trace by running task with --trace)
workers-1  | rake aborted!
workers-1  | Redis::CommandError: NOAUTH Authentication required.
workers-1  | Original Exception (Redis::CommandError): NOAUTH Authentication required.
workers-1  |   /opt/.gem/gems/redis-4.1.4/lib/redis/client.rb:126:in `call'  
workers-1  | /opt/.gem/gems/redis-4.1.4/lib/redis.rb:2216:in `block in hdel'  
workers-1  | /opt/.gem/gems/redis-4.1.4/lib/redis.rb:51:in `block in synchronize'  
workers-1  | /usr/local/ruby-2.7.0/lib/ruby/2.7.0/monitor.rb:202:in `synchronize'  
workers-1  | /usr/local/ruby-2.7.0/lib/ruby/2.7.0/monitor.rb:202:in `mon_synchronize'  
workers-1  | /opt/.gem/gems/redis-4.1.4/lib/redis.rb:51:in `synchronize'  
workers-1  | /opt/.gem/gems/redis-4.1.4/lib/redis.rb:2215:in `hdel'  
workers-1  | /opt/.gem/gems/redis-namespace-1.7.0/lib/redis/namespace.rb:469:in `call_with_namespace'  
workers-1  | /opt/.gem/gems/redis-namespace-1.7.0/lib/redis/namespace.rb:349:in `block (2 levels) in <class:Namespace>'  
workers-1  | /opt/.gem/gems/resque-2.0.0/lib/resque/data_store.rb:261:in `remove_heartbeat'  
workers-1  | /usr/local/ruby-2.7.0/lib/ruby/2.7.0/forwardable.rb:235:in `remove_heartbeat'  
workers-1  | /opt/.gem/gems/resque-2.0.0/lib/resque/worker.rb:475:in `remove_heartbeat'  
workers-1  | /opt/.gem/gems/resque-2.0.0/lib/resque/worker.rb:507:in `start_heartbeat'  
workers-1  | /opt/.gem/gems/resque-2.0.0/lib/resque/worker.rb:360:in `startup'  
workers-1  | /opt/.gem/gems/resque-2.0.0/lib/resque/worker.rb:233:in `work'  
workers-1  | /opt/.gem/gems/resque-2.0.0/lib/resque/tasks.rb:20:in `block (2 levels) in <top (required)>'  
workers-1  | /usr/local/ruby-2.7.0/lib/ruby/gems/2.7.0/gems/rake-13.0.1/lib/rake/task.rb:281:in `block in execute'  
workers-1  | /usr/local/ruby-2.7.0/lib/ruby/gems/2.7.0/gems/rake-13.0.1/lib/rake/task.rb:281:in `each'  
workers-1  | /usr/local/ruby-2.7.0/lib/ruby/gems/2.7.0/gems/rake-13.0.1/lib/rake/task.rb:281:in `execute'  
workers-1  | /usr/local/ruby-2.7.0/lib/ruby/gems/2.7.0/gems/rake-13.0.1/lib/rake/task.rb:219:in `block in invoke_with_call_chain'  
workers-1  | /usr/local/ruby-2.7.0/lib/ruby/gems/2.7.0/gems/rake-13.0.1/lib/rake/task.rb:199:in `synchronize'  
workers-1  | /usr/local/ruby-2.7.0/lib/ruby/gems/2.7.0/gems/rake-13.0.1/lib/rake/task.rb:199:in `invoke_with_call_chain'  
workers-1  | /usr/local/ruby-2.7.0/lib/ruby/gems/2.7.0/gems/rake-13.0.1/lib/rake/task.rb:188:in `invoke'  
workers-1  | /usr/local/ruby-2.7.0/lib/ruby/gems/2.7.0/gems/rake-13.0.1/lib/rake/application.rb:160:in `invoke_task'  
workers-1  | /usr/local/ruby-2.7.0/lib/ruby/gems/2.7.0/gems/rake-13.0.1/lib/rake/application.rb:116:in `block (2 levels) in top_level'  
workers-1  | /usr/local/ruby-2.7.0/lib/ruby/gems/2.7.0/gems/rake-13.0.1/lib/rake/application.rb:116:in `each'  
workers-1  | /usr/local/ruby-2.7.0/lib/ruby/gems/2.7.0/gems/rake-13.0.1/lib/rake/application.rb:116:in `block in top_level'  
workers-1  | /usr/local/ruby-2.7.0/lib/ruby/gems/2.7.0/gems/rake-13.0.1/lib/rake/application.rb:125:in `run_with_threads'  
workers-1  | /usr/local/ruby-2.7.0/lib/ruby/gems/2.7.0/gems/rake-13.0.1/lib/rake/application.rb:110:in `top_level'  
workers-1  | /usr/local/ruby-2.7.0/lib/ruby/gems/2.7.0/gems/rake-13.0.1/lib/rake/application.rb:83:in `block in run'  
workers-1  | /usr/local/ruby-2.7.0/lib/ruby/gems/2.7.0/gems/rake-13.0.1/lib/rake/application.rb:186:in `standard_exception_handling'  
workers-1  | /usr/local/ruby-2.7.0/lib/ruby/gems/2.7.0/gems/rake-13.0.1/lib/rake/application.rb:80:in `run'  
workers-1  | /usr/local/ruby-2.7.0/lib/ruby/gems/2.7.0/gems/rake-13.0.1/exe/rake:27:in `<top (required)>'  
workers-1  | /usr/local/ruby-2.7.0/bin/rake:23:in `load'  
workers-1  | /usr/local/ruby-2.7.0/bin/rake:23:in `<main>'
workers-1  | /opt/.gem/gems/redis-4.1.4/lib/redis/client.rb:126:in `call'
workers-1  | /opt/.gem/gems/redis-4.1.4/lib/redis.rb:915:in `block in get'
workers-1  | /opt/.gem/gems/redis-4.1.4/lib/redis.rb:51:in `block in synchronize'
workers-1  | /opt/.gem/gems/redis-4.1.4/lib/redis.rb:51:in `synchronize'
workers-1  | /opt/.gem/gems/redis-4.1.4/lib/redis.rb:914:in `get'
workers-1  | /opt/.gem/gems/redis-namespace-1.7.0/lib/redis/namespace.rb:469:in `call_with_namespace'
workers-1  | /opt/.gem/gems/redis-namespace-1.7.0/lib/redis/namespace.rb:349:in `block (2 levels) in <class:Namespace>'
workers-1  | /opt/.gem/gems/resque-2.0.0/lib/resque/data_store.rb:231:in `get_worker_payload'
workers-1  | /opt/.gem/gems/resque-2.0.0/lib/resque/worker.rb:752:in `job'
workers-1  | /opt/.gem/gems/resque-2.0.0/lib/resque/worker.rb:670:in `unregister_worker'
workers-1  | /opt/.gem/gems/resque-2.0.0/lib/resque/worker.rb:250:in `rescue in work'
workers-1  | /opt/.gem/gems/resque-2.0.0/lib/resque/worker.rb:231:in `work'
workers-1  | /opt/.gem/gems/resque-2.0.0/lib/resque/tasks.rb:20:in `block (2 levels) in <top (required)>'
workers-1  | 
workers-1  | Caused by:
workers-1  | Redis::CommandError: NOAUTH Authentication required.
workers-1  | /opt/.gem/gems/redis-4.1.4/lib/redis/client.rb:126:in `call'
workers-1  | /opt/.gem/gems/redis-4.1.4/lib/redis.rb:915:in `block in get'
workers-1  | /opt/.gem/gems/redis-4.1.4/lib/redis.rb:51:in `block in synchronize'
workers-1  | /opt/.gem/gems/redis-4.1.4/lib/redis.rb:51:in `synchronize'
workers-1  | /opt/.gem/gems/redis-4.1.4/lib/redis.rb:914:in `get'
workers-1  | /opt/.gem/gems/redis-namespace-1.7.0/lib/redis/namespace.rb:469:in `call_with_namespace'
workers-1  | /opt/.gem/gems/redis-namespace-1.7.0/lib/redis/namespace.rb:349:in `block (2 levels) in <class:Namespace>'
workers-1  | /opt/.gem/gems/resque-2.0.0/lib/resque/data_store.rb:231:in `get_worker_payload'
workers-1  | /opt/.gem/gems/resque-2.0.0/lib/resque/worker.rb:752:in `job'
workers-1  | /opt/.gem/gems/resque-2.0.0/lib/resque/worker.rb:670:in `unregister_worker'
workers-1  | /opt/.gem/gems/resque-2.0.0/lib/resque/worker.rb:250:in `rescue in work'
workers-1  | /opt/.gem/gems/resque-2.0.0/lib/resque/worker.rb:231:in `work'
workers-1  | /opt/.gem/gems/resque-2.0.0/lib/resque/tasks.rb:20:in `block (2 levels) in <top (required)>'
workers-1  | 
workers-1  | Caused by:
workers-1  | Redis::CommandError: NOAUTH Authentication required.
workers-1  | /opt/.gem/gems/redis-4.1.4/lib/redis/client.rb:126:in `call'
workers-1  | /opt/.gem/gems/redis-4.1.4/lib/redis.rb:2216:in `block in hdel'
workers-1  | /opt/.gem/gems/redis-4.1.4/lib/redis.rb:51:in `block in synchronize'
workers-1  | /opt/.gem/gems/redis-4.1.4/lib/redis.rb:51:in `synchronize'
workers-1  | /opt/.gem/gems/redis-4.1.4/lib/redis.rb:2215:in `hdel'
workers-1  | /opt/.gem/gems/redis-namespace-1.7.0/lib/redis/namespace.rb:469:in `call_with_namespace'
workers-1  | /opt/.gem/gems/redis-namespace-1.7.0/lib/redis/namespace.rb:349:in `block (2 levels) in <class:Namespace>'
workers-1  | /opt/.gem/gems/resque-2.0.0/lib/resque/data_store.rb:261:in `remove_heartbeat'
workers-1  | /opt/.gem/gems/resque-2.0.0/lib/resque/worker.rb:475:in `remove_heartbeat'
workers-1  | /opt/.gem/gems/resque-2.0.0/lib/resque/worker.rb:507:in `start_heartbeat'
workers-1  | /opt/.gem/gems/resque-2.0.0/lib/resque/worker.rb:360:in `startup'
workers-1  | /opt/.gem/gems/resque-2.0.0/lib/resque/worker.rb:233:in `work'
workers-1  | /opt/.gem/gems/resque-2.0.0/lib/resque/tasks.rb:20:in `block (2 levels) in <top (required)>'
workers-1  | Tasks: TOP => resque:work
workers-1  | (See full trace by running task with --trace)
workers-1  | rake aborted!
workers-1  | Redis::CommandError: NOAUTH Authentication required.
workers-1  | Original Exception (Redis::CommandError): NOAUTH Authentication required.
workers-1  |   /opt/.gem/gems/redis-4.1.4/lib/redis/client.rb:126:in `call'  
workers-1  | /opt/.gem/gems/redis-4.1.4/lib/redis.rb:2216:in `block in hdel'  
workers-1  | /opt/.gem/gems/redis-4.1.4/lib/redis.rb:51:in `block in synchronize'  
workers-1  | /usr/local/ruby-2.7.0/lib/ruby/2.7.0/monitor.rb:202:in `synchronize'  
workers-1  | /usr/local/ruby-2.7.0/lib/ruby/2.7.0/monitor.rb:202:in `mon_synchronize'  
workers-1  | /opt/.gem/gems/redis-4.1.4/lib/redis.rb:51:in `synchronize'  
workers-1  | /opt/.gem/gems/redis-4.1.4/lib/redis.rb:2215:in `hdel'  
workers-1  | /opt/.gem/gems/redis-namespace-1.7.0/lib/redis/namespace.rb:469:in `call_with_namespace'  
workers-1  | /opt/.gem/gems/redis-namespace-1.7.0/lib/redis/namespace.rb:349:in `block (2 levels) in <class:Namespace>'  
workers-1  | /opt/.gem/gems/resque-2.0.0/lib/resque/data_store.rb:261:in `remove_heartbeat'  
workers-1  | /usr/local/ruby-2.7.0/lib/ruby/2.7.0/forwardable.rb:235:in `remove_heartbeat'  
workers-1  | /opt/.gem/gems/resque-2.0.0/lib/resque/worker.rb:475:in `remove_heartbeat'  
workers-1  | /opt/.gem/gems/resque-2.0.0/lib/resque/worker.rb:507:in `start_heartbeat'  
workers-1  | /opt/.gem/gems/resque-2.0.0/lib/resque/worker.rb:360:in `startup'  
workers-1  | /opt/.gem/gems/resque-2.0.0/lib/resque/worker.rb:233:in `work'  
workers-1  | /opt/.gem/gems/resque-2.0.0/lib/resque/tasks.rb:20:in `block (2 levels) in <top (required)>'  
workers-1  | /usr/local/ruby-2.7.0/lib/ruby/gems/2.7.0/gems/rake-13.0.1/lib/rake/task.rb:281:in `block in execute'  
workers-1  | /usr/local/ruby-2.7.0/lib/ruby/gems/2.7.0/gems/rake-13.0.1/lib/rake/task.rb:281:in `each'  
workers-1  | /usr/local/ruby-2.7.0/lib/ruby/gems/2.7.0/gems/rake-13.0.1/lib/rake/task.rb:281:in `execute'  
workers-1  | /usr/local/ruby-2.7.0/lib/ruby/gems/2.7.0/gems/rake-13.0.1/lib/rake/task.rb:219:in `block in invoke_with_call_chain'  
workers-1  | /usr/local/ruby-2.7.0/lib/ruby/gems/2.7.0/gems/rake-13.0.1/lib/rake/task.rb:199:in `synchronize'  
workers-1  | /usr/local/ruby-2.7.0/lib/ruby/gems/2.7.0/gems/rake-13.0.1/lib/rake/task.rb:199:in `invoke_with_call_chain'  
workers-1  | /usr/local/ruby-2.7.0/lib/ruby/gems/2.7.0/gems/rake-13.0.1/lib/rake/task.rb:188:in `invoke'  
workers-1  | /usr/local/ruby-2.7.0/lib/ruby/gems/2.7.0/gems/rake-13.0.1/lib/rake/application.rb:160:in `invoke_task'  
workers-1  | /usr/local/ruby-2.7.0/lib/ruby/gems/2.7.0/gems/rake-13.0.1/lib/rake/application.rb:116:in `block (2 levels) in top_level'  
workers-1  | /usr/local/ruby-2.7.0/lib/ruby/gems/2.7.0/gems/rake-13.0.1/lib/rake/application.rb:116:in `each'  
workers-1  | /usr/local/ruby-2.7.0/lib/ruby/gems/2.7.0/gems/rake-13.0.1/lib/rake/application.rb:116:in `block in top_level'  
workers-1  | /usr/local/ruby-2.7.0/lib/ruby/gems/2.7.0/gems/rake-13.0.1/lib/rake/application.rb:125:in `run_with_threads'  
workers-1  | /usr/local/ruby-2.7.0/lib/ruby/gems/2.7.0/gems/rake-13.0.1/lib/rake/application.rb:110:in `top_level'  
workers-1  | /usr/local/ruby-2.7.0/lib/ruby/gems/2.7.0/gems/rake-13.0.1/lib/rake/application.rb:83:in `block in run'  
workers-1  | /usr/local/ruby-2.7.0/lib/ruby/gems/2.7.0/gems/rake-13.0.1/lib/rake/application.rb:186:in `standard_exception_handling'  
workers-1  | /usr/local/ruby-2.7.0/lib/ruby/gems/2.7.0/gems/rake-13.0.1/lib/rake/application.rb:80:in `run'  
workers-1  | /usr/local/ruby-2.7.0/lib/ruby/gems/2.7.0/gems/rake-13.0.1/exe/rake:27:in `<top (required)>'  
workers-1  | /usr/local/ruby-2.7.0/bin/rake:23:in `load'  
workers-1  | /usr/local/ruby-2.7.0/bin/rake:23:in `<main>'
workers-1  | /opt/.gem/gems/redis-4.1.4/lib/redis/client.rb:126:in `call'
workers-1  | /opt/.gem/gems/redis-4.1.4/lib/redis.rb:915:in `block in get'
workers-1  | /opt/.gem/gems/redis-4.1.4/lib/redis.rb:51:in `block in synchronize'
workers-1  | /opt/.gem/gems/redis-4.1.4/lib/redis.rb:51:in `synchronize'
workers-1  | /opt/.gem/gems/redis-4.1.4/lib/redis.rb:914:in `get'
workers-1  | /opt/.gem/gems/redis-namespace-1.7.0/lib/redis/namespace.rb:469:in `call_with_namespace'
workers-1  | /opt/.gem/gems/redis-namespace-1.7.0/lib/redis/namespace.rb:349:in `block (2 levels) in <class:Namespace>'
workers-1  | /opt/.gem/gems/resque-2.0.0/lib/resque/data_store.rb:231:in `get_worker_payload'
workers-1  | /opt/.gem/gems/resque-2.0.0/lib/resque/worker.rb:752:in `job'
workers-1  | /opt/.gem/gems/resque-2.0.0/lib/resque/worker.rb:670:in `unregister_worker'
workers-1  | /opt/.gem/gems/resque-2.0.0/lib/resque/worker.rb:250:in `rescue in work'
workers-1  | /opt/.gem/gems/resque-2.0.0/lib/resque/worker.rb:231:in `work'
workers-1  | /opt/.gem/gems/resque-2.0.0/lib/resque/tasks.rb:20:in `block (2 levels) in <top (required)>'
workers-1  | 
workers-1  | Caused by:
workers-1  | Redis::CommandError: NOAUTH Authentication required.
workers-1  | /opt/.gem/gems/redis-4.1.4/lib/redis/client.rb:126:in `call'
workers-1  | /opt/.gem/gems/redis-4.1.4/lib/redis.rb:915:in `block in get'
workers-1  | /opt/.gem/gems/redis-4.1.4/lib/redis.rb:51:in `block in synchronize'
workers-1  | /opt/.gem/gems/redis-4.1.4/lib/redis.rb:51:in `synchronize'
workers-1  | /opt/.gem/gems/redis-4.1.4/lib/redis.rb:914:in `get'
workers-1  | /opt/.gem/gems/redis-namespace-1.7.0/lib/redis/namespace.rb:469:in `call_with_namespace'
workers-1  | /opt/.gem/gems/redis-namespace-1.7.0/lib/redis/namespace.rb:349:in `block (2 levels) in <class:Namespace>'
workers-1  | /opt/.gem/gems/resque-2.0.0/lib/resque/data_store.rb:231:in `get_worker_payload'
workers-1  | /opt/.gem/gems/resque-2.0.0/lib/resque/worker.rb:752:in `job'
workers-1  | /opt/.gem/gems/resque-2.0.0/lib/resque/worker.rb:670:in `unregister_worker'
workers-1  | /opt/.gem/gems/resque-2.0.0/lib/resque/worker.rb:250:in `rescue in work'
workers-1  | /opt/.gem/gems/resque-2.0.0/lib/resque/worker.rb:231:in `work'
workers-1  | /opt/.gem/gems/resque-2.0.0/lib/resque/tasks.rb:20:in `block (2 levels) in <top (required)>'
workers-1  | 
workers-1  | Caused by:
workers-1  | Redis::CommandError: NOAUTH Authentication required.
workers-1  | /opt/.gem/gems/redis-4.1.4/lib/redis/client.rb:126:in `call'
workers-1  | /opt/.gem/gems/redis-4.1.4/lib/redis.rb:2216:in `block in hdel'
workers-1  | /opt/.gem/gems/redis-4.1.4/lib/redis.rb:51:in `block in synchronize'
workers-1  | /opt/.gem/gems/redis-4.1.4/lib/redis.rb:51:in `synchronize'
workers-1  | /opt/.gem/gems/redis-4.1.4/lib/redis.rb:2215:in `hdel'
workers-1  | /opt/.gem/gems/redis-namespace-1.7.0/lib/redis/namespace.rb:469:in `call_with_namespace'
workers-1  | /opt/.gem/gems/redis-namespace-1.7.0/lib/redis/namespace.rb:349:in `block (2 levels) in <class:Namespace>'
workers-1  | /opt/.gem/gems/resque-2.0.0/lib/resque/data_store.rb:261:in `remove_heartbeat'
workers-1  | /opt/.gem/gems/resque-2.0.0/lib/resque/worker.rb:475:in `remove_heartbeat'
workers-1  | /opt/.gem/gems/resque-2.0.0/lib/resque/worker.rb:507:in `start_heartbeat'
workers-1  | /opt/.gem/gems/resque-2.0.0/lib/resque/worker.rb:360:in `startup'
workers-1  | /opt/.gem/gems/resque-2.0.0/lib/resque/worker.rb:233:in `work'
workers-1  | /opt/.gem/gems/resque-2.0.0/lib/resque/tasks.rb:20:in `block (2 levels) in <top (required)>'
workers-1  | Tasks: TOP => resque:work
workers-1  | (See full trace by running task with --trace)
workers-1  | rake aborted!
workers-1  | Redis::CommandError: NOAUTH Authentication required.
workers-1  | Original Exception (Redis::CommandError): NOAUTH Authentication required.
workers-1  |   /opt/.gem/gems/redis-4.1.4/lib/redis/client.rb:126:in `call'  
workers-1  | /opt/.gem/gems/redis-4.1.4/lib/redis.rb:2216:in `block in hdel'  
workers-1  | /opt/.gem/gems/redis-4.1.4/lib/redis.rb:51:in `block in synchronize'  
workers-1  | /usr/local/ruby-2.7.0/lib/ruby/2.7.0/monitor.rb:202:in `synchronize'  
workers-1  | /usr/local/ruby-2.7.0/lib/ruby/2.7.0/monitor.rb:202:in `mon_synchronize'  
workers-1  | /opt/.gem/gems/redis-4.1.4/lib/redis.rb:51:in `synchronize'  
workers-1  | /opt/.gem/gems/redis-4.1.4/lib/redis.rb:2215:in `hdel'  
workers-1  | /opt/.gem/gems/redis-namespace-1.7.0/lib/redis/namespace.rb:469:in `call_with_namespace'  
workers-1  | /opt/.gem/gems/redis-namespace-1.7.0/lib/redis/namespace.rb:349:in `block (2 levels) in <class:Namespace>'  
workers-1  | /opt/.gem/gems/resque-2.0.0/lib/resque/data_store.rb:261:in `remove_heartbeat'  
workers-1  | /usr/local/ruby-2.7.0/lib/ruby/2.7.0/forwardable.rb:235:in `remove_heartbeat'  
workers-1  | /opt/.gem/gems/resque-2.0.0/lib/resque/worker.rb:475:in `remove_heartbeat'  
workers-1  | /opt/.gem/gems/resque-2.0.0/lib/resque/worker.rb:507:in `start_heartbeat'  
workers-1  | /opt/.gem/gems/resque-2.0.0/lib/resque/worker.rb:360:in `startup'  
workers-1  | /opt/.gem/gems/resque-2.0.0/lib/resque/worker.rb:233:in `work'  
workers-1  | /opt/.gem/gems/resque-2.0.0/lib/resque/tasks.rb:20:in `block (2 levels) in <top (required)>'  
workers-1  | /usr/local/ruby-2.7.0/lib/ruby/gems/2.7.0/gems/rake-13.0.1/lib/rake/task.rb:281:in `block in execute'  
workers-1  | /usr/local/ruby-2.7.0/lib/ruby/gems/2.7.0/gems/rake-13.0.1/lib/rake/task.rb:281:in `each'  
workers-1  | /usr/local/ruby-2.7.0/lib/ruby/gems/2.7.0/gems/rake-13.0.1/lib/rake/task.rb:281:in `execute'  
workers-1  | /usr/local/ruby-2.7.0/lib/ruby/gems/2.7.0/gems/rake-13.0.1/lib/rake/task.rb:219:in `block in invoke_with_call_chain'  
workers-1  | /usr/local/ruby-2.7.0/lib/ruby/gems/2.7.0/gems/rake-13.0.1/lib/rake/task.rb:199:in `synchronize'  
workers-1  | /usr/local/ruby-2.7.0/lib/ruby/gems/2.7.0/gems/rake-13.0.1/lib/rake/task.rb:199:in `invoke_with_call_chain'  
workers-1  | /usr/local/ruby-2.7.0/lib/ruby/gems/2.7.0/gems/rake-13.0.1/lib/rake/task.rb:188:in `invoke'  
workers-1  | /usr/local/ruby-2.7.0/lib/ruby/gems/2.7.0/gems/rake-13.0.1/lib/rake/application.rb:160:in `invoke_task'  
workers-1  | /usr/local/ruby-2.7.0/lib/ruby/gems/2.7.0/gems/rake-13.0.1/lib/rake/application.rb:116:in `block (2 levels) in top_level'  
workers-1  | /usr/local/ruby-2.7.0/lib/ruby/gems/2.7.0/gems/rake-13.0.1/lib/rake/application.rb:116:in `each'  
workers-1  | /usr/local/ruby-2.7.0/lib/ruby/gems/2.7.0/gems/rake-13.0.1/lib/rake/application.rb:116:in `block in top_level'  
workers-1  | /usr/local/ruby-2.7.0/lib/ruby/gems/2.7.0/gems/rake-13.0.1/lib/rake/application.rb:125:in `run_with_threads'  
workers-1  | /usr/local/ruby-2.7.0/lib/ruby/gems/2.7.0/gems/rake-13.0.1/lib/rake/application.rb:110:in `top_level'  
workers-1  | /usr/local/ruby-2.7.0/lib/ruby/gems/2.7.0/gems/rake-13.0.1/lib/rake/application.rb:83:in `block in run'  
workers-1  | /usr/local/ruby-2.7.0/lib/ruby/gems/2.7.0/gems/rake-13.0.1/lib/rake/application.rb:186:in `standard_exception_handling'  
workers-1  | /usr/local/ruby-2.7.0/lib/ruby/gems/2.7.0/gems/rake-13.0.1/lib/rake/application.rb:80:in `run'  
workers-1  | /usr/local/ruby-2.7.0/lib/ruby/gems/2.7.0/gems/rake-13.0.1/exe/rake:27:in `<top (required)>'  
workers-1  | /usr/local/ruby-2.7.0/bin/rake:23:in `load'  
workers-1  | /usr/local/ruby-2.7.0/bin/rake:23:in `<main>'
workers-1  | /opt/.gem/gems/redis-4.1.4/lib/redis/client.rb:126:in `call'
workers-1  | /opt/.gem/gems/redis-4.1.4/lib/redis.rb:915:in `block in get'
workers-1  | /opt/.gem/gems/redis-4.1.4/lib/redis.rb:51:in `block in synchronize'
workers-1  | /opt/.gem/gems/redis-4.1.4/lib/redis.rb:51:in `synchronize'
workers-1  | /opt/.gem/gems/redis-4.1.4/lib/redis.rb:914:in `get'
workers-1  | /opt/.gem/gems/redis-namespace-1.7.0/lib/redis/namespace.rb:469:in `call_with_namespace'
workers-1  | /opt/.gem/gems/redis-namespace-1.7.0/lib/redis/namespace.rb:349:in `block (2 levels) in <class:Namespace>'
workers-1  | /opt/.gem/gems/resque-2.0.0/lib/resque/data_store.rb:231:in `get_worker_payload'
workers-1  | /opt/.gem/gems/resque-2.0.0/lib/resque/worker.rb:752:in `job'
workers-1  | /opt/.gem/gems/resque-2.0.0/lib/resque/worker.rb:670:in `unregister_worker'
workers-1  | /opt/.gem/gems/resque-2.0.0/lib/resque/worker.rb:250:in `rescue in work'
workers-1  | /opt/.gem/gems/resque-2.0.0/lib/resque/worker.rb:231:in `work'
workers-1  | /opt/.gem/gems/resque-2.0.0/lib/resque/tasks.rb:20:in `block (2 levels) in <top (required)>'
workers-1  | 
workers-1  | Caused by:
workers-1  | Redis::CommandError: NOAUTH Authentication required.
workers-1  | /opt/.gem/gems/redis-4.1.4/lib/redis/client.rb:126:in `call'
workers-1  | /opt/.gem/gems/redis-4.1.4/lib/redis.rb:915:in `block in get'
workers-1  | /opt/.gem/gems/redis-4.1.4/lib/redis.rb:51:in `block in synchronize'
workers-1  | /opt/.gem/gems/redis-4.1.4/lib/redis.rb:51:in `synchronize'
workers-1  | /opt/.gem/gems/redis-4.1.4/lib/redis.rb:914:in `get'
workers-1  | /opt/.gem/gems/redis-namespace-1.7.0/lib/redis/namespace.rb:469:in `call_with_namespace'
workers-1  | /opt/.gem/gems/redis-namespace-1.7.0/lib/redis/namespace.rb:349:in `block (2 levels) in <class:Namespace>'
workers-1  | /opt/.gem/gems/resque-2.0.0/lib/resque/data_store.rb:231:in `get_worker_payload'
workers-1  | /opt/.gem/gems/resque-2.0.0/lib/resque/worker.rb:752:in `job'
workers-1  | /opt/.gem/gems/resque-2.0.0/lib/resque/worker.rb:670:in `unregister_worker'
workers-1  | /opt/.gem/gems/resque-2.0.0/lib/resque/worker.rb:250:in `rescue in work'
workers-1  | /opt/.gem/gems/resque-2.0.0/lib/resque/worker.rb:231:in `work'
workers-1  | /opt/.gem/gems/resque-2.0.0/lib/resque/tasks.rb:20:in `block (2 levels) in <top (required)>'
workers-1  | 
workers-1  | Caused by:
workers-1  | Redis::CommandError: NOAUTH Authentication required.
workers-1  | /opt/.gem/gems/redis-4.1.4/lib/redis/client.rb:126:in `call'
workers-1  | /opt/.gem/gems/redis-4.1.4/lib/redis.rb:2216:in `block in hdel'
workers-1  | /opt/.gem/gems/redis-4.1.4/lib/redis.rb:51:in `block in synchronize'
workers-1  | /opt/.gem/gems/redis-4.1.4/lib/redis.rb:51:in `synchronize'
workers-1  | /opt/.gem/gems/redis-4.1.4/lib/redis.rb:2215:in `hdel'
workers-1  | /opt/.gem/gems/redis-namespace-1.7.0/lib/redis/namespace.rb:469:in `call_with_namespace'
workers-1  | /opt/.gem/gems/redis-namespace-1.7.0/lib/redis/namespace.rb:349:in `block (2 levels) in <class:Namespace>'
workers-1  | /opt/.gem/gems/resque-2.0.0/lib/resque/data_store.rb:261:in `remove_heartbeat'
workers-1  | /opt/.gem/gems/resque-2.0.0/lib/resque/worker.rb:475:in `remove_heartbeat'
workers-1  | /opt/.gem/gems/resque-2.0.0/lib/resque/worker.rb:507:in `start_heartbeat'
workers-1  | /opt/.gem/gems/resque-2.0.0/lib/resque/worker.rb:360:in `startup'
workers-1  | /opt/.gem/gems/resque-2.0.0/lib/resque/worker.rb:233:in `work'
workers-1  | /opt/.gem/gems/resque-2.0.0/lib/resque/tasks.rb:20:in `block (2 levels) in <top (required)>'
workers-1  | Tasks: TOP => resque:work
workers-1  | (See full trace by running task with --trace)
workers-1  | rake aborted!
workers-1  | Redis::CommandError: NOAUTH Authentication required.
workers-1  | Original Exception (Redis::CommandError): NOAUTH Authentication required.
workers-1  |   /opt/.gem/gems/redis-4.1.4/lib/redis/client.rb:126:in `call'  
workers-1  | /opt/.gem/gems/redis-4.1.4/lib/redis.rb:2216:in `block in hdel'  
workers-1  | /opt/.gem/gems/redis-4.1.4/lib/redis.rb:51:in `block in synchronize'  
workers-1  | /usr/local/ruby-2.7.0/lib/ruby/2.7.0/monitor.rb:202:in `synchronize'  
workers-1  | /usr/local/ruby-2.7.0/lib/ruby/2.7.0/monitor.rb:202:in `mon_synchronize'  
workers-1  | /opt/.gem/gems/redis-4.1.4/lib/redis.rb:51:in `synchronize'  
workers-1  | /opt/.gem/gems/redis-4.1.4/lib/redis.rb:2215:in `hdel'  
workers-1  | /opt/.gem/gems/redis-namespace-1.7.0/lib/redis/namespace.rb:469:in `call_with_namespace'  
workers-1  | /opt/.gem/gems/redis-namespace-1.7.0/lib/redis/namespace.rb:349:in `block (2 levels) in <class:Namespace>'  
workers-1  | /opt/.gem/gems/resque-2.0.0/lib/resque/data_store.rb:261:in `remove_heartbeat'  
workers-1  | /usr/local/ruby-2.7.0/lib/ruby/2.7.0/forwardable.rb:235:in `remove_heartbeat'  
workers-1  | /opt/.gem/gems/resque-2.0.0/lib/resque/worker.rb:475:in `remove_heartbeat'  
workers-1  | /opt/.gem/gems/resque-2.0.0/lib/resque/worker.rb:507:in `start_heartbeat'  
workers-1  | /opt/.gem/gems/resque-2.0.0/lib/resque/worker.rb:360:in `startup'  
workers-1  | /opt/.gem/gems/resque-2.0.0/lib/resque/worker.rb:233:in `work'  
workers-1  | /opt/.gem/gems/resque-2.0.0/lib/resque/tasks.rb:20:in `block (2 levels) in <top (required)>'  
workers-1  | /usr/local/ruby-2.7.0/lib/ruby/gems/2.7.0/gems/rake-13.0.1/lib/rake/task.rb:281:in `block in execute'  
workers-1  | /usr/local/ruby-2.7.0/lib/ruby/gems/2.7.0/gems/rake-13.0.1/lib/rake/task.rb:281:in `each'  
workers-1  | /usr/local/ruby-2.7.0/lib/ruby/gems/2.7.0/gems/rake-13.0.1/lib/rake/task.rb:281:in `execute'  
workers-1  | /usr/local/ruby-2.7.0/lib/ruby/gems/2.7.0/gems/rake-13.0.1/lib/rake/task.rb:219:in `block in invoke_with_call_chain'  
workers-1  | /usr/local/ruby-2.7.0/lib/ruby/gems/2.7.0/gems/rake-13.0.1/lib/rake/task.rb:199:in `synchronize'  
workers-1  | /usr/local/ruby-2.7.0/lib/ruby/gems/2.7.0/gems/rake-13.0.1/lib/rake/task.rb:199:in `invoke_with_call_chain'  
workers-1  | /usr/local/ruby-2.7.0/lib/ruby/gems/2.7.0/gems/rake-13.0.1/lib/rake/task.rb:188:in `invoke'  
workers-1  | /usr/local/ruby-2.7.0/lib/ruby/gems/2.7.0/gems/rake-13.0.1/lib/rake/application.rb:160:in `invoke_task'  
workers-1  | /usr/local/ruby-2.7.0/lib/ruby/gems/2.7.0/gems/rake-13.0.1/lib/rake/application.rb:116:in `block (2 levels) in top_level'  
workers-1  | /usr/local/ruby-2.7.0/lib/ruby/gems/2.7.0/gems/rake-13.0.1/lib/rake/application.rb:116:in `each'  
workers-1  | /usr/local/ruby-2.7.0/lib/ruby/gems/2.7.0/gems/rake-13.0.1/lib/rake/application.rb:116:in `block in top_level'  
workers-1  | /usr/local/ruby-2.7.0/lib/ruby/gems/2.7.0/gems/rake-13.0.1/lib/rake/application.rb:125:in `run_with_threads'  
workers-1  | /usr/local/ruby-2.7.0/lib/ruby/gems/2.7.0/gems/rake-13.0.1/lib/rake/application.rb:110:in `top_level'  
workers-1  | /usr/local/ruby-2.7.0/lib/ruby/gems/2.7.0/gems/rake-13.0.1/lib/rake/application.rb:83:in `block in run'  
workers-1  | /usr/local/ruby-2.7.0/lib/ruby/gems/2.7.0/gems/rake-13.0.1/lib/rake/application.rb:186:in `standard_exception_handling'  
workers-1  | /usr/local/ruby-2.7.0/lib/ruby/gems/2.7.0/gems/rake-13.0.1/lib/rake/application.rb:80:in `run'  
workers-1  | /usr/local/ruby-2.7.0/lib/ruby/gems/2.7.0/gems/rake-13.0.1/exe/rake:27:in `<top (required)>'  
workers-1  | /usr/local/ruby-2.7.0/bin/rake:23:in `load'  
workers-1  | /usr/local/ruby-2.7.0/bin/rake:23:in `<main>'
workers-1  | /opt/.gem/gems/redis-4.1.4/lib/redis/client.rb:126:in `call'
workers-1  | /opt/.gem/gems/redis-4.1.4/lib/redis.rb:915:in `block in get'
workers-1  | /opt/.gem/gems/redis-4.1.4/lib/redis.rb:51:in `block in synchronize'
workers-1  | /opt/.gem/gems/redis-4.1.4/lib/redis.rb:51:in `synchronize'
workers-1  | /opt/.gem/gems/redis-4.1.4/lib/redis.rb:914:in `get'
workers-1  | /opt/.gem/gems/redis-namespace-1.7.0/lib/redis/namespace.rb:469:in `call_with_namespace'
workers-1  | /opt/.gem/gems/redis-namespace-1.7.0/lib/redis/namespace.rb:349:in `block (2 levels) in <class:Namespace>'
workers-1  | /opt/.gem/gems/resque-2.0.0/lib/resque/data_store.rb:231:in `get_worker_payload'
workers-1  | /opt/.gem/gems/resque-2.0.0/lib/resque/worker.rb:752:in `job'
workers-1  | /opt/.gem/gems/resque-2.0.0/lib/resque/worker.rb:670:in `unregister_worker'
workers-1  | /opt/.gem/gems/resque-2.0.0/lib/resque/worker.rb:250:in `rescue in work'
workers-1  | /opt/.gem/gems/resque-2.0.0/lib/resque/worker.rb:231:in `work'
workers-1  | /opt/.gem/gems/resque-2.0.0/lib/resque/tasks.rb:20:in `block (2 levels) in <top (required)>'
workers-1  | 
workers-1  | Caused by:
workers-1  | Redis::CommandError: NOAUTH Authentication required.
workers-1  | /opt/.gem/gems/redis-4.1.4/lib/redis/client.rb:126:in `call'
workers-1  | /opt/.gem/gems/redis-4.1.4/lib/redis.rb:915:in `block in get'
workers-1  | /opt/.gem/gems/redis-4.1.4/lib/redis.rb:51:in `block in synchronize'
workers-1  | /opt/.gem/gems/redis-4.1.4/lib/redis.rb:51:in `synchronize'
workers-1  | /opt/.gem/gems/redis-4.1.4/lib/redis.rb:914:in `get'
workers-1  | /opt/.gem/gems/redis-namespace-1.7.0/lib/redis/namespace.rb:469:in `call_with_namespace'
workers-1  | /opt/.gem/gems/redis-namespace-1.7.0/lib/redis/namespace.rb:349:in `block (2 levels) in <class:Namespace>'
workers-1  | /opt/.gem/gems/resque-2.0.0/lib/resque/data_store.rb:231:in `get_worker_payload'
workers-1  | /opt/.gem/gems/resque-2.0.0/lib/resque/worker.rb:752:in `job'
workers-1  | /opt/.gem/gems/resque-2.0.0/lib/resque/worker.rb:670:in `unregister_worker'
workers-1  | /opt/.gem/gems/resque-2.0.0/lib/resque/worker.rb:250:in `rescue in work'
workers-1  | /opt/.gem/gems/resque-2.0.0/lib/resque/worker.rb:231:in `work'
workers-1  | /opt/.gem/gems/resque-2.0.0/lib/resque/tasks.rb:20:in `block (2 levels) in <top (required)>'
workers-1  | 
workers-1  | Caused by:
workers-1  | Redis::CommandError: NOAUTH Authentication required.
workers-1  | /opt/.gem/gems/redis-4.1.4/lib/redis/client.rb:126:in `call'
workers-1  | /opt/.gem/gems/redis-4.1.4/lib/redis.rb:2216:in `block in hdel'
workers-1  | /opt/.gem/gems/redis-4.1.4/lib/redis.rb:51:in `block in synchronize'
workers-1  | /opt/.gem/gems/redis-4.1.4/lib/redis.rb:51:in `synchronize'
workers-1  | /opt/.gem/gems/redis-4.1.4/lib/redis.rb:2215:in `hdel'
workers-1  | /opt/.gem/gems/redis-namespace-1.7.0/lib/redis/namespace.rb:469:in `call_with_namespace'
workers-1  | /opt/.gem/gems/redis-namespace-1.7.0/lib/redis/namespace.rb:349:in `block (2 levels) in <class:Namespace>'
workers-1  | /opt/.gem/gems/resque-2.0.0/lib/resque/data_store.rb:261:in `remove_heartbeat'
workers-1  | /opt/.gem/gems/resque-2.0.0/lib/resque/worker.rb:475:in `remove_heartbeat'
workers-1  | /opt/.gem/gems/resque-2.0.0/lib/resque/worker.rb:507:in `start_heartbeat'
workers-1  | /opt/.gem/gems/resque-2.0.0/lib/resque/worker.rb:360:in `startup'
workers-1  | /opt/.gem/gems/resque-2.0.0/lib/resque/worker.rb:233:in `work'
workers-1  | /opt/.gem/gems/resque-2.0.0/lib/resque/tasks.rb:20:in `block (2 levels) in <top (required)>'
workers-1  | Tasks: TOP => resque:work
workers-1  | (See full trace by running task with --trace)
workers-1  | rake aborted!
workers-1  | Redis::CommandError: NOAUTH Authentication required.
workers-1  | Original Exception (Redis::CommandError): NOAUTH Authentication required.
workers-1  |   /opt/.gem/gems/redis-4.1.4/lib/redis/client.rb:126:in `call'  
workers-1  | /opt/.gem/gems/redis-4.1.4/lib/redis.rb:2216:in `block in hdel'  
workers-1  | /opt/.gem/gems/redis-4.1.4/lib/redis.rb:51:in `block in synchronize'  
workers-1  | /usr/local/ruby-2.7.0/lib/ruby/2.7.0/monitor.rb:202:in `synchronize'  
workers-1  | /usr/local/ruby-2.7.0/lib/ruby/2.7.0/monitor.rb:202:in `mon_synchronize'  
workers-1  | /opt/.gem/gems/redis-4.1.4/lib/redis.rb:51:in `synchronize'  
workers-1  | /opt/.gem/gems/redis-4.1.4/lib/redis.rb:2215:in `hdel'  
workers-1  | /opt/.gem/gems/redis-namespace-1.7.0/lib/redis/namespace.rb:469:in `call_with_namespace'  
workers-1  | /opt/.gem/gems/redis-namespace-1.7.0/lib/redis/namespace.rb:349:in `block (2 levels) in <class:Namespace>'  
workers-1  | /opt/.gem/gems/resque-2.0.0/lib/resque/data_store.rb:261:in `remove_heartbeat'  
workers-1  | /usr/local/ruby-2.7.0/lib/ruby/2.7.0/forwardable.rb:235:in `remove_heartbeat'  
workers-1  | /opt/.gem/gems/resque-2.0.0/lib/resque/worker.rb:475:in `remove_heartbeat'  
workers-1  | /opt/.gem/gems/resque-2.0.0/lib/resque/worker.rb:507:in `start_heartbeat'  
workers-1  | /opt/.gem/gems/resque-2.0.0/lib/resque/worker.rb:360:in `startup'  
workers-1  | /opt/.gem/gems/resque-2.0.0/lib/resque/worker.rb:233:in `work'  
workers-1  | /opt/.gem/gems/resque-2.0.0/lib/resque/tasks.rb:20:in `block (2 levels) in <top (required)>'  
workers-1  | /usr/local/ruby-2.7.0/lib/ruby/gems/2.7.0/gems/rake-13.0.1/lib/rake/task.rb:281:in `block in execute'  
workers-1  | /usr/local/ruby-2.7.0/lib/ruby/gems/2.7.0/gems/rake-13.0.1/lib/rake/task.rb:281:in `each'  
workers-1  | /usr/local/ruby-2.7.0/lib/ruby/gems/2.7.0/gems/rake-13.0.1/lib/rake/task.rb:281:in `execute'  
workers-1  | /usr/local/ruby-2.7.0/lib/ruby/gems/2.7.0/gems/rake-13.0.1/lib/rake/task.rb:219:in `block in invoke_with_call_chain'  
workers-1  | /usr/local/ruby-2.7.0/lib/ruby/gems/2.7.0/gems/rake-13.0.1/lib/rake/task.rb:199:in `synchronize'  
workers-1  | /usr/local/ruby-2.7.0/lib/ruby/gems/2.7.0/gems/rake-13.0.1/lib/rake/task.rb:199:in `invoke_with_call_chain'  
workers-1  | /usr/local/ruby-2.7.0/lib/ruby/gems/2.7.0/gems/rake-13.0.1/lib/rake/task.rb:188:in `invoke'  
workers-1  | /usr/local/ruby-2.7.0/lib/ruby/gems/2.7.0/gems/rake-13.0.1/lib/rake/application.rb:160:in `invoke_task'  
workers-1  | /usr/local/ruby-2.7.0/lib/ruby/gems/2.7.0/gems/rake-13.0.1/lib/rake/application.rb:116:in `block (2 levels) in top_level'  
workers-1  | /usr/local/ruby-2.7.0/lib/ruby/gems/2.7.0/gems/rake-13.0.1/lib/rake/application.rb:116:in `each'  
workers-1  | /usr/local/ruby-2.7.0/lib/ruby/gems/2.7.0/gems/rake-13.0.1/lib/rake/application.rb:116:in `block in top_level'  
workers-1  | /usr/local/ruby-2.7.0/lib/ruby/gems/2.7.0/gems/rake-13.0.1/lib/rake/application.rb:125:in `run_with_threads'  
workers-1  | /usr/local/ruby-2.7.0/lib/ruby/gems/2.7.0/gems/rake-13.0.1/lib/rake/application.rb:110:in `top_level'  
workers-1  | /usr/local/ruby-2.7.0/lib/ruby/gems/2.7.0/gems/rake-13.0.1/lib/rake/application.rb:83:in `block in run'  
workers-1  | /usr/local/ruby-2.7.0/lib/ruby/gems/2.7.0/gems/rake-13.0.1/lib/rake/application.rb:186:in `standard_exception_handling'  
workers-1  | /usr/local/ruby-2.7.0/lib/ruby/gems/2.7.0/gems/rake-13.0.1/lib/rake/application.rb:80:in `run'  
workers-1  | /usr/local/ruby-2.7.0/lib/ruby/gems/2.7.0/gems/rake-13.0.1/exe/rake:27:in `<top (required)>'  
workers-1  | /usr/local/ruby-2.7.0/bin/rake:23:in `load'  
workers-1  | /usr/local/ruby-2.7.0/bin/rake:23:in `<main>'
workers-1  | /opt/.gem/gems/redis-4.1.4/lib/redis/client.rb:126:in `call'
workers-1  | /opt/.gem/gems/redis-4.1.4/lib/redis.rb:915:in `block in get'
workers-1  | /opt/.gem/gems/redis-4.1.4/lib/redis.rb:51:in `block in synchronize'
workers-1  | /opt/.gem/gems/redis-4.1.4/lib/redis.rb:51:in `synchronize'
workers-1  | /opt/.gem/gems/redis-4.1.4/lib/redis.rb:914:in `get'
workers-1  | /opt/.gem/gems/redis-namespace-1.7.0/lib/redis/namespace.rb:469:in `call_with_namespace'
workers-1  | /opt/.gem/gems/redis-namespace-1.7.0/lib/redis/namespace.rb:349:in `block (2 levels) in <class:Namespace>'
workers-1  | /opt/.gem/gems/resque-2.0.0/lib/resque/data_store.rb:231:in `get_worker_payload'
workers-1  | /opt/.gem/gems/resque-2.0.0/lib/resque/worker.rb:752:in `job'
workers-1  | /opt/.gem/gems/resque-2.0.0/lib/resque/worker.rb:670:in `unregister_worker'
workers-1  | /opt/.gem/gems/resque-2.0.0/lib/resque/worker.rb:250:in `rescue in work'
workers-1  | /opt/.gem/gems/resque-2.0.0/lib/resque/worker.rb:231:in `work'
workers-1  | /opt/.gem/gems/resque-2.0.0/lib/resque/tasks.rb:20:in `block (2 levels) in <top (required)>'
workers-1  | 
workers-1  | Caused by:
workers-1  | Redis::CommandError: NOAUTH Authentication required.
workers-1  | /opt/.gem/gems/redis-4.1.4/lib/redis/client.rb:126:in `call'
workers-1  | /opt/.gem/gems/redis-4.1.4/lib/redis.rb:915:in `block in get'
workers-1  | /opt/.gem/gems/redis-4.1.4/lib/redis.rb:51:in `block in synchronize'
workers-1  | /opt/.gem/gems/redis-4.1.4/lib/redis.rb:51:in `synchronize'
workers-1  | /opt/.gem/gems/redis-4.1.4/lib/redis.rb:914:in `get'
workers-1  | /opt/.gem/gems/redis-namespace-1.7.0/lib/redis/namespace.rb:469:in `call_with_namespace'
workers-1  | /opt/.gem/gems/redis-namespace-1.7.0/lib/redis/namespace.rb:349:in `block (2 levels) in <class:Namespace>'
workers-1  | /opt/.gem/gems/resque-2.0.0/lib/resque/data_store.rb:231:in `get_worker_payload'
workers-1  | /opt/.gem/gems/resque-2.0.0/lib/resque/worker.rb:752:in `job'
workers-1  | /opt/.gem/gems/resque-2.0.0/lib/resque/worker.rb:670:in `unregister_worker'
workers-1  | /opt/.gem/gems/resque-2.0.0/lib/resque/worker.rb:250:in `rescue in work'
workers-1  | /opt/.gem/gems/resque-2.0.0/lib/resque/worker.rb:231:in `work'
workers-1  | /opt/.gem/gems/resque-2.0.0/lib/resque/tasks.rb:20:in `block (2 levels) in <top (required)>'
workers-1  | 
workers-1  | Caused by:
workers-1  | Redis::CommandError: NOAUTH Authentication required.
workers-1  | /opt/.gem/gems/redis-4.1.4/lib/redis/client.rb:126:in `call'
workers-1  | /opt/.gem/gems/redis-4.1.4/lib/redis.rb:2216:in `block in hdel'
workers-1  | /opt/.gem/gems/redis-4.1.4/lib/redis.rb:51:in `block in synchronize'
workers-1  | /opt/.gem/gems/redis-4.1.4/lib/redis.rb:51:in `synchronize'
workers-1  | /opt/.gem/gems/redis-4.1.4/lib/redis.rb:2215:in `hdel'
workers-1  | /opt/.gem/gems/redis-namespace-1.7.0/lib/redis/namespace.rb:469:in `call_with_namespace'
workers-1  | /opt/.gem/gems/redis-namespace-1.7.0/lib/redis/namespace.rb:349:in `block (2 levels) in <class:Namespace>'
workers-1  | /opt/.gem/gems/resque-2.0.0/lib/resque/data_store.rb:261:in `remove_heartbeat'
workers-1  | /opt/.gem/gems/resque-2.0.0/lib/resque/worker.rb:475:in `remove_heartbeat'
workers-1  | /opt/.gem/gems/resque-2.0.0/lib/resque/worker.rb:507:in `start_heartbeat'
workers-1  | /opt/.gem/gems/resque-2.0.0/lib/resque/worker.rb:360:in `startup'
workers-1  | /opt/.gem/gems/resque-2.0.0/lib/resque/worker.rb:233:in `work'
workers-1  | /opt/.gem/gems/resque-2.0.0/lib/resque/tasks.rb:20:in `block (2 levels) in <top (required)>'
workers-1  | Tasks: TOP => resque:work
workers-1  | (See full trace by running task with --trace)
workers-1  | rake aborted!
workers-1  | Redis::CommandError: NOAUTH Authentication required.
workers-1  | Original Exception (Redis::CommandError): NOAUTH Authentication required.
workers-1  |   /opt/.gem/gems/redis-4.1.4/lib/redis/client.rb:126:in `call'  
workers-1  | /opt/.gem/gems/redis-4.1.4/lib/redis.rb:2216:in `block in hdel'  
workers-1  | /opt/.gem/gems/redis-4.1.4/lib/redis.rb:51:in `block in synchronize'  
workers-1  | /usr/local/ruby-2.7.0/lib/ruby/2.7.0/monitor.rb:202:in `synchronize'  
workers-1  | /usr/local/ruby-2.7.0/lib/ruby/2.7.0/monitor.rb:202:in `mon_synchronize'  
workers-1  | /opt/.gem/gems/redis-4.1.4/lib/redis.rb:51:in `synchronize'  
workers-1  | /opt/.gem/gems/redis-4.1.4/lib/redis.rb:2215:in `hdel'  
workers-1  | /opt/.gem/gems/redis-namespace-1.7.0/lib/redis/namespace.rb:469:in `call_with_namespace'  
workers-1  | /opt/.gem/gems/redis-namespace-1.7.0/lib/redis/namespace.rb:349:in `block (2 levels) in <class:Namespace>'  
workers-1  | /opt/.gem/gems/resque-2.0.0/lib/resque/data_store.rb:261:in `remove_heartbeat'  
workers-1  | /usr/local/ruby-2.7.0/lib/ruby/2.7.0/forwardable.rb:235:in `remove_heartbeat'  
workers-1  | /opt/.gem/gems/resque-2.0.0/lib/resque/worker.rb:475:in `remove_heartbeat'  
workers-1  | /opt/.gem/gems/resque-2.0.0/lib/resque/worker.rb:507:in `start_heartbeat'  
workers-1  | /opt/.gem/gems/resque-2.0.0/lib/resque/worker.rb:360:in `startup'  
workers-1  | /opt/.gem/gems/resque-2.0.0/lib/resque/worker.rb:233:in `work'  
workers-1  | /opt/.gem/gems/resque-2.0.0/lib/resque/tasks.rb:20:in `block (2 levels) in <top (required)>'  
workers-1  | /usr/local/ruby-2.7.0/lib/ruby/gems/2.7.0/gems/rake-13.0.1/lib/rake/task.rb:281:in `block in execute'  
workers-1  | /usr/local/ruby-2.7.0/lib/ruby/gems/2.7.0/gems/rake-13.0.1/lib/rake/task.rb:281:in `each'  
workers-1  | /usr/local/ruby-2.7.0/lib/ruby/gems/2.7.0/gems/rake-13.0.1/lib/rake/task.rb:281:in `execute'  
workers-1  | /usr/local/ruby-2.7.0/lib/ruby/gems/2.7.0/gems/rake-13.0.1/lib/rake/task.rb:219:in `block in invoke_with_call_chain'  
workers-1  | /usr/local/ruby-2.7.0/lib/ruby/gems/2.7.0/gems/rake-13.0.1/lib/rake/task.rb:199:in `synchronize'  
workers-1  | /usr/local/ruby-2.7.0/lib/ruby/gems/2.7.0/gems/rake-13.0.1/lib/rake/task.rb:199:in `invoke_with_call_chain'  
workers-1  | /usr/local/ruby-2.7.0/lib/ruby/gems/2.7.0/gems/rake-13.0.1/lib/rake/task.rb:188:in `invoke'  
workers-1  | /usr/local/ruby-2.7.0/lib/ruby/gems/2.7.0/gems/rake-13.0.1/lib/rake/application.rb:160:in `invoke_task'  
workers-1  | /usr/local/ruby-2.7.0/lib/ruby/gems/2.7.0/gems/rake-13.0.1/lib/rake/application.rb:116:in `block (2 levels) in top_level'  
workers-1  | /usr/local/ruby-2.7.0/lib/ruby/gems/2.7.0/gems/rake-13.0.1/lib/rake/application.rb:116:in `each'  
workers-1  | /usr/local/ruby-2.7.0/lib/ruby/gems/2.7.0/gems/rake-13.0.1/lib/rake/application.rb:116:in `block in top_level'  
workers-1  | /usr/local/ruby-2.7.0/lib/ruby/gems/2.7.0/gems/rake-13.0.1/lib/rake/application.rb:125:in `run_with_threads'  
workers-1  | /usr/local/ruby-2.7.0/lib/ruby/gems/2.7.0/gems/rake-13.0.1/lib/rake/application.rb:110:in `top_level'  
workers-1  | /usr/local/ruby-2.7.0/lib/ruby/gems/2.7.0/gems/rake-13.0.1/lib/rake/application.rb:83:in `block in run'  
workers-1  | /usr/local/ruby-2.7.0/lib/ruby/gems/2.7.0/gems/rake-13.0.1/lib/rake/application.rb:186:in `standard_exception_handling'  
workers-1  | /usr/local/ruby-2.7.0/lib/ruby/gems/2.7.0/gems/rake-13.0.1/lib/rake/application.rb:80:in `run'  
workers-1  | /usr/local/ruby-2.7.0/lib/ruby/gems/2.7.0/gems/rake-13.0.1/exe/rake:27:in `<top (required)>'  
workers-1  | /usr/local/ruby-2.7.0/bin/rake:23:in `load'  
workers-1  | /usr/local/ruby-2.7.0/bin/rake:23:in `<main>'
workers-1  | /opt/.gem/gems/redis-4.1.4/lib/redis/client.rb:126:in `call'
workers-1  | /opt/.gem/gems/redis-4.1.4/lib/redis.rb:915:in `block in get'
workers-1  | /opt/.gem/gems/redis-4.1.4/lib/redis.rb:51:in `block in synchronize'
workers-1  | /opt/.gem/gems/redis-4.1.4/lib/redis.rb:51:in `synchronize'
workers-1  | /opt/.gem/gems/redis-4.1.4/lib/redis.rb:914:in `get'
workers-1  | /opt/.gem/gems/redis-namespace-1.7.0/lib/redis/namespace.rb:469:in `call_with_namespace'
workers-1  | /opt/.gem/gems/redis-namespace-1.7.0/lib/redis/namespace.rb:349:in `block (2 levels) in <class:Namespace>'
workers-1  | /opt/.gem/gems/resque-2.0.0/lib/resque/data_store.rb:231:in `get_worker_payload'
workers-1  | /opt/.gem/gems/resque-2.0.0/lib/resque/worker.rb:752:in `job'
workers-1  | /opt/.gem/gems/resque-2.0.0/lib/resque/worker.rb:670:in `unregister_worker'
workers-1  | /opt/.gem/gems/resque-2.0.0/lib/resque/worker.rb:250:in `rescue in work'
workers-1  | /opt/.gem/gems/resque-2.0.0/lib/resque/worker.rb:231:in `work'
workers-1  | /opt/.gem/gems/resque-2.0.0/lib/resque/tasks.rb:20:in `block (2 levels) in <top (required)>'
workers-1  | 
workers-1  | Caused by:
workers-1  | Redis::CommandError: NOAUTH Authentication required.
workers-1  | /opt/.gem/gems/redis-4.1.4/lib/redis/client.rb:126:in `call'
workers-1  | /opt/.gem/gems/redis-4.1.4/lib/redis.rb:915:in `block in get'
workers-1  | /opt/.gem/gems/redis-4.1.4/lib/redis.rb:51:in `block in synchronize'
workers-1  | /opt/.gem/gems/redis-4.1.4/lib/redis.rb:51:in `synchronize'
workers-1  | /opt/.gem/gems/redis-4.1.4/lib/redis.rb:914:in `get'
workers-1  | /opt/.gem/gems/redis-namespace-1.7.0/lib/redis/namespace.rb:469:in `call_with_namespace'
workers-1  | /opt/.gem/gems/redis-namespace-1.7.0/lib/redis/namespace.rb:349:in `block (2 levels) in <class:Namespace>'
workers-1  | /opt/.gem/gems/resque-2.0.0/lib/resque/data_store.rb:231:in `get_worker_payload'
workers-1  | /opt/.gem/gems/resque-2.0.0/lib/resque/worker.rb:752:in `job'
workers-1  | /opt/.gem/gems/resque-2.0.0/lib/resque/worker.rb:670:in `unregister_worker'
workers-1  | /opt/.gem/gems/resque-2.0.0/lib/resque/worker.rb:250:in `rescue in work'
workers-1  | /opt/.gem/gems/resque-2.0.0/lib/resque/worker.rb:231:in `work'
workers-1  | /opt/.gem/gems/resque-2.0.0/lib/resque/tasks.rb:20:in `block (2 levels) in <top (required)>'
workers-1  | 
workers-1  | Caused by:
workers-1  | Redis::CommandError: NOAUTH Authentication required.
workers-1  | /opt/.gem/gems/redis-4.1.4/lib/redis/client.rb:126:in `call'
workers-1  | /opt/.gem/gems/redis-4.1.4/lib/redis.rb:2216:in `block in hdel'
workers-1  | /opt/.gem/gems/redis-4.1.4/lib/redis.rb:51:in `block in synchronize'
workers-1  | /opt/.gem/gems/redis-4.1.4/lib/redis.rb:51:in `synchronize'
workers-1  | /opt/.gem/gems/redis-4.1.4/lib/redis.rb:2215:in `hdel'
workers-1  | /opt/.gem/gems/redis-namespace-1.7.0/lib/redis/namespace.rb:469:in `call_with_namespace'
workers-1  | /opt/.gem/gems/redis-namespace-1.7.0/lib/redis/namespace.rb:349:in `block (2 levels) in <class:Namespace>'
workers-1  | /opt/.gem/gems/resque-2.0.0/lib/resque/data_store.rb:261:in `remove_heartbeat'
workers-1  | /opt/.gem/gems/resque-2.0.0/lib/resque/worker.rb:475:in `remove_heartbeat'
workers-1  | /opt/.gem/gems/resque-2.0.0/lib/resque/worker.rb:507:in `start_heartbeat'
workers-1  | /opt/.gem/gems/resque-2.0.0/lib/resque/worker.rb:360:in `startup'
workers-1  | /opt/.gem/gems/resque-2.0.0/lib/resque/worker.rb:233:in `work'
workers-1  | /opt/.gem/gems/resque-2.0.0/lib/resque/tasks.rb:20:in `block (2 levels) in <top (required)>'
workers-1  | Tasks: TOP => resque:work
workers-1  | (See full trace by running task with --trace)
workers-1  | rake aborted!
workers-1  | Redis::CommandError: NOAUTH Authentication required.
workers-1  | Original Exception (Redis::CommandError): NOAUTH Authentication required.
workers-1  |   /opt/.gem/gems/redis-4.1.4/lib/redis/client.rb:126:in `call'  
workers-1  | /opt/.gem/gems/redis-4.1.4/lib/redis.rb:2216:in `block in hdel'  
workers-1  | /opt/.gem/gems/redis-4.1.4/lib/redis.rb:51:in `block in synchronize'  
workers-1  | /usr/local/ruby-2.7.0/lib/ruby/2.7.0/monitor.rb:202:in `synchronize'  
workers-1  | /usr/local/ruby-2.7.0/lib/ruby/2.7.0/monitor.rb:202:in `mon_synchronize'  
workers-1  | /opt/.gem/gems/redis-4.1.4/lib/redis.rb:51:in `synchronize'  
workers-1  | /opt/.gem/gems/redis-4.1.4/lib/redis.rb:2215:in `hdel'  
workers-1  | /opt/.gem/gems/redis-namespace-1.7.0/lib/redis/namespace.rb:469:in `call_with_namespace'  
workers-1  | /opt/.gem/gems/redis-namespace-1.7.0/lib/redis/namespace.rb:349:in `block (2 levels) in <class:Namespace>'  
workers-1  | /opt/.gem/gems/resque-2.0.0/lib/resque/data_store.rb:261:in `remove_heartbeat'  
workers-1  | /usr/local/ruby-2.7.0/lib/ruby/2.7.0/forwardable.rb:235:in `remove_heartbeat'  
workers-1  | /opt/.gem/gems/resque-2.0.0/lib/resque/worker.rb:475:in `remove_heartbeat'  
workers-1  | /opt/.gem/gems/resque-2.0.0/lib/resque/worker.rb:507:in `start_heartbeat'  
workers-1  | /opt/.gem/gems/resque-2.0.0/lib/resque/worker.rb:360:in `startup'  
workers-1  | /opt/.gem/gems/resque-2.0.0/lib/resque/worker.rb:233:in `work'  
workers-1  | /opt/.gem/gems/resque-2.0.0/lib/resque/tasks.rb:20:in `block (2 levels) in <top (required)>'  
workers-1  | /usr/local/ruby-2.7.0/lib/ruby/gems/2.7.0/gems/rake-13.0.1/lib/rake/task.rb:281:in `block in execute'  
workers-1  | /usr/local/ruby-2.7.0/lib/ruby/gems/2.7.0/gems/rake-13.0.1/lib/rake/task.rb:281:in `each'  
workers-1  | /usr/local/ruby-2.7.0/lib/ruby/gems/2.7.0/gems/rake-13.0.1/lib/rake/task.rb:281:in `execute'  
workers-1  | /usr/local/ruby-2.7.0/lib/ruby/gems/2.7.0/gems/rake-13.0.1/lib/rake/task.rb:219:in `block in invoke_with_call_chain'  
workers-1  | /usr/local/ruby-2.7.0/lib/ruby/gems/2.7.0/gems/rake-13.0.1/lib/rake/task.rb:199:in `synchronize'  
workers-1  | /usr/local/ruby-2.7.0/lib/ruby/gems/2.7.0/gems/rake-13.0.1/lib/rake/task.rb:199:in `invoke_with_call_chain'  
workers-1  | /usr/local/ruby-2.7.0/lib/ruby/gems/2.7.0/gems/rake-13.0.1/lib/rake/task.rb:188:in `invoke'  
workers-1  | /usr/local/ruby-2.7.0/lib/ruby/gems/2.7.0/gems/rake-13.0.1/lib/rake/application.rb:160:in `invoke_task'  
workers-1  | /usr/local/ruby-2.7.0/lib/ruby/gems/2.7.0/gems/rake-13.0.1/lib/rake/application.rb:116:in `block (2 levels) in top_level'  
workers-1  | /usr/local/ruby-2.7.0/lib/ruby/gems/2.7.0/gems/rake-13.0.1/lib/rake/application.rb:116:in `each'  
workers-1  | /usr/local/ruby-2.7.0/lib/ruby/gems/2.7.0/gems/rake-13.0.1/lib/rake/application.rb:116:in `block in top_level'  
workers-1  | /usr/local/ruby-2.7.0/lib/ruby/gems/2.7.0/gems/rake-13.0.1/lib/rake/application.rb:125:in `run_with_threads'  
workers-1  | /usr/local/ruby-2.7.0/lib/ruby/gems/2.7.0/gems/rake-13.0.1/lib/rake/application.rb:110:in `top_level'  
workers-1  | /usr/local/ruby-2.7.0/lib/ruby/gems/2.7.0/gems/rake-13.0.1/lib/rake/application.rb:83:in `block in run'  
workers-1  | /usr/local/ruby-2.7.0/lib/ruby/gems/2.7.0/gems/rake-13.0.1/lib/rake/application.rb:186:in `standard_exception_handling'  
workers-1  | /usr/local/ruby-2.7.0/lib/ruby/gems/2.7.0/gems/rake-13.0.1/lib/rake/application.rb:80:in `run'  
workers-1  | /usr/local/ruby-2.7.0/lib/ruby/gems/2.7.0/gems/rake-13.0.1/exe/rake:27:in `<top (required)>'  
workers-1  | /usr/local/ruby-2.7.0/bin/rake:23:in `load'  
workers-1  | /usr/local/ruby-2.7.0/bin/rake:23:in `<main>'
workers-1  | /opt/.gem/gems/redis-4.1.4/lib/redis/client.rb:126:in `call'
workers-1  | /opt/.gem/gems/redis-4.1.4/lib/redis.rb:915:in `block in get'
workers-1  | /opt/.gem/gems/redis-4.1.4/lib/redis.rb:51:in `block in synchronize'
workers-1  | /opt/.gem/gems/redis-4.1.4/lib/redis.rb:51:in `synchronize'
workers-1  | /opt/.gem/gems/redis-4.1.4/lib/redis.rb:914:in `get'
workers-1  | /opt/.gem/gems/redis-namespace-1.7.0/lib/redis/namespace.rb:469:in `call_with_namespace'
workers-1  | /opt/.gem/gems/redis-namespace-1.7.0/lib/redis/namespace.rb:349:in `block (2 levels) in <class:Namespace>'
workers-1  | /opt/.gem/gems/resque-2.0.0/lib/resque/data_store.rb:231:in `get_worker_payload'
workers-1  | /opt/.gem/gems/resque-2.0.0/lib/resque/worker.rb:752:in `job'
workers-1  | /opt/.gem/gems/resque-2.0.0/lib/resque/worker.rb:670:in `unregister_worker'
workers-1  | /opt/.gem/gems/resque-2.0.0/lib/resque/worker.rb:250:in `rescue in work'
workers-1  | /opt/.gem/gems/resque-2.0.0/lib/resque/worker.rb:231:in `work'
workers-1  | /opt/.gem/gems/resque-2.0.0/lib/resque/tasks.rb:20:in `block (2 levels) in <top (required)>'
workers-1  | 
workers-1  | Caused by:
workers-1  | Redis::CommandError: NOAUTH Authentication required.
workers-1  | /opt/.gem/gems/redis-4.1.4/lib/redis/client.rb:126:in `call'
workers-1  | /opt/.gem/gems/redis-4.1.4/lib/redis.rb:915:in `block in get'
workers-1  | /opt/.gem/gems/redis-4.1.4/lib/redis.rb:51:in `block in synchronize'
workers-1  | /opt/.gem/gems/redis-4.1.4/lib/redis.rb:51:in `synchronize'
workers-1  | /opt/.gem/gems/redis-4.1.4/lib/redis.rb:914:in `get'
workers-1  | /opt/.gem/gems/redis-namespace-1.7.0/lib/redis/namespace.rb:469:in `call_with_namespace'
workers-1  | /opt/.gem/gems/redis-namespace-1.7.0/lib/redis/namespace.rb:349:in `block (2 levels) in <class:Namespace>'
workers-1  | /opt/.gem/gems/resque-2.0.0/lib/resque/data_store.rb:231:in `get_worker_payload'
workers-1  | /opt/.gem/gems/resque-2.0.0/lib/resque/worker.rb:752:in `job'
workers-1  | /opt/.gem/gems/resque-2.0.0/lib/resque/worker.rb:670:in `unregister_worker'
workers-1  | /opt/.gem/gems/resque-2.0.0/lib/resque/worker.rb:250:in `rescue in work'
workers-1  | /opt/.gem/gems/resque-2.0.0/lib/resque/worker.rb:231:in `work'
workers-1  | /opt/.gem/gems/resque-2.0.0/lib/resque/tasks.rb:20:in `block (2 levels) in <top (required)>'
workers-1  | 
workers-1  | Caused by:
workers-1  | Redis::CommandError: NOAUTH Authentication required.
workers-1  | /opt/.gem/gems/redis-4.1.4/lib/redis/client.rb:126:in `call'
workers-1  | /opt/.gem/gems/redis-4.1.4/lib/redis.rb:2216:in `block in hdel'
workers-1  | /opt/.gem/gems/redis-4.1.4/lib/redis.rb:51:in `block in synchronize'
workers-1  | /opt/.gem/gems/redis-4.1.4/lib/redis.rb:51:in `synchronize'
workers-1  | /opt/.gem/gems/redis-4.1.4/lib/redis.rb:2215:in `hdel'
workers-1  | /opt/.gem/gems/redis-namespace-1.7.0/lib/redis/namespace.rb:469:in `call_with_namespace'
workers-1  | /opt/.gem/gems/redis-namespace-1.7.0/lib/redis/namespace.rb:349:in `block (2 levels) in <class:Namespace>'
workers-1  | /opt/.gem/gems/resque-2.0.0/lib/resque/data_store.rb:261:in `remove_heartbeat'
workers-1  | /opt/.gem/gems/resque-2.0.0/lib/resque/worker.rb:475:in `remove_heartbeat'
workers-1  | /opt/.gem/gems/resque-2.0.0/lib/resque/worker.rb:507:in `start_heartbeat'
workers-1  | /opt/.gem/gems/resque-2.0.0/lib/resque/worker.rb:360:in `startup'
workers-1  | /opt/.gem/gems/resque-2.0.0/lib/resque/worker.rb:233:in `work'
workers-1  | /opt/.gem/gems/resque-2.0.0/lib/resque/tasks.rb:20:in `block (2 levels) in <top (required)>'
workers-1  | Tasks: TOP => resque:work
workers-1  | (See full trace by running task with --trace)
workers-1  | rake aborted!
workers-1  | Redis::CommandError: NOAUTH Authentication required.
workers-1  | Original Exception (Redis::CommandError): NOAUTH Authentication required.
workers-1  |   /opt/.gem/gems/redis-4.1.4/lib/redis/client.rb:126:in `call'  
workers-1  | /opt/.gem/gems/redis-4.1.4/lib/redis.rb:2216:in `block in hdel'  
workers-1  | /opt/.gem/gems/redis-4.1.4/lib/redis.rb:51:in `block in synchronize'  
workers-1  | /usr/local/ruby-2.7.0/lib/ruby/2.7.0/monitor.rb:202:in `synchronize'  
workers-1  | /usr/local/ruby-2.7.0/lib/ruby/2.7.0/monitor.rb:202:in `mon_synchronize'  
workers-1  | /opt/.gem/gems/redis-4.1.4/lib/redis.rb:51:in `synchronize'  
workers-1  | /opt/.gem/gems/redis-4.1.4/lib/redis.rb:2215:in `hdel'  
workers-1  | /opt/.gem/gems/redis-namespace-1.7.0/lib/redis/namespace.rb:469:in `call_with_namespace'  
workers-1  | /opt/.gem/gems/redis-namespace-1.7.0/lib/redis/namespace.rb:349:in `block (2 levels) in <class:Namespace>'  
workers-1  | /opt/.gem/gems/resque-2.0.0/lib/resque/data_store.rb:261:in `remove_heartbeat'  
workers-1  | /usr/local/ruby-2.7.0/lib/ruby/2.7.0/forwardable.rb:235:in `remove_heartbeat'  
workers-1  | /opt/.gem/gems/resque-2.0.0/lib/resque/worker.rb:475:in `remove_heartbeat'  
workers-1  | /opt/.gem/gems/resque-2.0.0/lib/resque/worker.rb:507:in `start_heartbeat'  
workers-1  | /opt/.gem/gems/resque-2.0.0/lib/resque/worker.rb:360:in `startup'  
workers-1  | /opt/.gem/gems/resque-2.0.0/lib/resque/worker.rb:233:in `work'  
workers-1  | /opt/.gem/gems/resque-2.0.0/lib/resque/tasks.rb:20:in `block (2 levels) in <top (required)>'  
workers-1  | /usr/local/ruby-2.7.0/lib/ruby/gems/2.7.0/gems/rake-13.0.1/lib/rake/task.rb:281:in `block in execute'  
workers-1  | /usr/local/ruby-2.7.0/lib/ruby/gems/2.7.0/gems/rake-13.0.1/lib/rake/task.rb:281:in `each'  
workers-1  | /usr/local/ruby-2.7.0/lib/ruby/gems/2.7.0/gems/rake-13.0.1/lib/rake/task.rb:281:in `execute'  
workers-1  | /usr/local/ruby-2.7.0/lib/ruby/gems/2.7.0/gems/rake-13.0.1/lib/rake/task.rb:219:in `block in invoke_with_call_chain'  
workers-1  | /usr/local/ruby-2.7.0/lib/ruby/gems/2.7.0/gems/rake-13.0.1/lib/rake/task.rb:199:in `synchronize'  
workers-1  | /usr/local/ruby-2.7.0/lib/ruby/gems/2.7.0/gems/rake-13.0.1/lib/rake/task.rb:199:in `invoke_with_call_chain'  
workers-1  | /usr/local/ruby-2.7.0/lib/ruby/gems/2.7.0/gems/rake-13.0.1/lib/rake/task.rb:188:in `invoke'  
workers-1  | /usr/local/ruby-2.7.0/lib/ruby/gems/2.7.0/gems/rake-13.0.1/lib/rake/application.rb:160:in `invoke_task'  
workers-1  | /usr/local/ruby-2.7.0/lib/ruby/gems/2.7.0/gems/rake-13.0.1/lib/rake/application.rb:116:in `block (2 levels) in top_level'  
workers-1  | /usr/local/ruby-2.7.0/lib/ruby/gems/2.7.0/gems/rake-13.0.1/lib/rake/application.rb:116:in `each'  
workers-1  | /usr/local/ruby-2.7.0/lib/ruby/gems/2.7.0/gems/rake-13.0.1/lib/rake/application.rb:116:in `block in top_level'  
workers-1  | /usr/local/ruby-2.7.0/lib/ruby/gems/2.7.0/gems/rake-13.0.1/lib/rake/application.rb:125:in `run_with_threads'  
workers-1  | /usr/local/ruby-2.7.0/lib/ruby/gems/2.7.0/gems/rake-13.0.1/lib/rake/application.rb:110:in `top_level'  
workers-1  | /usr/local/ruby-2.7.0/lib/ruby/gems/2.7.0/gems/rake-13.0.1/lib/rake/application.rb:83:in `block in run'  
workers-1  | /usr/local/ruby-2.7.0/lib/ruby/gems/2.7.0/gems/rake-13.0.1/lib/rake/application.rb:186:in `standard_exception_handling'  
workers-1  | /usr/local/ruby-2.7.0/lib/ruby/gems/2.7.0/gems/rake-13.0.1/lib/rake/application.rb:80:in `run'  
workers-1  | /usr/local/ruby-2.7.0/lib/ruby/gems/2.7.0/gems/rake-13.0.1/exe/rake:27:in `<top (required)>'  
workers-1  | /usr/local/ruby-2.7.0/bin/rake:23:in `load'  
workers-1  | /usr/local/ruby-2.7.0/bin/rake:23:in `<main>'
workers-1  | /opt/.gem/gems/redis-4.1.4/lib/redis/client.rb:126:in `call'
workers-1  | /opt/.gem/gems/redis-4.1.4/lib/redis.rb:915:in `block in get'
workers-1  | /opt/.gem/gems/redis-4.1.4/lib/redis.rb:51:in `block in synchronize'
workers-1  | /opt/.gem/gems/redis-4.1.4/lib/redis.rb:51:in `synchronize'
workers-1  | /opt/.gem/gems/redis-4.1.4/lib/redis.rb:914:in `get'
workers-1  | /opt/.gem/gems/redis-namespace-1.7.0/lib/redis/namespace.rb:469:in `call_with_namespace'
workers-1  | /opt/.gem/gems/redis-namespace-1.7.0/lib/redis/namespace.rb:349:in `block (2 levels) in <class:Namespace>'
workers-1  | /opt/.gem/gems/resque-2.0.0/lib/resque/data_store.rb:231:in `get_worker_payload'
workers-1  | /opt/.gem/gems/resque-2.0.0/lib/resque/worker.rb:752:in `job'
workers-1  | /opt/.gem/gems/resque-2.0.0/lib/resque/worker.rb:670:in `unregister_worker'
workers-1  | /opt/.gem/gems/resque-2.0.0/lib/resque/worker.rb:250:in `rescue in work'
workers-1  | /opt/.gem/gems/resque-2.0.0/lib/resque/worker.rb:231:in `work'
workers-1  | /opt/.gem/gems/resque-2.0.0/lib/resque/tasks.rb:20:in `block (2 levels) in <top (required)>'
workers-1  | 
workers-1  | Caused by:
workers-1  | Redis::CommandError: NOAUTH Authentication required.
workers-1  | /opt/.gem/gems/redis-4.1.4/lib/redis/client.rb:126:in `call'
workers-1  | /opt/.gem/gems/redis-4.1.4/lib/redis.rb:915:in `block in get'
workers-1  | /opt/.gem/gems/redis-4.1.4/lib/redis.rb:51:in `block in synchronize'
workers-1  | /opt/.gem/gems/redis-4.1.4/lib/redis.rb:51:in `synchronize'
workers-1  | /opt/.gem/gems/redis-4.1.4/lib/redis.rb:914:in `get'
workers-1  | /opt/.gem/gems/redis-namespace-1.7.0/lib/redis/namespace.rb:469:in `call_with_namespace'
workers-1  | /opt/.gem/gems/redis-namespace-1.7.0/lib/redis/namespace.rb:349:in `block (2 levels) in <class:Namespace>'
workers-1  | /opt/.gem/gems/resque-2.0.0/lib/resque/data_store.rb:231:in `get_worker_payload'
workers-1  | /opt/.gem/gems/resque-2.0.0/lib/resque/worker.rb:752:in `job'
workers-1  | /opt/.gem/gems/resque-2.0.0/lib/resque/worker.rb:670:in `unregister_worker'
workers-1  | /opt/.gem/gems/resque-2.0.0/lib/resque/worker.rb:250:in `rescue in work'
workers-1  | /opt/.gem/gems/resque-2.0.0/lib/resque/worker.rb:231:in `work'
workers-1  | /opt/.gem/gems/resque-2.0.0/lib/resque/tasks.rb:20:in `block (2 levels) in <top (required)>'
workers-1  | 
workers-1  | Caused by:
workers-1  | Redis::CommandError: NOAUTH Authentication required.
workers-1  | /opt/.gem/gems/redis-4.1.4/lib/redis/client.rb:126:in `call'
workers-1  | /opt/.gem/gems/redis-4.1.4/lib/redis.rb:2216:in `block in hdel'
workers-1  | /opt/.gem/gems/redis-4.1.4/lib/redis.rb:51:in `block in synchronize'
workers-1  | /opt/.gem/gems/redis-4.1.4/lib/redis.rb:51:in `synchronize'
workers-1  | /opt/.gem/gems/redis-4.1.4/lib/redis.rb:2215:in `hdel'
workers-1  | /opt/.gem/gems/redis-namespace-1.7.0/lib/redis/namespace.rb:469:in `call_with_namespace'
workers-1  | /opt/.gem/gems/redis-namespace-1.7.0/lib/redis/namespace.rb:349:in `block (2 levels) in <class:Namespace>'
workers-1  | /opt/.gem/gems/resque-2.0.0/lib/resque/data_store.rb:261:in `remove_heartbeat'
workers-1  | /opt/.gem/gems/resque-2.0.0/lib/resque/worker.rb:475:in `remove_heartbeat'
workers-1  | /opt/.gem/gems/resque-2.0.0/lib/resque/worker.rb:507:in `start_heartbeat'
workers-1  | /opt/.gem/gems/resque-2.0.0/lib/resque/worker.rb:360:in `startup'
workers-1  | /opt/.gem/gems/resque-2.0.0/lib/resque/worker.rb:233:in `work'
workers-1  | /opt/.gem/gems/resque-2.0.0/lib/resque/tasks.rb:20:in `block (2 levels) in <top (required)>'
workers-1  | Tasks: TOP => resque:work
workers-1  | (See full trace by running task with --trace)
workers-1  | rake aborted!
workers-1  | Redis::CommandError: NOAUTH Authentication required.
workers-1  | Original Exception (Redis::CommandError): NOAUTH Authentication required.
workers-1  |   /opt/.gem/gems/redis-4.1.4/lib/redis/client.rb:126:in `call'  
workers-1  | /opt/.gem/gems/redis-4.1.4/lib/redis.rb:2216:in `block in hdel'  
workers-1  | /opt/.gem/gems/redis-4.1.4/lib/redis.rb:51:in `block in synchronize'  
workers-1  | /usr/local/ruby-2.7.0/lib/ruby/2.7.0/monitor.rb:202:in `synchronize'  
workers-1  | /usr/local/ruby-2.7.0/lib/ruby/2.7.0/monitor.rb:202:in `mon_synchronize'  
workers-1  | /opt/.gem/gems/redis-4.1.4/lib/redis.rb:51:in `synchronize'  
workers-1  | /opt/.gem/gems/redis-4.1.4/lib/redis.rb:2215:in `hdel'  
workers-1  | /opt/.gem/gems/redis-namespace-1.7.0/lib/redis/namespace.rb:469:in `call_with_namespace'  
workers-1  | /opt/.gem/gems/redis-namespace-1.7.0/lib/redis/namespace.rb:349:in `block (2 levels) in <class:Namespace>'  
workers-1  | /opt/.gem/gems/resque-2.0.0/lib/resque/data_store.rb:261:in `remove_heartbeat'  
workers-1  | /usr/local/ruby-2.7.0/lib/ruby/2.7.0/forwardable.rb:235:in `remove_heartbeat'  
workers-1  | /opt/.gem/gems/resque-2.0.0/lib/resque/worker.rb:475:in `remove_heartbeat'  
workers-1  | /opt/.gem/gems/resque-2.0.0/lib/resque/worker.rb:507:in `start_heartbeat'  
workers-1  | /opt/.gem/gems/resque-2.0.0/lib/resque/worker.rb:360:in `startup'  
workers-1  | /opt/.gem/gems/resque-2.0.0/lib/resque/worker.rb:233:in `work'  
workers-1  | /opt/.gem/gems/resque-2.0.0/lib/resque/tasks.rb:20:in `block (2 levels) in <top (required)>'  
workers-1  | /usr/local/ruby-2.7.0/lib/ruby/gems/2.7.0/gems/rake-13.0.1/lib/rake/task.rb:281:in `block in execute'  
workers-1  | /usr/local/ruby-2.7.0/lib/ruby/gems/2.7.0/gems/rake-13.0.1/lib/rake/task.rb:281:in `each'  
workers-1  | /usr/local/ruby-2.7.0/lib/ruby/gems/2.7.0/gems/rake-13.0.1/lib/rake/task.rb:281:in `execute'  
workers-1  | /usr/local/ruby-2.7.0/lib/ruby/gems/2.7.0/gems/rake-13.0.1/lib/rake/task.rb:219:in `block in invoke_with_call_chain'  
workers-1  | /usr/local/ruby-2.7.0/lib/ruby/gems/2.7.0/gems/rake-13.0.1/lib/rake/task.rb:199:in `synchronize'  
workers-1  | /usr/local/ruby-2.7.0/lib/ruby/gems/2.7.0/gems/rake-13.0.1/lib/rake/task.rb:199:in `invoke_with_call_chain'  
workers-1  | /usr/local/ruby-2.7.0/lib/ruby/gems/2.7.0/gems/rake-13.0.1/lib/rake/task.rb:188:in `invoke'  
workers-1  | /usr/local/ruby-2.7.0/lib/ruby/gems/2.7.0/gems/rake-13.0.1/lib/rake/application.rb:160:in `invoke_task'  
workers-1  | /usr/local/ruby-2.7.0/lib/ruby/gems/2.7.0/gems/rake-13.0.1/lib/rake/application.rb:116:in `block (2 levels) in top_level'  
workers-1  | /usr/local/ruby-2.7.0/lib/ruby/gems/2.7.0/gems/rake-13.0.1/lib/rake/application.rb:116:in `each'  
workers-1  | /usr/local/ruby-2.7.0/lib/ruby/gems/2.7.0/gems/rake-13.0.1/lib/rake/application.rb:116:in `block in top_level'  
workers-1  | /usr/local/ruby-2.7.0/lib/ruby/gems/2.7.0/gems/rake-13.0.1/lib/rake/application.rb:125:in `run_with_threads'  
workers-1  | /usr/local/ruby-2.7.0/lib/ruby/gems/2.7.0/gems/rake-13.0.1/lib/rake/application.rb:110:in `top_level'  
workers-1  | /usr/local/ruby-2.7.0/lib/ruby/gems/2.7.0/gems/rake-13.0.1/lib/rake/application.rb:83:in `block in run'  
workers-1  | /usr/local/ruby-2.7.0/lib/ruby/gems/2.7.0/gems/rake-13.0.1/lib/rake/application.rb:186:in `standard_exception_handling'  
workers-1  | /usr/local/ruby-2.7.0/lib/ruby/gems/2.7.0/gems/rake-13.0.1/lib/rake/application.rb:80:in `run'  
workers-1  | /usr/local/ruby-2.7.0/lib/ruby/gems/2.7.0/gems/rake-13.0.1/exe/rake:27:in `<top (required)>'  
workers-1  | /usr/local/ruby-2.7.0/bin/rake:23:in `load'  
workers-1  | /usr/local/ruby-2.7.0/bin/rake:23:in `<main>'
workers-1  | /opt/.gem/gems/redis-4.1.4/lib/redis/client.rb:126:in `call'
workers-1  | /opt/.gem/gems/redis-4.1.4/lib/redis.rb:915:in `block in get'
workers-1  | /opt/.gem/gems/redis-4.1.4/lib/redis.rb:51:in `block in synchronize'
workers-1  | /opt/.gem/gems/redis-4.1.4/lib/redis.rb:51:in `synchronize'
workers-1  | /opt/.gem/gems/redis-4.1.4/lib/redis.rb:914:in `get'
workers-1  | /opt/.gem/gems/redis-namespace-1.7.0/lib/redis/namespace.rb:469:in `call_with_namespace'
workers-1  | /opt/.gem/gems/redis-namespace-1.7.0/lib/redis/namespace.rb:349:in `block (2 levels) in <class:Namespace>'
workers-1  | /opt/.gem/gems/resque-2.0.0/lib/resque/data_store.rb:231:in `get_worker_payload'
workers-1  | /opt/.gem/gems/resque-2.0.0/lib/resque/worker.rb:752:in `job'
workers-1  | /opt/.gem/gems/resque-2.0.0/lib/resque/worker.rb:670:in `unregister_worker'
workers-1  | /opt/.gem/gems/resque-2.0.0/lib/resque/worker.rb:250:in `rescue in work'
workers-1  | /opt/.gem/gems/resque-2.0.0/lib/resque/worker.rb:231:in `work'
workers-1  | /opt/.gem/gems/resque-2.0.0/lib/resque/tasks.rb:20:in `block (2 levels) in <top (required)>'
workers-1  | 
workers-1  | Caused by:
workers-1  | Redis::CommandError: NOAUTH Authentication required.
workers-1  | /opt/.gem/gems/redis-4.1.4/lib/redis/client.rb:126:in `call'
workers-1  | /opt/.gem/gems/redis-4.1.4/lib/redis.rb:915:in `block in get'
workers-1  | /opt/.gem/gems/redis-4.1.4/lib/redis.rb:51:in `block in synchronize'
workers-1  | /opt/.gem/gems/redis-4.1.4/lib/redis.rb:51:in `synchronize'
workers-1  | /opt/.gem/gems/redis-4.1.4/lib/redis.rb:914:in `get'
workers-1  | /opt/.gem/gems/redis-namespace-1.7.0/lib/redis/namespace.rb:469:in `call_with_namespace'
workers-1  | /opt/.gem/gems/redis-namespace-1.7.0/lib/redis/namespace.rb:349:in `block (2 levels) in <class:Namespace>'
workers-1  | /opt/.gem/gems/resque-2.0.0/lib/resque/data_store.rb:231:in `get_worker_payload'
workers-1  | /opt/.gem/gems/resque-2.0.0/lib/resque/worker.rb:752:in `job'
workers-1  | /opt/.gem/gems/resque-2.0.0/lib/resque/worker.rb:670:in `unregister_worker'
workers-1  | /opt/.gem/gems/resque-2.0.0/lib/resque/worker.rb:250:in `rescue in work'
workers-1  | /opt/.gem/gems/resque-2.0.0/lib/resque/worker.rb:231:in `work'
workers-1  | /opt/.gem/gems/resque-2.0.0/lib/resque/tasks.rb:20:in `block (2 levels) in <top (required)>'
workers-1  | 
workers-1  | Caused by:
workers-1  | Redis::CommandError: NOAUTH Authentication required.
workers-1  | /opt/.gem/gems/redis-4.1.4/lib/redis/client.rb:126:in `call'
workers-1  | /opt/.gem/gems/redis-4.1.4/lib/redis.rb:2216:in `block in hdel'
workers-1  | /opt/.gem/gems/redis-4.1.4/lib/redis.rb:51:in `block in synchronize'
workers-1  | /opt/.gem/gems/redis-4.1.4/lib/redis.rb:51:in `synchronize'
workers-1  | /opt/.gem/gems/redis-4.1.4/lib/redis.rb:2215:in `hdel'
workers-1  | /opt/.gem/gems/redis-namespace-1.7.0/lib/redis/namespace.rb:469:in `call_with_namespace'
workers-1  | /opt/.gem/gems/redis-namespace-1.7.0/lib/redis/namespace.rb:349:in `block (2 levels) in <class:Namespace>'
workers-1  | /opt/.gem/gems/resque-2.0.0/lib/resque/data_store.rb:261:in `remove_heartbeat'
workers-1  | /opt/.gem/gems/resque-2.0.0/lib/resque/worker.rb:475:in `remove_heartbeat'
workers-1  | /opt/.gem/gems/resque-2.0.0/lib/resque/worker.rb:507:in `start_heartbeat'
workers-1  | /opt/.gem/gems/resque-2.0.0/lib/resque/worker.rb:360:in `startup'
workers-1  | /opt/.gem/gems/resque-2.0.0/lib/resque/worker.rb:233:in `work'
workers-1  | /opt/.gem/gems/resque-2.0.0/lib/resque/tasks.rb:20:in `block (2 levels) in <top (required)>'
workers-1  | Tasks: TOP => resque:work
workers-1  | (See full trace by running task with --trace)
workers-1  | [2026-03-14-09-54-33] Workers are stopped.
workers-1  | [2026-03-14-09-54-33] Starting scheduler.
workers-1  | [2026-03-14-09-54-33] Starting workers.
workers-1  | resque-scheduler: [INFO] 2026-03-14T09:54:34+00:00: Starting
workers-1  | rake aborted!
workers-1  | Redis::CommandError: NOAUTH Authentication required.
workers-1  | /opt/.gem/gems/redis-4.1.4/lib/redis/client.rb:126:in `call'
workers-1  | /opt/.gem/gems/redis-4.1.4/lib/redis.rb:287:in `block in info'
workers-1  | /opt/.gem/gems/redis-4.1.4/lib/redis.rb:51:in `block in synchronize'
workers-1  | /opt/.gem/gems/redis-4.1.4/lib/redis.rb:51:in `synchronize'
workers-1  | /opt/.gem/gems/redis-4.1.4/lib/redis.rb:286:in `info'
workers-1  | /opt/.gem/gems/resque-scheduler-4.4.0/lib/resque/scheduler/locking.rb:100:in `redis_master_version'
workers-1  | /opt/.gem/gems/resque-scheduler-4.4.0/lib/resque/scheduler/locking.rb:62:in `supports_lua?'
workers-1  | /opt/.gem/gems/resque-scheduler-4.4.0/lib/resque/scheduler/locking.rb:86:in `build_master_lock'
workers-1  | /opt/.gem/gems/resque-scheduler-4.4.0/lib/resque/scheduler/locking.rb:58:in `master_lock'
workers-1  | /opt/.gem/gems/resque-scheduler-4.4.0/lib/resque/scheduler/locking.rb:66:in `master?'
workers-1  | /opt/.gem/gems/resque-scheduler-4.4.0/lib/resque/scheduler.rb:59:in `block in run'
workers-1  | /opt/.gem/gems/resque-scheduler-4.4.0/lib/resque/scheduler.rb:56:in `loop'
workers-1  | /opt/.gem/gems/resque-scheduler-4.4.0/lib/resque/scheduler.rb:56:in `run'
workers-1  | /opt/.gem/gems/resque-scheduler-4.4.0/lib/resque/scheduler/cli.rb:117:in `run_forever'
workers-1  | /opt/.gem/gems/resque-scheduler-4.4.0/lib/resque/scheduler/tasks.rb:18:in `block (2 levels) in <top (required)>'
workers-1  | Tasks: TOP => resque:scheduler
workers-1  | (See full trace by running task with --trace)
workers-1  | rake aborted!
workers-1  | Redis::CommandError: NOAUTH Authentication required.
workers-1  | Original Exception (Redis::CommandError): NOAUTH Authentication required.
workers-1  |   /opt/.gem/gems/redis-4.1.4/lib/redis/client.rb:126:in `call'  
workers-1  | /opt/.gem/gems/redis-4.1.4/lib/redis.rb:2216:in `block in hdel'  
workers-1  | /opt/.gem/gems/redis-4.1.4/lib/redis.rb:51:in `block in synchronize'  
workers-1  | /usr/local/ruby-2.7.0/lib/ruby/2.7.0/monitor.rb:202:in `synchronize'  
workers-1  | /usr/local/ruby-2.7.0/lib/ruby/2.7.0/monitor.rb:202:in `mon_synchronize'  
workers-1  | /opt/.gem/gems/redis-4.1.4/lib/redis.rb:51:in `synchronize'  
workers-1  | /opt/.gem/gems/redis-4.1.4/lib/redis.rb:2215:in `hdel'  
workers-1  | /opt/.gem/gems/redis-namespace-1.7.0/lib/redis/namespace.rb:469:in `call_with_namespace'  
workers-1  | /opt/.gem/gems/redis-namespace-1.7.0/lib/redis/namespace.rb:349:in `block (2 levels) in <class:Namespace>'  
workers-1  | /opt/.gem/gems/resque-2.0.0/lib/resque/data_store.rb:261:in `remove_heartbeat'  
workers-1  | /usr/local/ruby-2.7.0/lib/ruby/2.7.0/forwardable.rb:235:in `remove_heartbeat'  
workers-1  | /opt/.gem/gems/resque-2.0.0/lib/resque/worker.rb:475:in `remove_heartbeat'  
workers-1  | /opt/.gem/gems/resque-2.0.0/lib/resque/worker.rb:507:in `start_heartbeat'  
workers-1  | /opt/.gem/gems/resque-2.0.0/lib/resque/worker.rb:360:in `startup'  
workers-1  | /opt/.gem/gems/resque-2.0.0/lib/resque/worker.rb:233:in `work'  
workers-1  | /opt/.gem/gems/resque-2.0.0/lib/resque/tasks.rb:20:in `block (2 levels) in <top (required)>'  
workers-1  | /usr/local/ruby-2.7.0/lib/ruby/gems/2.7.0/gems/rake-13.0.1/lib/rake/task.rb:281:in `block in execute'  
workers-1  | /usr/local/ruby-2.7.0/lib/ruby/gems/2.7.0/gems/rake-13.0.1/lib/rake/task.rb:281:in `each'  
workers-1  | /usr/local/ruby-2.7.0/lib/ruby/gems/2.7.0/gems/rake-13.0.1/lib/rake/task.rb:281:in `execute'  
workers-1  | /usr/local/ruby-2.7.0/lib/ruby/gems/2.7.0/gems/rake-13.0.1/lib/rake/task.rb:219:in `block in invoke_with_call_chain'  
workers-1  | /usr/local/ruby-2.7.0/lib/ruby/gems/2.7.0/gems/rake-13.0.1/lib/rake/task.rb:199:in `synchronize'  
workers-1  | /usr/local/ruby-2.7.0/lib/ruby/gems/2.7.0/gems/rake-13.0.1/lib/rake/task.rb:199:in `invoke_with_call_chain'  
workers-1  | /usr/local/ruby-2.7.0/lib/ruby/gems/2.7.0/gems/rake-13.0.1/lib/rake/task.rb:188:in `invoke'  
workers-1  | /usr/local/ruby-2.7.0/lib/ruby/gems/2.7.0/gems/rake-13.0.1/lib/rake/application.rb:160:in `invoke_task'  
workers-1  | /usr/local/ruby-2.7.0/lib/ruby/gems/2.7.0/gems/rake-13.0.1/lib/rake/application.rb:116:in `block (2 levels) in top_level'  
workers-1  | /usr/local/ruby-2.7.0/lib/ruby/gems/2.7.0/gems/rake-13.0.1/lib/rake/application.rb:116:in `each'  
workers-1  | /usr/local/ruby-2.7.0/lib/ruby/gems/2.7.0/gems/rake-13.0.1/lib/rake/application.rb:116:in `block in top_level'  
workers-1  | /usr/local/ruby-2.7.0/lib/ruby/gems/2.7.0/gems/rake-13.0.1/lib/rake/application.rb:125:in `run_with_threads'  
workers-1  | /usr/local/ruby-2.7.0/lib/ruby/gems/2.7.0/gems/rake-13.0.1/lib/rake/application.rb:110:in `top_level'  
workers-1  | /usr/local/ruby-2.7.0/lib/ruby/gems/2.7.0/gems/rake-13.0.1/lib/rake/application.rb:83:in `block in run'  
workers-1  | /usr/local/ruby-2.7.0/lib/ruby/gems/2.7.0/gems/rake-13.0.1/lib/rake/application.rb:186:in `standard_exception_handling'  
workers-1  | /usr/local/ruby-2.7.0/lib/ruby/gems/2.7.0/gems/rake-13.0.1/lib/rake/application.rb:80:in `run'  
workers-1  | /usr/local/ruby-2.7.0/lib/ruby/gems/2.7.0/gems/rake-13.0.1/exe/rake:27:in `<top (required)>'  
workers-1  | /usr/local/ruby-2.7.0/bin/rake:23:in `load'  
workers-1  | /usr/local/ruby-2.7.0/bin/rake:23:in `<main>'
workers-1  | /opt/.gem/gems/redis-4.1.4/lib/redis/client.rb:126:in `call'
workers-1  | /opt/.gem/gems/redis-4.1.4/lib/redis.rb:915:in `block in get'
workers-1  | /opt/.gem/gems/redis-4.1.4/lib/redis.rb:51:in `block in synchronize'
workers-1  | /opt/.gem/gems/redis-4.1.4/lib/redis.rb:51:in `synchronize'
workers-1  | /opt/.gem/gems/redis-4.1.4/lib/redis.rb:914:in `get'
workers-1  | /opt/.gem/gems/redis-namespace-1.7.0/lib/redis/namespace.rb:469:in `call_with_namespace'
workers-1  | /opt/.gem/gems/redis-namespace-1.7.0/lib/redis/namespace.rb:349:in `block (2 levels) in <class:Namespace>'
workers-1  | /opt/.gem/gems/resque-2.0.0/lib/resque/data_store.rb:231:in `get_worker_payload'
workers-1  | /opt/.gem/gems/resque-2.0.0/lib/resque/worker.rb:752:in `job'
workers-1  | /opt/.gem/gems/resque-2.0.0/lib/resque/worker.rb:670:in `unregister_worker'
workers-1  | /opt/.gem/gems/resque-2.0.0/lib/resque/worker.rb:250:in `rescue in work'
workers-1  | /opt/.gem/gems/resque-2.0.0/lib/resque/worker.rb:231:in `work'
workers-1  | /opt/.gem/gems/resque-2.0.0/lib/resque/tasks.rb:20:in `block (2 levels) in <top (required)>'
workers-1  | 
workers-1  | Caused by:
workers-1  | Redis::CommandError: NOAUTH Authentication required.
workers-1  | /opt/.gem/gems/redis-4.1.4/lib/redis/client.rb:126:in `call'
workers-1  | /opt/.gem/gems/redis-4.1.4/lib/redis.rb:915:in `block in get'
workers-1  | /opt/.gem/gems/redis-4.1.4/lib/redis.rb:51:in `block in synchronize'
workers-1  | /opt/.gem/gems/redis-4.1.4/lib/redis.rb:51:in `synchronize'
workers-1  | /opt/.gem/gems/redis-4.1.4/lib/redis.rb:914:in `get'
workers-1  | /opt/.gem/gems/redis-namespace-1.7.0/lib/redis/namespace.rb:469:in `call_with_namespace'
workers-1  | /opt/.gem/gems/redis-namespace-1.7.0/lib/redis/namespace.rb:349:in `block (2 levels) in <class:Namespace>'
workers-1  | /opt/.gem/gems/resque-2.0.0/lib/resque/data_store.rb:231:in `get_worker_payload'
workers-1  | /opt/.gem/gems/resque-2.0.0/lib/resque/worker.rb:752:in `job'
workers-1  | /opt/.gem/gems/resque-2.0.0/lib/resque/worker.rb:670:in `unregister_worker'
workers-1  | /opt/.gem/gems/resque-2.0.0/lib/resque/worker.rb:250:in `rescue in work'
workers-1  | /opt/.gem/gems/resque-2.0.0/lib/resque/worker.rb:231:in `work'
workers-1  | /opt/.gem/gems/resque-2.0.0/lib/resque/tasks.rb:20:in `block (2 levels) in <top (required)>'
workers-1  | 
workers-1  | Caused by:
workers-1  | Redis::CommandError: NOAUTH Authentication required.
workers-1  | /opt/.gem/gems/redis-4.1.4/lib/redis/client.rb:126:in `call'
workers-1  | /opt/.gem/gems/redis-4.1.4/lib/redis.rb:2216:in `block in hdel'
workers-1  | /opt/.gem/gems/redis-4.1.4/lib/redis.rb:51:in `block in synchronize'
workers-1  | /opt/.gem/gems/redis-4.1.4/lib/redis.rb:51:in `synchronize'
workers-1  | /opt/.gem/gems/redis-4.1.4/lib/redis.rb:2215:in `hdel'
workers-1  | /opt/.gem/gems/redis-namespace-1.7.0/lib/redis/namespace.rb:469:in `call_with_namespace'
workers-1  | /opt/.gem/gems/redis-namespace-1.7.0/lib/redis/namespace.rb:349:in `block (2 levels) in <class:Namespace>'
workers-1  | /opt/.gem/gems/resque-2.0.0/lib/resque/data_store.rb:261:in `remove_heartbeat'
workers-1  | /opt/.gem/gems/resque-2.0.0/lib/resque/worker.rb:475:in `remove_heartbeat'
workers-1  | /opt/.gem/gems/resque-2.0.0/lib/resque/worker.rb:507:in `start_heartbeat'
workers-1  | /opt/.gem/gems/resque-2.0.0/lib/resque/worker.rb:360:in `startup'
workers-1  | /opt/.gem/gems/resque-2.0.0/lib/resque/worker.rb:233:in `work'
workers-1  | /opt/.gem/gems/resque-2.0.0/lib/resque/tasks.rb:20:in `block (2 levels) in <top (required)>'
workers-1  | Tasks: TOP => resque:work
workers-1  | (See full trace by running task with --trace)
workers-1  | rake aborted!
workers-1  | Redis::CommandError: NOAUTH Authentication required.
workers-1  | Original Exception (Redis::CommandError): NOAUTH Authentication required.
workers-1  |   /opt/.gem/gems/redis-4.1.4/lib/redis/client.rb:126:in `call'  
workers-1  | /opt/.gem/gems/redis-4.1.4/lib/redis.rb:2216:in `block in hdel'  
workers-1  | /opt/.gem/gems/redis-4.1.4/lib/redis.rb:51:in `block in synchronize'  
workers-1  | /usr/local/ruby-2.7.0/lib/ruby/2.7.0/monitor.rb:202:in `synchronize'  
workers-1  | /usr/local/ruby-2.7.0/lib/ruby/2.7.0/monitor.rb:202:in `mon_synchronize'  
workers-1  | /opt/.gem/gems/redis-4.1.4/lib/redis.rb:51:in `synchronize'  
workers-1  | /opt/.gem/gems/redis-4.1.4/lib/redis.rb:2215:in `hdel'  
workers-1  | /opt/.gem/gems/redis-namespace-1.7.0/lib/redis/namespace.rb:469:in `call_with_namespace'  
workers-1  | /opt/.gem/gems/redis-namespace-1.7.0/lib/redis/namespace.rb:349:in `block (2 levels) in <class:Namespace>'  
workers-1  | /opt/.gem/gems/resque-2.0.0/lib/resque/data_store.rb:261:in `remove_heartbeat'  
workers-1  | /usr/local/ruby-2.7.0/lib/ruby/2.7.0/forwardable.rb:235:in `remove_heartbeat'  
workers-1  | /opt/.gem/gems/resque-2.0.0/lib/resque/worker.rb:475:in `remove_heartbeat'  
workers-1  | /opt/.gem/gems/resque-2.0.0/lib/resque/worker.rb:507:in `start_heartbeat'  
workers-1  | /opt/.gem/gems/resque-2.0.0/lib/resque/worker.rb:360:in `startup'  
workers-1  | /opt/.gem/gems/resque-2.0.0/lib/resque/worker.rb:233:in `work'  
workers-1  | /opt/.gem/gems/resque-2.0.0/lib/resque/tasks.rb:20:in `block (2 levels) in <top (required)>'  
workers-1  | /usr/local/ruby-2.7.0/lib/ruby/gems/2.7.0/gems/rake-13.0.1/lib/rake/task.rb:281:in `block in execute'  
workers-1  | /usr/local/ruby-2.7.0/lib/ruby/gems/2.7.0/gems/rake-13.0.1/lib/rake/task.rb:281:in `each'  
workers-1  | /usr/local/ruby-2.7.0/lib/ruby/gems/2.7.0/gems/rake-13.0.1/lib/rake/task.rb:281:in `execute'  
workers-1  | /usr/local/ruby-2.7.0/lib/ruby/gems/2.7.0/gems/rake-13.0.1/lib/rake/task.rb:219:in `block in invoke_with_call_chain'  
workers-1  | /usr/local/ruby-2.7.0/lib/ruby/gems/2.7.0/gems/rake-13.0.1/lib/rake/task.rb:199:in `synchronize'  
workers-1  | /usr/local/ruby-2.7.0/lib/ruby/gems/2.7.0/gems/rake-13.0.1/lib/rake/task.rb:199:in `invoke_with_call_chain'  
workers-1  | /usr/local/ruby-2.7.0/lib/ruby/gems/2.7.0/gems/rake-13.0.1/lib/rake/task.rb:188:in `invoke'  
workers-1  | /usr/local/ruby-2.7.0/lib/ruby/gems/2.7.0/gems/rake-13.0.1/lib/rake/application.rb:160:in `invoke_task'  
workers-1  | /usr/local/ruby-2.7.0/lib/ruby/gems/2.7.0/gems/rake-13.0.1/lib/rake/application.rb:116:in `block (2 levels) in top_level'  
workers-1  | /usr/local/ruby-2.7.0/lib/ruby/gems/2.7.0/gems/rake-13.0.1/lib/rake/application.rb:116:in `each'  
workers-1  | /usr/local/ruby-2.7.0/lib/ruby/gems/2.7.0/gems/rake-13.0.1/lib/rake/application.rb:116:in `block in top_level'  
workers-1  | /usr/local/ruby-2.7.0/lib/ruby/gems/2.7.0/gems/rake-13.0.1/lib/rake/application.rb:125:in `run_with_threads'  
workers-1  | /usr/local/ruby-2.7.0/lib/ruby/gems/2.7.0/gems/rake-13.0.1/lib/rake/application.rb:110:in `top_level'  
workers-1  | /usr/local/ruby-2.7.0/lib/ruby/gems/2.7.0/gems/rake-13.0.1/lib/rake/application.rb:83:in `block in run'  
workers-1  | /usr/local/ruby-2.7.0/lib/ruby/gems/2.7.0/gems/rake-13.0.1/lib/rake/application.rb:186:in `standard_exception_handling'  
workers-1  | /usr/local/ruby-2.7.0/lib/ruby/gems/2.7.0/gems/rake-13.0.1/lib/rake/application.rb:80:in `run'  
workers-1  | /usr/local/ruby-2.7.0/lib/ruby/gems/2.7.0/gems/rake-13.0.1/exe/rake:27:in `<top (required)>'  
workers-1  | /usr/local/ruby-2.7.0/bin/rake:23:in `load'  
workers-1  | /usr/local/ruby-2.7.0/bin/rake:23:in `<main>'
workers-1  | /opt/.gem/gems/redis-4.1.4/lib/redis/client.rb:126:in `call'
workers-1  | /opt/.gem/gems/redis-4.1.4/lib/redis.rb:915:in `block in get'
workers-1  | /opt/.gem/gems/redis-4.1.4/lib/redis.rb:51:in `block in synchronize'
workers-1  | /opt/.gem/gems/redis-4.1.4/lib/redis.rb:51:in `synchronize'
workers-1  | /opt/.gem/gems/redis-4.1.4/lib/redis.rb:914:in `get'
workers-1  | /opt/.gem/gems/redis-namespace-1.7.0/lib/redis/namespace.rb:469:in `call_with_namespace'
workers-1  | /opt/.gem/gems/redis-namespace-1.7.0/lib/redis/namespace.rb:349:in `block (2 levels) in <class:Namespace>'
workers-1  | /opt/.gem/gems/resque-2.0.0/lib/resque/data_store.rb:231:in `get_worker_payload'
workers-1  | /opt/.gem/gems/resque-2.0.0/lib/resque/worker.rb:752:in `job'
workers-1  | /opt/.gem/gems/resque-2.0.0/lib/resque/worker.rb:670:in `unregister_worker'
workers-1  | /opt/.gem/gems/resque-2.0.0/lib/resque/worker.rb:250:in `rescue in work'
workers-1  | /opt/.gem/gems/resque-2.0.0/lib/resque/worker.rb:231:in `work'
workers-1  | /opt/.gem/gems/resque-2.0.0/lib/resque/tasks.rb:20:in `block (2 levels) in <top (required)>'
workers-1  | 
workers-1  | Caused by:
workers-1  | Redis::CommandError: NOAUTH Authentication required.
workers-1  | /opt/.gem/gems/redis-4.1.4/lib/redis/client.rb:126:in `call'
workers-1  | /opt/.gem/gems/redis-4.1.4/lib/redis.rb:915:in `block in get'
workers-1  | /opt/.gem/gems/redis-4.1.4/lib/redis.rb:51:in `block in synchronize'
workers-1  | /opt/.gem/gems/redis-4.1.4/lib/redis.rb:51:in `synchronize'
workers-1  | /opt/.gem/gems/redis-4.1.4/lib/redis.rb:914:in `get'
workers-1  | /opt/.gem/gems/redis-namespace-1.7.0/lib/redis/namespace.rb:469:in `call_with_namespace'
workers-1  | /opt/.gem/gems/redis-namespace-1.7.0/lib/redis/namespace.rb:349:in `block (2 levels) in <class:Namespace>'
workers-1  | /opt/.gem/gems/resque-2.0.0/lib/resque/data_store.rb:231:in `get_worker_payload'
workers-1  | /opt/.gem/gems/resque-2.0.0/lib/resque/worker.rb:752:in `job'
workers-1  | /opt/.gem/gems/resque-2.0.0/lib/resque/worker.rb:670:in `unregister_worker'
workers-1  | /opt/.gem/gems/resque-2.0.0/lib/resque/worker.rb:250:in `rescue in work'
workers-1  | /opt/.gem/gems/resque-2.0.0/lib/resque/worker.rb:231:in `work'
workers-1  | /opt/.gem/gems/resque-2.0.0/lib/resque/tasks.rb:20:in `block (2 levels) in <top (required)>'
workers-1  | 
workers-1  | Caused by:
workers-1  | Redis::CommandError: NOAUTH Authentication required.
workers-1  | /opt/.gem/gems/redis-4.1.4/lib/redis/client.rb:126:in `call'
workers-1  | /opt/.gem/gems/redis-4.1.4/lib/redis.rb:2216:in `block in hdel'
workers-1  | /opt/.gem/gems/redis-4.1.4/lib/redis.rb:51:in `block in synchronize'
workers-1  | /opt/.gem/gems/redis-4.1.4/lib/redis.rb:51:in `synchronize'
workers-1  | /opt/.gem/gems/redis-4.1.4/lib/redis.rb:2215:in `hdel'
workers-1  | /opt/.gem/gems/redis-namespace-1.7.0/lib/redis/namespace.rb:469:in `call_with_namespace'
workers-1  | /opt/.gem/gems/redis-namespace-1.7.0/lib/redis/namespace.rb:349:in `block (2 levels) in <class:Namespace>'
workers-1  | /opt/.gem/gems/resque-2.0.0/lib/resque/data_store.rb:261:in `remove_heartbeat'
workers-1  | /opt/.gem/gems/resque-2.0.0/lib/resque/worker.rb:475:in `remove_heartbeat'
workers-1  | /opt/.gem/gems/resque-2.0.0/lib/resque/worker.rb:507:in `start_heartbeat'
workers-1  | /opt/.gem/gems/resque-2.0.0/lib/resque/worker.rb:360:in `startup'
workers-1  | /opt/.gem/gems/resque-2.0.0/lib/resque/worker.rb:233:in `work'
workers-1  | /opt/.gem/gems/resque-2.0.0/lib/resque/tasks.rb:20:in `block (2 levels) in <top (required)>'
workers-1  | Tasks: TOP => resque:work
workers-1  | (See full trace by running task with --trace)
workers-1  | rake aborted!
workers-1  | Redis::CommandError: NOAUTH Authentication required.
workers-1  | Original Exception (Redis::CommandError): NOAUTH Authentication required.
workers-1  |   /opt/.gem/gems/redis-4.1.4/lib/redis/client.rb:126:in `call'  
workers-1  | /opt/.gem/gems/redis-4.1.4/lib/redis.rb:2216:in `block in hdel'  
workers-1  | /opt/.gem/gems/redis-4.1.4/lib/redis.rb:51:in `block in synchronize'  
workers-1  | /usr/local/ruby-2.7.0/lib/ruby/2.7.0/monitor.rb:202:in `synchronize'  
workers-1  | /usr/local/ruby-2.7.0/lib/ruby/2.7.0/monitor.rb:202:in `mon_synchronize'  
workers-1  | /opt/.gem/gems/redis-4.1.4/lib/redis.rb:51:in `synchronize'  
workers-1  | /opt/.gem/gems/redis-4.1.4/lib/redis.rb:2215:in `hdel'  
workers-1  | /opt/.gem/gems/redis-namespace-1.7.0/lib/redis/namespace.rb:469:in `call_with_namespace'  
workers-1  | /opt/.gem/gems/redis-namespace-1.7.0/lib/redis/namespace.rb:349:in `block (2 levels) in <class:Namespace>'  
workers-1  | /opt/.gem/gems/resque-2.0.0/lib/resque/data_store.rb:261:in `remove_heartbeat'  
workers-1  | /usr/local/ruby-2.7.0/lib/ruby/2.7.0/forwardable.rb:235:in `remove_heartbeat'  
workers-1  | /opt/.gem/gems/resque-2.0.0/lib/resque/worker.rb:475:in `remove_heartbeat'  
workers-1  | /opt/.gem/gems/resque-2.0.0/lib/resque/worker.rb:507:in `start_heartbeat'  
workers-1  | /opt/.gem/gems/resque-2.0.0/lib/resque/worker.rb:360:in `startup'  
workers-1  | /opt/.gem/gems/resque-2.0.0/lib/resque/worker.rb:233:in `work'  
workers-1  | /opt/.gem/gems/resque-2.0.0/lib/resque/tasks.rb:20:in `block (2 levels) in <top (required)>'  
workers-1  | /usr/local/ruby-2.7.0/lib/ruby/gems/2.7.0/gems/rake-13.0.1/lib/rake/task.rb:281:in `block in execute'  
workers-1  | /usr/local/ruby-2.7.0/lib/ruby/gems/2.7.0/gems/rake-13.0.1/lib/rake/task.rb:281:in `each'  
workers-1  | /usr/local/ruby-2.7.0/lib/ruby/gems/2.7.0/gems/rake-13.0.1/lib/rake/task.rb:281:in `execute'  
workers-1  | /usr/local/ruby-2.7.0/lib/ruby/gems/2.7.0/gems/rake-13.0.1/lib/rake/task.rb:219:in `block in invoke_with_call_chain'  
workers-1  | /usr/local/ruby-2.7.0/lib/ruby/gems/2.7.0/gems/rake-13.0.1/lib/rake/task.rb:199:in `synchronize'  
workers-1  | /usr/local/ruby-2.7.0/lib/ruby/gems/2.7.0/gems/rake-13.0.1/lib/rake/task.rb:199:in `invoke_with_call_chain'  
workers-1  | /usr/local/ruby-2.7.0/lib/ruby/gems/2.7.0/gems/rake-13.0.1/lib/rake/task.rb:188:in `invoke'  
workers-1  | /usr/local/ruby-2.7.0/lib/ruby/gems/2.7.0/gems/rake-13.0.1/lib/rake/application.rb:160:in `invoke_task'  
workers-1  | /usr/local/ruby-2.7.0/lib/ruby/gems/2.7.0/gems/rake-13.0.1/lib/rake/application.rb:116:in `block (2 levels) in top_level'  
workers-1  | /usr/local/ruby-2.7.0/lib/ruby/gems/2.7.0/gems/rake-13.0.1/lib/rake/application.rb:116:in `each'  
workers-1  | /usr/local/ruby-2.7.0/lib/ruby/gems/2.7.0/gems/rake-13.0.1/lib/rake/application.rb:116:in `block in top_level'  
workers-1  | /usr/local/ruby-2.7.0/lib/ruby/gems/2.7.0/gems/rake-13.0.1/lib/rake/application.rb:125:in `run_with_threads'  
workers-1  | /usr/local/ruby-2.7.0/lib/ruby/gems/2.7.0/gems/rake-13.0.1/lib/rake/application.rb:110:in `top_level'  
workers-1  | /usr/local/ruby-2.7.0/lib/ruby/gems/2.7.0/gems/rake-13.0.1/lib/rake/application.rb:83:in `block in run'  
workers-1  | /usr/local/ruby-2.7.0/lib/ruby/gems/2.7.0/gems/rake-13.0.1/lib/rake/application.rb:186:in `standard_exception_handling'  
workers-1  | /usr/local/ruby-2.7.0/lib/ruby/gems/2.7.0/gems/rake-13.0.1/lib/rake/application.rb:80:in `run'  
workers-1  | /usr/local/ruby-2.7.0/lib/ruby/gems/2.7.0/gems/rake-13.0.1/exe/rake:27:in `<top (required)>'  
workers-1  | /usr/local/ruby-2.7.0/bin/rake:23:in `load'  
workers-1  | /usr/local/ruby-2.7.0/bin/rake:23:in `<main>'
workers-1  | /opt/.gem/gems/redis-4.1.4/lib/redis/client.rb:126:in `call'
workers-1  | /opt/.gem/gems/redis-4.1.4/lib/redis.rb:915:in `block in get'
workers-1  | /opt/.gem/gems/redis-4.1.4/lib/redis.rb:51:in `block in synchronize'
workers-1  | /opt/.gem/gems/redis-4.1.4/lib/redis.rb:51:in `synchronize'
workers-1  | /opt/.gem/gems/redis-4.1.4/lib/redis.rb:914:in `get'
workers-1  | /opt/.gem/gems/redis-namespace-1.7.0/lib/redis/namespace.rb:469:in `call_with_namespace'
workers-1  | /opt/.gem/gems/redis-namespace-1.7.0/lib/redis/namespace.rb:349:in `block (2 levels) in <class:Namespace>'
workers-1  | /opt/.gem/gems/resque-2.0.0/lib/resque/data_store.rb:231:in `get_worker_payload'
workers-1  | /opt/.gem/gems/resque-2.0.0/lib/resque/worker.rb:752:in `job'
workers-1  | /opt/.gem/gems/resque-2.0.0/lib/resque/worker.rb:670:in `unregister_worker'
workers-1  | /opt/.gem/gems/resque-2.0.0/lib/resque/worker.rb:250:in `rescue in work'
workers-1  | /opt/.gem/gems/resque-2.0.0/lib/resque/worker.rb:231:in `work'
workers-1  | /opt/.gem/gems/resque-2.0.0/lib/resque/tasks.rb:20:in `block (2 levels) in <top (required)>'
workers-1  | 
workers-1  | Caused by:
workers-1  | Redis::CommandError: NOAUTH Authentication required.
workers-1  | /opt/.gem/gems/redis-4.1.4/lib/redis/client.rb:126:in `call'
workers-1  | /opt/.gem/gems/redis-4.1.4/lib/redis.rb:915:in `block in get'
workers-1  | /opt/.gem/gems/redis-4.1.4/lib/redis.rb:51:in `block in synchronize'
workers-1  | /opt/.gem/gems/redis-4.1.4/lib/redis.rb:51:in `synchronize'
workers-1  | /opt/.gem/gems/redis-4.1.4/lib/redis.rb:914:in `get'
workers-1  | /opt/.gem/gems/redis-namespace-1.7.0/lib/redis/namespace.rb:469:in `call_with_namespace'
workers-1  | /opt/.gem/gems/redis-namespace-1.7.0/lib/redis/namespace.rb:349:in `block (2 levels) in <class:Namespace>'
workers-1  | /opt/.gem/gems/resque-2.0.0/lib/resque/data_store.rb:231:in `get_worker_payload'
workers-1  | /opt/.gem/gems/resque-2.0.0/lib/resque/worker.rb:752:in `job'
workers-1  | /opt/.gem/gems/resque-2.0.0/lib/resque/worker.rb:670:in `unregister_worker'
workers-1  | /opt/.gem/gems/resque-2.0.0/lib/resque/worker.rb:250:in `rescue in work'
workers-1  | /opt/.gem/gems/resque-2.0.0/lib/resque/worker.rb:231:in `work'
workers-1  | /opt/.gem/gems/resque-2.0.0/lib/resque/tasks.rb:20:in `block (2 levels) in <top (required)>'
workers-1  | 
workers-1  | Caused by:
workers-1  | Redis::CommandError: NOAUTH Authentication required.
workers-1  | /opt/.gem/gems/redis-4.1.4/lib/redis/client.rb:126:in `call'
workers-1  | /opt/.gem/gems/redis-4.1.4/lib/redis.rb:2216:in `block in hdel'
workers-1  | /opt/.gem/gems/redis-4.1.4/lib/redis.rb:51:in `block in synchronize'
workers-1  | /opt/.gem/gems/redis-4.1.4/lib/redis.rb:51:in `synchronize'
workers-1  | /opt/.gem/gems/redis-4.1.4/lib/redis.rb:2215:in `hdel'
workers-1  | /opt/.gem/gems/redis-namespace-1.7.0/lib/redis/namespace.rb:469:in `call_with_namespace'
workers-1  | /opt/.gem/gems/redis-namespace-1.7.0/lib/redis/namespace.rb:349:in `block (2 levels) in <class:Namespace>'
workers-1  | /opt/.gem/gems/resque-2.0.0/lib/resque/data_store.rb:261:in `remove_heartbeat'
workers-1  | /opt/.gem/gems/resque-2.0.0/lib/resque/worker.rb:475:in `remove_heartbeat'
workers-1  | /opt/.gem/gems/resque-2.0.0/lib/resque/worker.rb:507:in `start_heartbeat'
workers-1  | /opt/.gem/gems/resque-2.0.0/lib/resque/worker.rb:360:in `startup'
workers-1  | /opt/.gem/gems/resque-2.0.0/lib/resque/worker.rb:233:in `work'
workers-1  | /opt/.gem/gems/resque-2.0.0/lib/resque/tasks.rb:20:in `block (2 levels) in <top (required)>'
workers-1  | Tasks: TOP => resque:work
workers-1  | (See full trace by running task with --trace)
workers-1  | rake aborted!
workers-1  | Redis::CommandError: NOAUTH Authentication required.
workers-1  | Original Exception (Redis::CommandError): NOAUTH Authentication required.
workers-1  |   /opt/.gem/gems/redis-4.1.4/lib/redis/client.rb:126:in `call'  
workers-1  | /opt/.gem/gems/redis-4.1.4/lib/redis.rb:2216:in `block in hdel'  
workers-1  | /opt/.gem/gems/redis-4.1.4/lib/redis.rb:51:in `block in synchronize'  
workers-1  | /usr/local/ruby-2.7.0/lib/ruby/2.7.0/monitor.rb:202:in `synchronize'  
workers-1  | /usr/local/ruby-2.7.0/lib/ruby/2.7.0/monitor.rb:202:in `mon_synchronize'  
workers-1  | /opt/.gem/gems/redis-4.1.4/lib/redis.rb:51:in `synchronize'  
workers-1  | /opt/.gem/gems/redis-4.1.4/lib/redis.rb:2215:in `hdel'  
workers-1  | /opt/.gem/gems/redis-namespace-1.7.0/lib/redis/namespace.rb:469:in `call_with_namespace'  
workers-1  | /opt/.gem/gems/redis-namespace-1.7.0/lib/redis/namespace.rb:349:in `block (2 levels) in <class:Namespace>'  
workers-1  | /opt/.gem/gems/resque-2.0.0/lib/resque/data_store.rb:261:in `remove_heartbeat'  
workers-1  | /usr/local/ruby-2.7.0/lib/ruby/2.7.0/forwardable.rb:235:in `remove_heartbeat'  
workers-1  | /opt/.gem/gems/resque-2.0.0/lib/resque/worker.rb:475:in `remove_heartbeat'  
workers-1  | /opt/.gem/gems/resque-2.0.0/lib/resque/worker.rb:507:in `start_heartbeat'  
workers-1  | /opt/.gem/gems/resque-2.0.0/lib/resque/worker.rb:360:in `startup'  
workers-1  | /opt/.gem/gems/resque-2.0.0/lib/resque/worker.rb:233:in `work'  
workers-1  | /opt/.gem/gems/resque-2.0.0/lib/resque/tasks.rb:20:in `block (2 levels) in <top (required)>'  
workers-1  | /usr/local/ruby-2.7.0/lib/ruby/gems/2.7.0/gems/rake-13.0.1/lib/rake/task.rb:281:in `block in execute'  
workers-1  | /usr/local/ruby-2.7.0/lib/ruby/gems/2.7.0/gems/rake-13.0.1/lib/rake/task.rb:281:in `each'  
workers-1  | /usr/local/ruby-2.7.0/lib/ruby/gems/2.7.0/gems/rake-13.0.1/lib/rake/task.rb:281:in `execute'  
workers-1  | /usr/local/ruby-2.7.0/lib/ruby/gems/2.7.0/gems/rake-13.0.1/lib/rake/task.rb:219:in `block in invoke_with_call_chain'  
workers-1  | /usr/local/ruby-2.7.0/lib/ruby/gems/2.7.0/gems/rake-13.0.1/lib/rake/task.rb:199:in `synchronize'  
workers-1  | /usr/local/ruby-2.7.0/lib/ruby/gems/2.7.0/gems/rake-13.0.1/lib/rake/task.rb:199:in `invoke_with_call_chain'  
workers-1  | /usr/local/ruby-2.7.0/lib/ruby/gems/2.7.0/gems/rake-13.0.1/lib/rake/task.rb:188:in `invoke'  
workers-1  | /usr/local/ruby-2.7.0/lib/ruby/gems/2.7.0/gems/rake-13.0.1/lib/rake/application.rb:160:in `invoke_task'  
workers-1  | /usr/local/ruby-2.7.0/lib/ruby/gems/2.7.0/gems/rake-13.0.1/lib/rake/application.rb:116:in `block (2 levels) in top_level'  
workers-1  | /usr/local/ruby-2.7.0/lib/ruby/gems/2.7.0/gems/rake-13.0.1/lib/rake/application.rb:116:in `each'  
workers-1  | /usr/local/ruby-2.7.0/lib/ruby/gems/2.7.0/gems/rake-13.0.1/lib/rake/application.rb:116:in `block in top_level'  
workers-1  | /usr/local/ruby-2.7.0/lib/ruby/gems/2.7.0/gems/rake-13.0.1/lib/rake/application.rb:125:in `run_with_threads'  
workers-1  | /usr/local/ruby-2.7.0/lib/ruby/gems/2.7.0/gems/rake-13.0.1/lib/rake/application.rb:110:in `top_level'  
workers-1  | /usr/local/ruby-2.7.0/lib/ruby/gems/2.7.0/gems/rake-13.0.1/lib/rake/application.rb:83:in `block in run'  
workers-1  | /usr/local/ruby-2.7.0/lib/ruby/gems/2.7.0/gems/rake-13.0.1/lib/rake/application.rb:186:in `standard_exception_handling'  
workers-1  | /usr/local/ruby-2.7.0/lib/ruby/gems/2.7.0/gems/rake-13.0.1/lib/rake/application.rb:80:in `run'  
workers-1  | /usr/local/ruby-2.7.0/lib/ruby/gems/2.7.0/gems/rake-13.0.1/exe/rake:27:in `<top (required)>'  
workers-1  | /usr/local/ruby-2.7.0/bin/rake:23:in `load'  
workers-1  | /usr/local/ruby-2.7.0/bin/rake:23:in `<main>'
workers-1  | /opt/.gem/gems/redis-4.1.4/lib/redis/client.rb:126:in `call'
workers-1  | /opt/.gem/gems/redis-4.1.4/lib/redis.rb:915:in `block in get'
workers-1  | /opt/.gem/gems/redis-4.1.4/lib/redis.rb:51:in `block in synchronize'
workers-1  | /opt/.gem/gems/redis-4.1.4/lib/redis.rb:51:in `synchronize'
workers-1  | /opt/.gem/gems/redis-4.1.4/lib/redis.rb:914:in `get'
workers-1  | /opt/.gem/gems/redis-namespace-1.7.0/lib/redis/namespace.rb:469:in `call_with_namespace'
workers-1  | /opt/.gem/gems/redis-namespace-1.7.0/lib/redis/namespace.rb:349:in `block (2 levels) in <class:Namespace>'
workers-1  | /opt/.gem/gems/resque-2.0.0/lib/resque/data_store.rb:231:in `get_worker_payload'
workers-1  | /opt/.gem/gems/resque-2.0.0/lib/resque/worker.rb:752:in `job'
workers-1  | /opt/.gem/gems/resque-2.0.0/lib/resque/worker.rb:670:in `unregister_worker'
workers-1  | /opt/.gem/gems/resque-2.0.0/lib/resque/worker.rb:250:in `rescue in work'
workers-1  | /opt/.gem/gems/resque-2.0.0/lib/resque/worker.rb:231:in `work'
workers-1  | /opt/.gem/gems/resque-2.0.0/lib/resque/tasks.rb:20:in `block (2 levels) in <top (required)>'
workers-1  | 
workers-1  | Caused by:
workers-1  | Redis::CommandError: NOAUTH Authentication required.
workers-1  | /opt/.gem/gems/redis-4.1.4/lib/redis/client.rb:126:in `call'
workers-1  | /opt/.gem/gems/redis-4.1.4/lib/redis.rb:915:in `block in get'
workers-1  | /opt/.gem/gems/redis-4.1.4/lib/redis.rb:51:in `block in synchronize'
workers-1  | /opt/.gem/gems/redis-4.1.4/lib/redis.rb:51:in `synchronize'
workers-1  | /opt/.gem/gems/redis-4.1.4/lib/redis.rb:914:in `get'
workers-1  | /opt/.gem/gems/redis-namespace-1.7.0/lib/redis/namespace.rb:469:in `call_with_namespace'
workers-1  | /opt/.gem/gems/redis-namespace-1.7.0/lib/redis/namespace.rb:349:in `block (2 levels) in <class:Namespace>'
workers-1  | /opt/.gem/gems/resque-2.0.0/lib/resque/data_store.rb:231:in `get_worker_payload'
workers-1  | /opt/.gem/gems/resque-2.0.0/lib/resque/worker.rb:752:in `job'
workers-1  | /opt/.gem/gems/resque-2.0.0/lib/resque/worker.rb:670:in `unregister_worker'
workers-1  | /opt/.gem/gems/resque-2.0.0/lib/resque/worker.rb:250:in `rescue in work'
workers-1  | /opt/.gem/gems/resque-2.0.0/lib/resque/worker.rb:231:in `work'
workers-1  | /opt/.gem/gems/resque-2.0.0/lib/resque/tasks.rb:20:in `block (2 levels) in <top (required)>'
workers-1  | 
workers-1  | Caused by:
workers-1  | Redis::CommandError: NOAUTH Authentication required.
workers-1  | /opt/.gem/gems/redis-4.1.4/lib/redis/client.rb:126:in `call'
workers-1  | /opt/.gem/gems/redis-4.1.4/lib/redis.rb:2216:in `block in hdel'
workers-1  | /opt/.gem/gems/redis-4.1.4/lib/redis.rb:51:in `block in synchronize'
workers-1  | /opt/.gem/gems/redis-4.1.4/lib/redis.rb:51:in `synchronize'
workers-1  | /opt/.gem/gems/redis-4.1.4/lib/redis.rb:2215:in `hdel'
workers-1  | /opt/.gem/gems/redis-namespace-1.7.0/lib/redis/namespace.rb:469:in `call_with_namespace'
workers-1  | /opt/.gem/gems/redis-namespace-1.7.0/lib/redis/namespace.rb:349:in `block (2 levels) in <class:Namespace>'
workers-1  | /opt/.gem/gems/resque-2.0.0/lib/resque/data_store.rb:261:in `remove_heartbeat'
workers-1  | /opt/.gem/gems/resque-2.0.0/lib/resque/worker.rb:475:in `remove_heartbeat'
workers-1  | /opt/.gem/gems/resque-2.0.0/lib/resque/worker.rb:507:in `start_heartbeat'
workers-1  | /opt/.gem/gems/resque-2.0.0/lib/resque/worker.rb:360:in `startup'
workers-1  | /opt/.gem/gems/resque-2.0.0/lib/resque/worker.rb:233:in `work'
workers-1  | /opt/.gem/gems/resque-2.0.0/lib/resque/tasks.rb:20:in `block (2 levels) in <top (required)>'
workers-1  | Tasks: TOP => resque:work
workers-1  | (See full trace by running task with --trace)
workers-1  | rake aborted!
workers-1  | Redis::CommandError: NOAUTH Authentication required.
workers-1  | Original Exception (Redis::CommandError): NOAUTH Authentication required.
workers-1  |   /opt/.gem/gems/redis-4.1.4/lib/redis/client.rb:126:in `call'  
workers-1  | /opt/.gem/gems/redis-4.1.4/lib/redis.rb:2216:in `block in hdel'  
workers-1  | /opt/.gem/gems/redis-4.1.4/lib/redis.rb:51:in `block in synchronize'  
workers-1  | /usr/local/ruby-2.7.0/lib/ruby/2.7.0/monitor.rb:202:in `synchronize'  
workers-1  | /usr/local/ruby-2.7.0/lib/ruby/2.7.0/monitor.rb:202:in `mon_synchronize'  
workers-1  | /opt/.gem/gems/redis-4.1.4/lib/redis.rb:51:in `synchronize'  
workers-1  | /opt/.gem/gems/redis-4.1.4/lib/redis.rb:2215:in `hdel'  
workers-1  | /opt/.gem/gems/redis-namespace-1.7.0/lib/redis/namespace.rb:469:in `call_with_namespace'  
workers-1  | /opt/.gem/gems/redis-namespace-1.7.0/lib/redis/namespace.rb:349:in `block (2 levels) in <class:Namespace>'  
workers-1  | /opt/.gem/gems/resque-2.0.0/lib/resque/data_store.rb:261:in `remove_heartbeat'  
workers-1  | /usr/local/ruby-2.7.0/lib/ruby/2.7.0/forwardable.rb:235:in `remove_heartbeat'  
workers-1  | /opt/.gem/gems/resque-2.0.0/lib/resque/worker.rb:475:in `remove_heartbeat'  
workers-1  | /opt/.gem/gems/resque-2.0.0/lib/resque/worker.rb:507:in `start_heartbeat'  
workers-1  | /opt/.gem/gems/resque-2.0.0/lib/resque/worker.rb:360:in `startup'  
workers-1  | /opt/.gem/gems/resque-2.0.0/lib/resque/worker.rb:233:in `work'  
workers-1  | /opt/.gem/gems/resque-2.0.0/lib/resque/tasks.rb:20:in `block (2 levels) in <top (required)>'  
workers-1  | /usr/local/ruby-2.7.0/lib/ruby/gems/2.7.0/gems/rake-13.0.1/lib/rake/task.rb:281:in `block in execute'  
workers-1  | /usr/local/ruby-2.7.0/lib/ruby/gems/2.7.0/gems/rake-13.0.1/lib/rake/task.rb:281:in `each'  
workers-1  | /usr/local/ruby-2.7.0/lib/ruby/gems/2.7.0/gems/rake-13.0.1/lib/rake/task.rb:281:in `execute'  
workers-1  | /usr/local/ruby-2.7.0/lib/ruby/gems/2.7.0/gems/rake-13.0.1/lib/rake/task.rb:219:in `block in invoke_with_call_chain'  
workers-1  | /usr/local/ruby-2.7.0/lib/ruby/gems/2.7.0/gems/rake-13.0.1/lib/rake/task.rb:199:in `synchronize'  
workers-1  | /usr/local/ruby-2.7.0/lib/ruby/gems/2.7.0/gems/rake-13.0.1/lib/rake/task.rb:199:in `invoke_with_call_chain'  
workers-1  | /usr/local/ruby-2.7.0/lib/ruby/gems/2.7.0/gems/rake-13.0.1/lib/rake/task.rb:188:in `invoke'  
workers-1  | /usr/local/ruby-2.7.0/lib/ruby/gems/2.7.0/gems/rake-13.0.1/lib/rake/application.rb:160:in `invoke_task'  
workers-1  | /usr/local/ruby-2.7.0/lib/ruby/gems/2.7.0/gems/rake-13.0.1/lib/rake/application.rb:116:in `block (2 levels) in top_level'  
workers-1  | /usr/local/ruby-2.7.0/lib/ruby/gems/2.7.0/gems/rake-13.0.1/lib/rake/application.rb:116:in `each'  
workers-1  | /usr/local/ruby-2.7.0/lib/ruby/gems/2.7.0/gems/rake-13.0.1/lib/rake/application.rb:116:in `block in top_level'  
workers-1  | /usr/local/ruby-2.7.0/lib/ruby/gems/2.7.0/gems/rake-13.0.1/lib/rake/application.rb:125:in `run_with_threads'  
workers-1  | /usr/local/ruby-2.7.0/lib/ruby/gems/2.7.0/gems/rake-13.0.1/lib/rake/application.rb:110:in `top_level'  
workers-1  | /usr/local/ruby-2.7.0/lib/ruby/gems/2.7.0/gems/rake-13.0.1/lib/rake/application.rb:83:in `block in run'  
workers-1  | /usr/local/ruby-2.7.0/lib/ruby/gems/2.7.0/gems/rake-13.0.1/lib/rake/application.rb:186:in `standard_exception_handling'  
workers-1  | /usr/local/ruby-2.7.0/lib/ruby/gems/2.7.0/gems/rake-13.0.1/lib/rake/application.rb:80:in `run'  
workers-1  | /usr/local/ruby-2.7.0/lib/ruby/gems/2.7.0/gems/rake-13.0.1/exe/rake:27:in `<top (required)>'  
workers-1  | /usr/local/ruby-2.7.0/bin/rake:23:in `load'  
workers-1  | /usr/local/ruby-2.7.0/bin/rake:23:in `<main>'
workers-1  | /opt/.gem/gems/redis-4.1.4/lib/redis/client.rb:126:in `call'
workers-1  | /opt/.gem/gems/redis-4.1.4/lib/redis.rb:915:in `block in get'
workers-1  | /opt/.gem/gems/redis-4.1.4/lib/redis.rb:51:in `block in synchronize'
workers-1  | /opt/.gem/gems/redis-4.1.4/lib/redis.rb:51:in `synchronize'
workers-1  | /opt/.gem/gems/redis-4.1.4/lib/redis.rb:914:in `get'
workers-1  | /opt/.gem/gems/redis-namespace-1.7.0/lib/redis/namespace.rb:469:in `call_with_namespace'
workers-1  | /opt/.gem/gems/redis-namespace-1.7.0/lib/redis/namespace.rb:349:in `block (2 levels) in <class:Namespace>'
workers-1  | /opt/.gem/gems/resque-2.0.0/lib/resque/data_store.rb:231:in `get_worker_payload'
workers-1  | /opt/.gem/gems/resque-2.0.0/lib/resque/worker.rb:752:in `job'
workers-1  | /opt/.gem/gems/resque-2.0.0/lib/resque/worker.rb:670:in `unregister_worker'
workers-1  | /opt/.gem/gems/resque-2.0.0/lib/resque/worker.rb:250:in `rescue in work'
workers-1  | /opt/.gem/gems/resque-2.0.0/lib/resque/worker.rb:231:in `work'
workers-1  | /opt/.gem/gems/resque-2.0.0/lib/resque/tasks.rb:20:in `block (2 levels) in <top (required)>'
workers-1  | 
workers-1  | Caused by:
workers-1  | Redis::CommandError: NOAUTH Authentication required.
workers-1  | /opt/.gem/gems/redis-4.1.4/lib/redis/client.rb:126:in `call'
workers-1  | /opt/.gem/gems/redis-4.1.4/lib/redis.rb:915:in `block in get'
workers-1  | /opt/.gem/gems/redis-4.1.4/lib/redis.rb:51:in `block in synchronize'
workers-1  | /opt/.gem/gems/redis-4.1.4/lib/redis.rb:51:in `synchronize'
workers-1  | /opt/.gem/gems/redis-4.1.4/lib/redis.rb:914:in `get'
workers-1  | /opt/.gem/gems/redis-namespace-1.7.0/lib/redis/namespace.rb:469:in `call_with_namespace'
workers-1  | /opt/.gem/gems/redis-namespace-1.7.0/lib/redis/namespace.rb:349:in `block (2 levels) in <class:Namespace>'
workers-1  | /opt/.gem/gems/resque-2.0.0/lib/resque/data_store.rb:231:in `get_worker_payload'
workers-1  | /opt/.gem/gems/resque-2.0.0/lib/resque/worker.rb:752:in `job'
workers-1  | /opt/.gem/gems/resque-2.0.0/lib/resque/worker.rb:670:in `unregister_worker'
workers-1  | /opt/.gem/gems/resque-2.0.0/lib/resque/worker.rb:250:in `rescue in work'
workers-1  | /opt/.gem/gems/resque-2.0.0/lib/resque/worker.rb:231:in `work'
workers-1  | /opt/.gem/gems/resque-2.0.0/lib/resque/tasks.rb:20:in `block (2 levels) in <top (required)>'
workers-1  | 
workers-1  | Caused by:
workers-1  | Redis::CommandError: NOAUTH Authentication required.
workers-1  | /opt/.gem/gems/redis-4.1.4/lib/redis/client.rb:126:in `call'
workers-1  | /opt/.gem/gems/redis-4.1.4/lib/redis.rb:2216:in `block in hdel'
workers-1  | /opt/.gem/gems/redis-4.1.4/lib/redis.rb:51:in `block in synchronize'
workers-1  | /opt/.gem/gems/redis-4.1.4/lib/redis.rb:51:in `synchronize'
workers-1  | /opt/.gem/gems/redis-4.1.4/lib/redis.rb:2215:in `hdel'
workers-1  | /opt/.gem/gems/redis-namespace-1.7.0/lib/redis/namespace.rb:469:in `call_with_namespace'
workers-1  | /opt/.gem/gems/redis-namespace-1.7.0/lib/redis/namespace.rb:349:in `block (2 levels) in <class:Namespace>'
workers-1  | /opt/.gem/gems/resque-2.0.0/lib/resque/data_store.rb:261:in `remove_heartbeat'
workers-1  | /opt/.gem/gems/resque-2.0.0/lib/resque/worker.rb:475:in `remove_heartbeat'
workers-1  | /opt/.gem/gems/resque-2.0.0/lib/resque/worker.rb:507:in `start_heartbeat'
workers-1  | /opt/.gem/gems/resque-2.0.0/lib/resque/worker.rb:360:in `startup'
workers-1  | /opt/.gem/gems/resque-2.0.0/lib/resque/worker.rb:233:in `work'
workers-1  | /opt/.gem/gems/resque-2.0.0/lib/resque/tasks.rb:20:in `block (2 levels) in <top (required)>'
workers-1  | Tasks: TOP => resque:work
workers-1  | (See full trace by running task with --trace)
workers-1  | rake aborted!
workers-1  | Redis::CommandError: NOAUTH Authentication required.
workers-1  | Original Exception (Redis::CommandError): NOAUTH Authentication required.
workers-1  |   /opt/.gem/gems/redis-4.1.4/lib/redis/client.rb:126:in `call'  
workers-1  | /opt/.gem/gems/redis-4.1.4/lib/redis.rb:2216:in `block in hdel'  
workers-1  | /opt/.gem/gems/redis-4.1.4/lib/redis.rb:51:in `block in synchronize'  
workers-1  | /usr/local/ruby-2.7.0/lib/ruby/2.7.0/monitor.rb:202:in `synchronize'  
workers-1  | /usr/local/ruby-2.7.0/lib/ruby/2.7.0/monitor.rb:202:in `mon_synchronize'  
workers-1  | /opt/.gem/gems/redis-4.1.4/lib/redis.rb:51:in `synchronize'  
workers-1  | /opt/.gem/gems/redis-4.1.4/lib/redis.rb:2215:in `hdel'  
workers-1  | /opt/.gem/gems/redis-namespace-1.7.0/lib/redis/namespace.rb:469:in `call_with_namespace'  
workers-1  | /opt/.gem/gems/redis-namespace-1.7.0/lib/redis/namespace.rb:349:in `block (2 levels) in <class:Namespace>'  
workers-1  | /opt/.gem/gems/resque-2.0.0/lib/resque/data_store.rb:261:in `remove_heartbeat'  
workers-1  | /usr/local/ruby-2.7.0/lib/ruby/2.7.0/forwardable.rb:235:in `remove_heartbeat'  
workers-1  | /opt/.gem/gems/resque-2.0.0/lib/resque/worker.rb:475:in `remove_heartbeat'  
workers-1  | /opt/.gem/gems/resque-2.0.0/lib/resque/worker.rb:507:in `start_heartbeat'  
workers-1  | /opt/.gem/gems/resque-2.0.0/lib/resque/worker.rb:360:in `startup'  
workers-1  | /opt/.gem/gems/resque-2.0.0/lib/resque/worker.rb:233:in `work'  
workers-1  | /opt/.gem/gems/resque-2.0.0/lib/resque/tasks.rb:20:in `block (2 levels) in <top (required)>'  
workers-1  | /usr/local/ruby-2.7.0/lib/ruby/gems/2.7.0/gems/rake-13.0.1/lib/rake/task.rb:281:in `block in execute'  
workers-1  | /usr/local/ruby-2.7.0/lib/ruby/gems/2.7.0/gems/rake-13.0.1/lib/rake/task.rb:281:in `each'  
workers-1  | /usr/local/ruby-2.7.0/lib/ruby/gems/2.7.0/gems/rake-13.0.1/lib/rake/task.rb:281:in `execute'  
workers-1  | /usr/local/ruby-2.7.0/lib/ruby/gems/2.7.0/gems/rake-13.0.1/lib/rake/task.rb:219:in `block in invoke_with_call_chain'  
workers-1  | /usr/local/ruby-2.7.0/lib/ruby/gems/2.7.0/gems/rake-13.0.1/lib/rake/task.rb:199:in `synchronize'  
workers-1  | /usr/local/ruby-2.7.0/lib/ruby/gems/2.7.0/gems/rake-13.0.1/lib/rake/task.rb:199:in `invoke_with_call_chain'  
workers-1  | /usr/local/ruby-2.7.0/lib/ruby/gems/2.7.0/gems/rake-13.0.1/lib/rake/task.rb:188:in `invoke'  
workers-1  | /usr/local/ruby-2.7.0/lib/ruby/gems/2.7.0/gems/rake-13.0.1/lib/rake/application.rb:160:in `invoke_task'  
workers-1  | /usr/local/ruby-2.7.0/lib/ruby/gems/2.7.0/gems/rake-13.0.1/lib/rake/application.rb:116:in `block (2 levels) in top_level'  
workers-1  | /usr/local/ruby-2.7.0/lib/ruby/gems/2.7.0/gems/rake-13.0.1/lib/rake/application.rb:116:in `each'  
workers-1  | /usr/local/ruby-2.7.0/lib/ruby/gems/2.7.0/gems/rake-13.0.1/lib/rake/application.rb:116:in `block in top_level'  
workers-1  | /usr/local/ruby-2.7.0/lib/ruby/gems/2.7.0/gems/rake-13.0.1/lib/rake/application.rb:125:in `run_with_threads'  
workers-1  | /usr/local/ruby-2.7.0/lib/ruby/gems/2.7.0/gems/rake-13.0.1/lib/rake/application.rb:110:in `top_level'  
workers-1  | /usr/local/ruby-2.7.0/lib/ruby/gems/2.7.0/gems/rake-13.0.1/lib/rake/application.rb:83:in `block in run'  
workers-1  | /usr/local/ruby-2.7.0/lib/ruby/gems/2.7.0/gems/rake-13.0.1/lib/rake/application.rb:186:in `standard_exception_handling'  
workers-1  | /usr/local/ruby-2.7.0/lib/ruby/gems/2.7.0/gems/rake-13.0.1/lib/rake/application.rb:80:in `run'  
workers-1  | /usr/local/ruby-2.7.0/lib/ruby/gems/2.7.0/gems/rake-13.0.1/exe/rake:27:in `<top (required)>'  
workers-1  | /usr/local/ruby-2.7.0/bin/rake:23:in `load'  
workers-1  | /usr/local/ruby-2.7.0/bin/rake:23:in `<main>'
workers-1  | /opt/.gem/gems/redis-4.1.4/lib/redis/client.rb:126:in `call'
workers-1  | /opt/.gem/gems/redis-4.1.4/lib/redis.rb:915:in `block in get'
workers-1  | /opt/.gem/gems/redis-4.1.4/lib/redis.rb:51:in `block in synchronize'
workers-1  | /opt/.gem/gems/redis-4.1.4/lib/redis.rb:51:in `synchronize'
workers-1  | /opt/.gem/gems/redis-4.1.4/lib/redis.rb:914:in `get'
workers-1  | /opt/.gem/gems/redis-namespace-1.7.0/lib/redis/namespace.rb:469:in `call_with_namespace'
workers-1  | /opt/.gem/gems/redis-namespace-1.7.0/lib/redis/namespace.rb:349:in `block (2 levels) in <class:Namespace>'
workers-1  | /opt/.gem/gems/resque-2.0.0/lib/resque/data_store.rb:231:in `get_worker_payload'
workers-1  | /opt/.gem/gems/resque-2.0.0/lib/resque/worker.rb:752:in `job'
workers-1  | /opt/.gem/gems/resque-2.0.0/lib/resque/worker.rb:670:in `unregister_worker'
workers-1  | /opt/.gem/gems/resque-2.0.0/lib/resque/worker.rb:250:in `rescue in work'
workers-1  | /opt/.gem/gems/resque-2.0.0/lib/resque/worker.rb:231:in `work'
workers-1  | /opt/.gem/gems/resque-2.0.0/lib/resque/tasks.rb:20:in `block (2 levels) in <top (required)>'
workers-1  | 
workers-1  | Caused by:
workers-1  | Redis::CommandError: NOAUTH Authentication required.
workers-1  | /opt/.gem/gems/redis-4.1.4/lib/redis/client.rb:126:in `call'
workers-1  | /opt/.gem/gems/redis-4.1.4/lib/redis.rb:915:in `block in get'
workers-1  | /opt/.gem/gems/redis-4.1.4/lib/redis.rb:51:in `block in synchronize'
workers-1  | /opt/.gem/gems/redis-4.1.4/lib/redis.rb:51:in `synchronize'
workers-1  | /opt/.gem/gems/redis-4.1.4/lib/redis.rb:914:in `get'
workers-1  | /opt/.gem/gems/redis-namespace-1.7.0/lib/redis/namespace.rb:469:in `call_with_namespace'
workers-1  | /opt/.gem/gems/redis-namespace-1.7.0/lib/redis/namespace.rb:349:in `block (2 levels) in <class:Namespace>'
workers-1  | /opt/.gem/gems/resque-2.0.0/lib/resque/data_store.rb:231:in `get_worker_payload'
workers-1  | /opt/.gem/gems/resque-2.0.0/lib/resque/worker.rb:752:in `job'
workers-1  | /opt/.gem/gems/resque-2.0.0/lib/resque/worker.rb:670:in `unregister_worker'
workers-1  | /opt/.gem/gems/resque-2.0.0/lib/resque/worker.rb:250:in `rescue in work'
workers-1  | /opt/.gem/gems/resque-2.0.0/lib/resque/worker.rb:231:in `work'
workers-1  | /opt/.gem/gems/resque-2.0.0/lib/resque/tasks.rb:20:in `block (2 levels) in <top (required)>'
workers-1  | 
workers-1  | Caused by:
workers-1  | Redis::CommandError: NOAUTH Authentication required.
workers-1  | /opt/.gem/gems/redis-4.1.4/lib/redis/client.rb:126:in `call'
workers-1  | /opt/.gem/gems/redis-4.1.4/lib/redis.rb:2216:in `block in hdel'
workers-1  | /opt/.gem/gems/redis-4.1.4/lib/redis.rb:51:in `block in synchronize'
workers-1  | /opt/.gem/gems/redis-4.1.4/lib/redis.rb:51:in `synchronize'
workers-1  | /opt/.gem/gems/redis-4.1.4/lib/redis.rb:2215:in `hdel'
workers-1  | /opt/.gem/gems/redis-namespace-1.7.0/lib/redis/namespace.rb:469:in `call_with_namespace'
workers-1  | /opt/.gem/gems/redis-namespace-1.7.0/lib/redis/namespace.rb:349:in `block (2 levels) in <class:Namespace>'
workers-1  | /opt/.gem/gems/resque-2.0.0/lib/resque/data_store.rb:261:in `remove_heartbeat'
workers-1  | /opt/.gem/gems/resque-2.0.0/lib/resque/worker.rb:475:in `remove_heartbeat'
workers-1  | /opt/.gem/gems/resque-2.0.0/lib/resque/worker.rb:507:in `start_heartbeat'
workers-1  | /opt/.gem/gems/resque-2.0.0/lib/resque/worker.rb:360:in `startup'
workers-1  | /opt/.gem/gems/resque-2.0.0/lib/resque/worker.rb:233:in `work'
workers-1  | /opt/.gem/gems/resque-2.0.0/lib/resque/tasks.rb:20:in `block (2 levels) in <top (required)>'
workers-1  | Tasks: TOP => resque:work
workers-1  | (See full trace by running task with --trace)
workers-1  | rake aborted!
workers-1  | Redis::CommandError: NOAUTH Authentication required.
workers-1  | Original Exception (Redis::CommandError): NOAUTH Authentication required.
workers-1  |   /opt/.gem/gems/redis-4.1.4/lib/redis/client.rb:126:in `call'  
workers-1  | /opt/.gem/gems/redis-4.1.4/lib/redis.rb:2216:in `block in hdel'  
workers-1  | /opt/.gem/gems/redis-4.1.4/lib/redis.rb:51:in `block in synchronize'  
workers-1  | /usr/local/ruby-2.7.0/lib/ruby/2.7.0/monitor.rb:202:in `synchronize'  
workers-1  | /usr/local/ruby-2.7.0/lib/ruby/2.7.0/monitor.rb:202:in `mon_synchronize'  
workers-1  | /opt/.gem/gems/redis-4.1.4/lib/redis.rb:51:in `synchronize'  
workers-1  | /opt/.gem/gems/redis-4.1.4/lib/redis.rb:2215:in `hdel'  
workers-1  | /opt/.gem/gems/redis-namespace-1.7.0/lib/redis/namespace.rb:469:in `call_with_namespace'  
workers-1  | /opt/.gem/gems/redis-namespace-1.7.0/lib/redis/namespace.rb:349:in `block (2 levels) in <class:Namespace>'  
workers-1  | /opt/.gem/gems/resque-2.0.0/lib/resque/data_store.rb:261:in `remove_heartbeat'  
workers-1  | /usr/local/ruby-2.7.0/lib/ruby/2.7.0/forwardable.rb:235:in `remove_heartbeat'  
workers-1  | /opt/.gem/gems/resque-2.0.0/lib/resque/worker.rb:475:in `remove_heartbeat'  
workers-1  | /opt/.gem/gems/resque-2.0.0/lib/resque/worker.rb:507:in `start_heartbeat'  
workers-1  | /opt/.gem/gems/resque-2.0.0/lib/resque/worker.rb:360:in `startup'  
workers-1  | /opt/.gem/gems/resque-2.0.0/lib/resque/worker.rb:233:in `work'  
workers-1  | /opt/.gem/gems/resque-2.0.0/lib/resque/tasks.rb:20:in `block (2 levels) in <top (required)>'  
workers-1  | /usr/local/ruby-2.7.0/lib/ruby/gems/2.7.0/gems/rake-13.0.1/lib/rake/task.rb:281:in `block in execute'  
workers-1  | /usr/local/ruby-2.7.0/lib/ruby/gems/2.7.0/gems/rake-13.0.1/lib/rake/task.rb:281:in `each'  
workers-1  | /usr/local/ruby-2.7.0/lib/ruby/gems/2.7.0/gems/rake-13.0.1/lib/rake/task.rb:281:in `execute'  
workers-1  | /usr/local/ruby-2.7.0/lib/ruby/gems/2.7.0/gems/rake-13.0.1/lib/rake/task.rb:219:in `block in invoke_with_call_chain'  
workers-1  | /usr/local/ruby-2.7.0/lib/ruby/gems/2.7.0/gems/rake-13.0.1/lib/rake/task.rb:199:in `synchronize'  
workers-1  | /usr/local/ruby-2.7.0/lib/ruby/gems/2.7.0/gems/rake-13.0.1/lib/rake/task.rb:199:in `invoke_with_call_chain'  
workers-1  | /usr/local/ruby-2.7.0/lib/ruby/gems/2.7.0/gems/rake-13.0.1/lib/rake/task.rb:188:in `invoke'  
workers-1  | /usr/local/ruby-2.7.0/lib/ruby/gems/2.7.0/gems/rake-13.0.1/lib/rake/application.rb:160:in `invoke_task'  
workers-1  | /usr/local/ruby-2.7.0/lib/ruby/gems/2.7.0/gems/rake-13.0.1/lib/rake/application.rb:116:in `block (2 levels) in top_level'  
workers-1  | /usr/local/ruby-2.7.0/lib/ruby/gems/2.7.0/gems/rake-13.0.1/lib/rake/application.rb:116:in `each'  
workers-1  | /usr/local/ruby-2.7.0/lib/ruby/gems/2.7.0/gems/rake-13.0.1/lib/rake/application.rb:116:in `block in top_level'  
workers-1  | /usr/local/ruby-2.7.0/lib/ruby/gems/2.7.0/gems/rake-13.0.1/lib/rake/application.rb:125:in `run_with_threads'  
workers-1  | /usr/local/ruby-2.7.0/lib/ruby/gems/2.7.0/gems/rake-13.0.1/lib/rake/application.rb:110:in `top_level'  
workers-1  | /usr/local/ruby-2.7.0/lib/ruby/gems/2.7.0/gems/rake-13.0.1/lib/rake/application.rb:83:in `block in run'  
workers-1  | /usr/local/ruby-2.7.0/lib/ruby/gems/2.7.0/gems/rake-13.0.1/lib/rake/application.rb:186:in `standard_exception_handling'  
workers-1  | /usr/local/ruby-2.7.0/lib/ruby/gems/2.7.0/gems/rake-13.0.1/lib/rake/application.rb:80:in `run'  
workers-1  | /usr/local/ruby-2.7.0/lib/ruby/gems/2.7.0/gems/rake-13.0.1/exe/rake:27:in `<top (required)>'  
workers-1  | /usr/local/ruby-2.7.0/bin/rake:23:in `load'  
workers-1  | /usr/local/ruby-2.7.0/bin/rake:23:in `<main>'
workers-1  | /opt/.gem/gems/redis-4.1.4/lib/redis/client.rb:126:in `call'
workers-1  | /opt/.gem/gems/redis-4.1.4/lib/redis.rb:915:in `block in get'
workers-1  | /opt/.gem/gems/redis-4.1.4/lib/redis.rb:51:in `block in synchronize'
workers-1  | /opt/.gem/gems/redis-4.1.4/lib/redis.rb:51:in `synchronize'
workers-1  | /opt/.gem/gems/redis-4.1.4/lib/redis.rb:914:in `get'
workers-1  | /opt/.gem/gems/redis-namespace-1.7.0/lib/redis/namespace.rb:469:in `call_with_namespace'
workers-1  | /opt/.gem/gems/redis-namespace-1.7.0/lib/redis/namespace.rb:349:in `block (2 levels) in <class:Namespace>'
workers-1  | /opt/.gem/gems/resque-2.0.0/lib/resque/data_store.rb:231:in `get_worker_payload'
workers-1  | /opt/.gem/gems/resque-2.0.0/lib/resque/worker.rb:752:in `job'
workers-1  | /opt/.gem/gems/resque-2.0.0/lib/resque/worker.rb:670:in `unregister_worker'
workers-1  | /opt/.gem/gems/resque-2.0.0/lib/resque/worker.rb:250:in `rescue in work'
workers-1  | /opt/.gem/gems/resque-2.0.0/lib/resque/worker.rb:231:in `work'
workers-1  | /opt/.gem/gems/resque-2.0.0/lib/resque/tasks.rb:20:in `block (2 levels) in <top (required)>'
workers-1  | 
workers-1  | Caused by:
workers-1  | Redis::CommandError: NOAUTH Authentication required.
workers-1  | /opt/.gem/gems/redis-4.1.4/lib/redis/client.rb:126:in `call'
workers-1  | /opt/.gem/gems/redis-4.1.4/lib/redis.rb:915:in `block in get'
workers-1  | /opt/.gem/gems/redis-4.1.4/lib/redis.rb:51:in `block in synchronize'
workers-1  | /opt/.gem/gems/redis-4.1.4/lib/redis.rb:51:in `synchronize'
workers-1  | /opt/.gem/gems/redis-4.1.4/lib/redis.rb:914:in `get'
workers-1  | /opt/.gem/gems/redis-namespace-1.7.0/lib/redis/namespace.rb:469:in `call_with_namespace'
workers-1  | /opt/.gem/gems/redis-namespace-1.7.0/lib/redis/namespace.rb:349:in `block (2 levels) in <class:Namespace>'
workers-1  | /opt/.gem/gems/resque-2.0.0/lib/resque/data_store.rb:231:in `get_worker_payload'
workers-1  | /opt/.gem/gems/resque-2.0.0/lib/resque/worker.rb:752:in `job'
workers-1  | /opt/.gem/gems/resque-2.0.0/lib/resque/worker.rb:670:in `unregister_worker'
workers-1  | /opt/.gem/gems/resque-2.0.0/lib/resque/worker.rb:250:in `rescue in work'
workers-1  | /opt/.gem/gems/resque-2.0.0/lib/resque/worker.rb:231:in `work'
workers-1  | /opt/.gem/gems/resque-2.0.0/lib/resque/tasks.rb:20:in `block (2 levels) in <top (required)>'
workers-1  | 
workers-1  | Caused by:
workers-1  | Redis::CommandError: NOAUTH Authentication required.
workers-1  | /opt/.gem/gems/redis-4.1.4/lib/redis/client.rb:126:in `call'
workers-1  | /opt/.gem/gems/redis-4.1.4/lib/redis.rb:2216:in `block in hdel'
workers-1  | /opt/.gem/gems/redis-4.1.4/lib/redis.rb:51:in `block in synchronize'
workers-1  | /opt/.gem/gems/redis-4.1.4/lib/redis.rb:51:in `synchronize'
workers-1  | /opt/.gem/gems/redis-4.1.4/lib/redis.rb:2215:in `hdel'
workers-1  | /opt/.gem/gems/redis-namespace-1.7.0/lib/redis/namespace.rb:469:in `call_with_namespace'
workers-1  | /opt/.gem/gems/redis-namespace-1.7.0/lib/redis/namespace.rb:349:in `block (2 levels) in <class:Namespace>'
workers-1  | /opt/.gem/gems/resque-2.0.0/lib/resque/data_store.rb:261:in `remove_heartbeat'
workers-1  | /opt/.gem/gems/resque-2.0.0/lib/resque/worker.rb:475:in `remove_heartbeat'
workers-1  | /opt/.gem/gems/resque-2.0.0/lib/resque/worker.rb:507:in `start_heartbeat'
workers-1  | /opt/.gem/gems/resque-2.0.0/lib/resque/worker.rb:360:in `startup'
workers-1  | /opt/.gem/gems/resque-2.0.0/lib/resque/worker.rb:233:in `work'
workers-1  | /opt/.gem/gems/resque-2.0.0/lib/resque/tasks.rb:20:in `block (2 levels) in <top (required)>'
workers-1  | Tasks: TOP => resque:work
workers-1  | (See full trace by running task with --trace)
workers-1  | rake aborted!
workers-1  | Redis::CommandError: NOAUTH Authentication required.
workers-1  | Original Exception (Redis::CommandError): NOAUTH Authentication required.
workers-1  |   /opt/.gem/gems/redis-4.1.4/lib/redis/client.rb:126:in `call'  
workers-1  | /opt/.gem/gems/redis-4.1.4/lib/redis.rb:2216:in `block in hdel'  
workers-1  | /opt/.gem/gems/redis-4.1.4/lib/redis.rb:51:in `block in synchronize'  
workers-1  | /usr/local/ruby-2.7.0/lib/ruby/2.7.0/monitor.rb:202:in `synchronize'  
workers-1  | /usr/local/ruby-2.7.0/lib/ruby/2.7.0/monitor.rb:202:in `mon_synchronize'  
workers-1  | /opt/.gem/gems/redis-4.1.4/lib/redis.rb:51:in `synchronize'  
workers-1  | /opt/.gem/gems/redis-4.1.4/lib/redis.rb:2215:in `hdel'  
workers-1  | /opt/.gem/gems/redis-namespace-1.7.0/lib/redis/namespace.rb:469:in `call_with_namespace'  
workers-1  | /opt/.gem/gems/redis-namespace-1.7.0/lib/redis/namespace.rb:349:in `block (2 levels) in <class:Namespace>'  
workers-1  | /opt/.gem/gems/resque-2.0.0/lib/resque/data_store.rb:261:in `remove_heartbeat'  
workers-1  | /usr/local/ruby-2.7.0/lib/ruby/2.7.0/forwardable.rb:235:in `remove_heartbeat'  
workers-1  | /opt/.gem/gems/resque-2.0.0/lib/resque/worker.rb:475:in `remove_heartbeat'  
workers-1  | /opt/.gem/gems/resque-2.0.0/lib/resque/worker.rb:507:in `start_heartbeat'  
workers-1  | /opt/.gem/gems/resque-2.0.0/lib/resque/worker.rb:360:in `startup'  
workers-1  | /opt/.gem/gems/resque-2.0.0/lib/resque/worker.rb:233:in `work'  
workers-1  | /opt/.gem/gems/resque-2.0.0/lib/resque/tasks.rb:20:in `block (2 levels) in <top (required)>'  
workers-1  | /usr/local/ruby-2.7.0/lib/ruby/gems/2.7.0/gems/rake-13.0.1/lib/rake/task.rb:281:in `block in execute'  
workers-1  | /usr/local/ruby-2.7.0/lib/ruby/gems/2.7.0/gems/rake-13.0.1/lib/rake/task.rb:281:in `each'  
workers-1  | /usr/local/ruby-2.7.0/lib/ruby/gems/2.7.0/gems/rake-13.0.1/lib/rake/task.rb:281:in `execute'  
workers-1  | /usr/local/ruby-2.7.0/lib/ruby/gems/2.7.0/gems/rake-13.0.1/lib/rake/task.rb:219:in `block in invoke_with_call_chain'  
workers-1  | /usr/local/ruby-2.7.0/lib/ruby/gems/2.7.0/gems/rake-13.0.1/lib/rake/task.rb:199:in `synchronize'  
workers-1  | /usr/local/ruby-2.7.0/lib/ruby/gems/2.7.0/gems/rake-13.0.1/lib/rake/task.rb:199:in `invoke_with_call_chain'  
workers-1  | /usr/local/ruby-2.7.0/lib/ruby/gems/2.7.0/gems/rake-13.0.1/lib/rake/task.rb:188:in `invoke'  
workers-1  | /usr/local/ruby-2.7.0/lib/ruby/gems/2.7.0/gems/rake-13.0.1/lib/rake/application.rb:160:in `invoke_task'  
workers-1  | /usr/local/ruby-2.7.0/lib/ruby/gems/2.7.0/gems/rake-13.0.1/lib/rake/application.rb:116:in `block (2 levels) in top_level'  
workers-1  | /usr/local/ruby-2.7.0/lib/ruby/gems/2.7.0/gems/rake-13.0.1/lib/rake/application.rb:116:in `each'  
workers-1  | /usr/local/ruby-2.7.0/lib/ruby/gems/2.7.0/gems/rake-13.0.1/lib/rake/application.rb:116:in `block in top_level'  
workers-1  | /usr/local/ruby-2.7.0/lib/ruby/gems/2.7.0/gems/rake-13.0.1/lib/rake/application.rb:125:in `run_with_threads'  
workers-1  | /usr/local/ruby-2.7.0/lib/ruby/gems/2.7.0/gems/rake-13.0.1/lib/rake/application.rb:110:in `top_level'  
workers-1  | /usr/local/ruby-2.7.0/lib/ruby/gems/2.7.0/gems/rake-13.0.1/lib/rake/application.rb:83:in `block in run'  
workers-1  | /usr/local/ruby-2.7.0/lib/ruby/gems/2.7.0/gems/rake-13.0.1/lib/rake/application.rb:186:in `standard_exception_handling'  
workers-1  | /usr/local/ruby-2.7.0/lib/ruby/gems/2.7.0/gems/rake-13.0.1/lib/rake/application.rb:80:in `run'  
workers-1  | /usr/local/ruby-2.7.0/lib/ruby/gems/2.7.0/gems/rake-13.0.1/exe/rake:27:in `<top (required)>'  
workers-1  | /usr/local/ruby-2.7.0/bin/rake:23:in `load'  
workers-1  | /usr/local/ruby-2.7.0/bin/rake:23:in `<main>'
workers-1  | /opt/.gem/gems/redis-4.1.4/lib/redis/client.rb:126:in `call'
workers-1  | /opt/.gem/gems/redis-4.1.4/lib/redis.rb:915:in `block in get'
workers-1  | /opt/.gem/gems/redis-4.1.4/lib/redis.rb:51:in `block in synchronize'
workers-1  | /opt/.gem/gems/redis-4.1.4/lib/redis.rb:51:in `synchronize'
workers-1  | /opt/.gem/gems/redis-4.1.4/lib/redis.rb:914:in `get'
workers-1  | /opt/.gem/gems/redis-namespace-1.7.0/lib/redis/namespace.rb:469:in `call_with_namespace'
workers-1  | /opt/.gem/gems/redis-namespace-1.7.0/lib/redis/namespace.rb:349:in `block (2 levels) in <class:Namespace>'
workers-1  | /opt/.gem/gems/resque-2.0.0/lib/resque/data_store.rb:231:in `get_worker_payload'
workers-1  | /opt/.gem/gems/resque-2.0.0/lib/resque/worker.rb:752:in `job'
workers-1  | /opt/.gem/gems/resque-2.0.0/lib/resque/worker.rb:670:in `unregister_worker'
workers-1  | /opt/.gem/gems/resque-2.0.0/lib/resque/worker.rb:250:in `rescue in work'
workers-1  | /opt/.gem/gems/resque-2.0.0/lib/resque/worker.rb:231:in `work'
workers-1  | /opt/.gem/gems/resque-2.0.0/lib/resque/tasks.rb:20:in `block (2 levels) in <top (required)>'
workers-1  | 
workers-1  | Caused by:
workers-1  | Redis::CommandError: NOAUTH Authentication required.
workers-1  | /opt/.gem/gems/redis-4.1.4/lib/redis/client.rb:126:in `call'
workers-1  | /opt/.gem/gems/redis-4.1.4/lib/redis.rb:915:in `block in get'
workers-1  | /opt/.gem/gems/redis-4.1.4/lib/redis.rb:51:in `block in synchronize'
workers-1  | /opt/.gem/gems/redis-4.1.4/lib/redis.rb:51:in `synchronize'
workers-1  | /opt/.gem/gems/redis-4.1.4/lib/redis.rb:914:in `get'
workers-1  | /opt/.gem/gems/redis-namespace-1.7.0/lib/redis/namespace.rb:469:in `call_with_namespace'
workers-1  | /opt/.gem/gems/redis-namespace-1.7.0/lib/redis/namespace.rb:349:in `block (2 levels) in <class:Namespace>'
workers-1  | /opt/.gem/gems/resque-2.0.0/lib/resque/data_store.rb:231:in `get_worker_payload'
workers-1  | /opt/.gem/gems/resque-2.0.0/lib/resque/worker.rb:752:in `job'
workers-1  | /opt/.gem/gems/resque-2.0.0/lib/resque/worker.rb:670:in `unregister_worker'
workers-1  | /opt/.gem/gems/resque-2.0.0/lib/resque/worker.rb:250:in `rescue in work'
workers-1  | /opt/.gem/gems/resque-2.0.0/lib/resque/worker.rb:231:in `work'
workers-1  | /opt/.gem/gems/resque-2.0.0/lib/resque/tasks.rb:20:in `block (2 levels) in <top (required)>'
workers-1  | 
workers-1  | Caused by:
workers-1  | Redis::CommandError: NOAUTH Authentication required.
workers-1  | /opt/.gem/gems/redis-4.1.4/lib/redis/client.rb:126:in `call'
workers-1  | /opt/.gem/gems/redis-4.1.4/lib/redis.rb:2216:in `block in hdel'
workers-1  | /opt/.gem/gems/redis-4.1.4/lib/redis.rb:51:in `block in synchronize'
workers-1  | /opt/.gem/gems/redis-4.1.4/lib/redis.rb:51:in `synchronize'
workers-1  | /opt/.gem/gems/redis-4.1.4/lib/redis.rb:2215:in `hdel'
workers-1  | /opt/.gem/gems/redis-namespace-1.7.0/lib/redis/namespace.rb:469:in `call_with_namespace'
workers-1  | /opt/.gem/gems/redis-namespace-1.7.0/lib/redis/namespace.rb:349:in `block (2 levels) in <class:Namespace>'
workers-1  | /opt/.gem/gems/resque-2.0.0/lib/resque/data_store.rb:261:in `remove_heartbeat'
workers-1  | /opt/.gem/gems/resque-2.0.0/lib/resque/worker.rb:475:in `remove_heartbeat'
workers-1  | /opt/.gem/gems/resque-2.0.0/lib/resque/worker.rb:507:in `start_heartbeat'
workers-1  | /opt/.gem/gems/resque-2.0.0/lib/resque/worker.rb:360:in `startup'
workers-1  | /opt/.gem/gems/resque-2.0.0/lib/resque/worker.rb:233:in `work'
workers-1  | /opt/.gem/gems/resque-2.0.0/lib/resque/tasks.rb:20:in `block (2 levels) in <top (required)>'
workers-1  | Tasks: TOP => resque:work
workers-1  | (See full trace by running task with --trace)
workers-1  | rake aborted!
workers-1  | Redis::CommandError: NOAUTH Authentication required.
workers-1  | Original Exception (Redis::CommandError): NOAUTH Authentication required.
workers-1  |   /opt/.gem/gems/redis-4.1.4/lib/redis/client.rb:126:in `call'  
workers-1  | /opt/.gem/gems/redis-4.1.4/lib/redis.rb:2216:in `block in hdel'  
workers-1  | /opt/.gem/gems/redis-4.1.4/lib/redis.rb:51:in `block in synchronize'  
workers-1  | /usr/local/ruby-2.7.0/lib/ruby/2.7.0/monitor.rb:202:in `synchronize'  
workers-1  | /usr/local/ruby-2.7.0/lib/ruby/2.7.0/monitor.rb:202:in `mon_synchronize'  
workers-1  | /opt/.gem/gems/redis-4.1.4/lib/redis.rb:51:in `synchronize'  
workers-1  | /opt/.gem/gems/redis-4.1.4/lib/redis.rb:2215:in `hdel'  
workers-1  | /opt/.gem/gems/redis-namespace-1.7.0/lib/redis/namespace.rb:469:in `call_with_namespace'  
workers-1  | /opt/.gem/gems/redis-namespace-1.7.0/lib/redis/namespace.rb:349:in `block (2 levels) in <class:Namespace>'  
workers-1  | /opt/.gem/gems/resque-2.0.0/lib/resque/data_store.rb:261:in `remove_heartbeat'  
workers-1  | /usr/local/ruby-2.7.0/lib/ruby/2.7.0/forwardable.rb:235:in `remove_heartbeat'  
workers-1  | /opt/.gem/gems/resque-2.0.0/lib/resque/worker.rb:475:in `remove_heartbeat'  
workers-1  | /opt/.gem/gems/resque-2.0.0/lib/resque/worker.rb:507:in `start_heartbeat'  
workers-1  | /opt/.gem/gems/resque-2.0.0/lib/resque/worker.rb:360:in `startup'  
workers-1  | /opt/.gem/gems/resque-2.0.0/lib/resque/worker.rb:233:in `work'  
workers-1  | /opt/.gem/gems/resque-2.0.0/lib/resque/tasks.rb:20:in `block (2 levels) in <top (required)>'  
workers-1  | /usr/local/ruby-2.7.0/lib/ruby/gems/2.7.0/gems/rake-13.0.1/lib/rake/task.rb:281:in `block in execute'  
workers-1  | /usr/local/ruby-2.7.0/lib/ruby/gems/2.7.0/gems/rake-13.0.1/lib/rake/task.rb:281:in `each'  
workers-1  | /usr/local/ruby-2.7.0/lib/ruby/gems/2.7.0/gems/rake-13.0.1/lib/rake/task.rb:281:in `execute'  
workers-1  | /usr/local/ruby-2.7.0/lib/ruby/gems/2.7.0/gems/rake-13.0.1/lib/rake/task.rb:219:in `block in invoke_with_call_chain'  
workers-1  | /usr/local/ruby-2.7.0/lib/ruby/gems/2.7.0/gems/rake-13.0.1/lib/rake/task.rb:199:in `synchronize'  
workers-1  | /usr/local/ruby-2.7.0/lib/ruby/gems/2.7.0/gems/rake-13.0.1/lib/rake/task.rb:199:in `invoke_with_call_chain'  
workers-1  | /usr/local/ruby-2.7.0/lib/ruby/gems/2.7.0/gems/rake-13.0.1/lib/rake/task.rb:188:in `invoke'  
workers-1  | /usr/local/ruby-2.7.0/lib/ruby/gems/2.7.0/gems/rake-13.0.1/lib/rake/application.rb:160:in `invoke_task'  
workers-1  | /usr/local/ruby-2.7.0/lib/ruby/gems/2.7.0/gems/rake-13.0.1/lib/rake/application.rb:116:in `block (2 levels) in top_level'  
workers-1  | /usr/local/ruby-2.7.0/lib/ruby/gems/2.7.0/gems/rake-13.0.1/lib/rake/application.rb:116:in `each'  
workers-1  | /usr/local/ruby-2.7.0/lib/ruby/gems/2.7.0/gems/rake-13.0.1/lib/rake/application.rb:116:in `block in top_level'  
workers-1  | /usr/local/ruby-2.7.0/lib/ruby/gems/2.7.0/gems/rake-13.0.1/lib/rake/application.rb:125:in `run_with_threads'  
workers-1  | /usr/local/ruby-2.7.0/lib/ruby/gems/2.7.0/gems/rake-13.0.1/lib/rake/application.rb:110:in `top_level'  
workers-1  | /usr/local/ruby-2.7.0/lib/ruby/gems/2.7.0/gems/rake-13.0.1/lib/rake/application.rb:83:in `block in run'  
workers-1  | /usr/local/ruby-2.7.0/lib/ruby/gems/2.7.0/gems/rake-13.0.1/lib/rake/application.rb:186:in `standard_exception_handling'  
workers-1  | /usr/local/ruby-2.7.0/lib/ruby/gems/2.7.0/gems/rake-13.0.1/lib/rake/application.rb:80:in `run'  
workers-1  | /usr/local/ruby-2.7.0/lib/ruby/gems/2.7.0/gems/rake-13.0.1/exe/rake:27:in `<top (required)>'  
workers-1  | /usr/local/ruby-2.7.0/bin/rake:23:in `load'  
workers-1  | /usr/local/ruby-2.7.0/bin/rake:23:in `<main>'
workers-1  | /opt/.gem/gems/redis-4.1.4/lib/redis/client.rb:126:in `call'
workers-1  | /opt/.gem/gems/redis-4.1.4/lib/redis.rb:915:in `block in get'
workers-1  | /opt/.gem/gems/redis-4.1.4/lib/redis.rb:51:in `block in synchronize'
workers-1  | /opt/.gem/gems/redis-4.1.4/lib/redis.rb:51:in `synchronize'
workers-1  | /opt/.gem/gems/redis-4.1.4/lib/redis.rb:914:in `get'
workers-1  | /opt/.gem/gems/redis-namespace-1.7.0/lib/redis/namespace.rb:469:in `call_with_namespace'
workers-1  | /opt/.gem/gems/redis-namespace-1.7.0/lib/redis/namespace.rb:349:in `block (2 levels) in <class:Namespace>'
workers-1  | /opt/.gem/gems/resque-2.0.0/lib/resque/data_store.rb:231:in `get_worker_payload'
workers-1  | /opt/.gem/gems/resque-2.0.0/lib/resque/worker.rb:752:in `job'
workers-1  | /opt/.gem/gems/resque-2.0.0/lib/resque/worker.rb:670:in `unregister_worker'
workers-1  | /opt/.gem/gems/resque-2.0.0/lib/resque/worker.rb:250:in `rescue in work'
workers-1  | /opt/.gem/gems/resque-2.0.0/lib/resque/worker.rb:231:in `work'
workers-1  | /opt/.gem/gems/resque-2.0.0/lib/resque/tasks.rb:20:in `block (2 levels) in <top (required)>'
workers-1  | 
workers-1  | Caused by:
workers-1  | Redis::CommandError: NOAUTH Authentication required.
workers-1  | /opt/.gem/gems/redis-4.1.4/lib/redis/client.rb:126:in `call'
workers-1  | /opt/.gem/gems/redis-4.1.4/lib/redis.rb:915:in `block in get'
workers-1  | /opt/.gem/gems/redis-4.1.4/lib/redis.rb:51:in `block in synchronize'
workers-1  | /opt/.gem/gems/redis-4.1.4/lib/redis.rb:51:in `synchronize'
workers-1  | /opt/.gem/gems/redis-4.1.4/lib/redis.rb:914:in `get'
workers-1  | /opt/.gem/gems/redis-namespace-1.7.0/lib/redis/namespace.rb:469:in `call_with_namespace'
workers-1  | /opt/.gem/gems/redis-namespace-1.7.0/lib/redis/namespace.rb:349:in `block (2 levels) in <class:Namespace>'
workers-1  | /opt/.gem/gems/resque-2.0.0/lib/resque/data_store.rb:231:in `get_worker_payload'
workers-1  | /opt/.gem/gems/resque-2.0.0/lib/resque/worker.rb:752:in `job'
workers-1  | /opt/.gem/gems/resque-2.0.0/lib/resque/worker.rb:670:in `unregister_worker'
workers-1  | /opt/.gem/gems/resque-2.0.0/lib/resque/worker.rb:250:in `rescue in work'
workers-1  | /opt/.gem/gems/resque-2.0.0/lib/resque/worker.rb:231:in `work'
workers-1  | /opt/.gem/gems/resque-2.0.0/lib/resque/tasks.rb:20:in `block (2 levels) in <top (required)>'
workers-1  | 
workers-1  | Caused by:
workers-1  | Redis::CommandError: NOAUTH Authentication required.
workers-1  | /opt/.gem/gems/redis-4.1.4/lib/redis/client.rb:126:in `call'
workers-1  | /opt/.gem/gems/redis-4.1.4/lib/redis.rb:2216:in `block in hdel'
workers-1  | /opt/.gem/gems/redis-4.1.4/lib/redis.rb:51:in `block in synchronize'
workers-1  | /opt/.gem/gems/redis-4.1.4/lib/redis.rb:51:in `synchronize'
workers-1  | /opt/.gem/gems/redis-4.1.4/lib/redis.rb:2215:in `hdel'
workers-1  | /opt/.gem/gems/redis-namespace-1.7.0/lib/redis/namespace.rb:469:in `call_with_namespace'
workers-1  | /opt/.gem/gems/redis-namespace-1.7.0/lib/redis/namespace.rb:349:in `block (2 levels) in <class:Namespace>'
workers-1  | /opt/.gem/gems/resque-2.0.0/lib/resque/data_store.rb:261:in `remove_heartbeat'
workers-1  | /opt/.gem/gems/resque-2.0.0/lib/resque/worker.rb:475:in `remove_heartbeat'
workers-1  | /opt/.gem/gems/resque-2.0.0/lib/resque/worker.rb:507:in `start_heartbeat'
workers-1  | /opt/.gem/gems/resque-2.0.0/lib/resque/worker.rb:360:in `startup'
workers-1  | /opt/.gem/gems/resque-2.0.0/lib/resque/worker.rb:233:in `work'
workers-1  | /opt/.gem/gems/resque-2.0.0/lib/resque/tasks.rb:20:in `block (2 levels) in <top (required)>'
workers-1  | Tasks: TOP => resque:work
workers-1  | (See full trace by running task with --trace)
workers-1  | rake aborted!
workers-1  | Redis::CommandError: NOAUTH Authentication required.
workers-1  | Original Exception (Redis::CommandError): NOAUTH Authentication required.
workers-1  |   /opt/.gem/gems/redis-4.1.4/lib/redis/client.rb:126:in `call'  
workers-1  | /opt/.gem/gems/redis-4.1.4/lib/redis.rb:2216:in `block in hdel'  
workers-1  | /opt/.gem/gems/redis-4.1.4/lib/redis.rb:51:in `block in synchronize'  
workers-1  | /usr/local/ruby-2.7.0/lib/ruby/2.7.0/monitor.rb:202:in `synchronize'  
workers-1  | /usr/local/ruby-2.7.0/lib/ruby/2.7.0/monitor.rb:202:in `mon_synchronize'  
workers-1  | /opt/.gem/gems/redis-4.1.4/lib/redis.rb:51:in `synchronize'  
workers-1  | /opt/.gem/gems/redis-4.1.4/lib/redis.rb:2215:in `hdel'  
workers-1  | /opt/.gem/gems/redis-namespace-1.7.0/lib/redis/namespace.rb:469:in `call_with_namespace'  
workers-1  | /opt/.gem/gems/redis-namespace-1.7.0/lib/redis/namespace.rb:349:in `block (2 levels) in <class:Namespace>'  
workers-1  | /opt/.gem/gems/resque-2.0.0/lib/resque/data_store.rb:261:in `remove_heartbeat'  
workers-1  | /usr/local/ruby-2.7.0/lib/ruby/2.7.0/forwardable.rb:235:in `remove_heartbeat'  
workers-1  | /opt/.gem/gems/resque-2.0.0/lib/resque/worker.rb:475:in `remove_heartbeat'  
workers-1  | /opt/.gem/gems/resque-2.0.0/lib/resque/worker.rb:507:in `start_heartbeat'  
workers-1  | /opt/.gem/gems/resque-2.0.0/lib/resque/worker.rb:360:in `startup'  
workers-1  | /opt/.gem/gems/resque-2.0.0/lib/resque/worker.rb:233:in `work'  
workers-1  | /opt/.gem/gems/resque-2.0.0/lib/resque/tasks.rb:20:in `block (2 levels) in <top (required)>'  
workers-1  | /usr/local/ruby-2.7.0/lib/ruby/gems/2.7.0/gems/rake-13.0.1/lib/rake/task.rb:281:in `block in execute'  
workers-1  | /usr/local/ruby-2.7.0/lib/ruby/gems/2.7.0/gems/rake-13.0.1/lib/rake/task.rb:281:in `each'  
workers-1  | /usr/local/ruby-2.7.0/lib/ruby/gems/2.7.0/gems/rake-13.0.1/lib/rake/task.rb:281:in `execute'  
workers-1  | /usr/local/ruby-2.7.0/lib/ruby/gems/2.7.0/gems/rake-13.0.1/lib/rake/task.rb:219:in `block in invoke_with_call_chain'  
workers-1  | /usr/local/ruby-2.7.0/lib/ruby/gems/2.7.0/gems/rake-13.0.1/lib/rake/task.rb:199:in `synchronize'  
workers-1  | /usr/local/ruby-2.7.0/lib/ruby/gems/2.7.0/gems/rake-13.0.1/lib/rake/task.rb:199:in `invoke_with_call_chain'  
workers-1  | /usr/local/ruby-2.7.0/lib/ruby/gems/2.7.0/gems/rake-13.0.1/lib/rake/task.rb:188:in `invoke'  
workers-1  | /usr/local/ruby-2.7.0/lib/ruby/gems/2.7.0/gems/rake-13.0.1/lib/rake/application.rb:160:in `invoke_task'  
workers-1  | /usr/local/ruby-2.7.0/lib/ruby/gems/2.7.0/gems/rake-13.0.1/lib/rake/application.rb:116:in `block (2 levels) in top_level'  
workers-1  | /usr/local/ruby-2.7.0/lib/ruby/gems/2.7.0/gems/rake-13.0.1/lib/rake/application.rb:116:in `each'  
workers-1  | /usr/local/ruby-2.7.0/lib/ruby/gems/2.7.0/gems/rake-13.0.1/lib/rake/application.rb:116:in `block in top_level'  
workers-1  | /usr/local/ruby-2.7.0/lib/ruby/gems/2.7.0/gems/rake-13.0.1/lib/rake/application.rb:125:in `run_with_threads'  
workers-1  | /usr/local/ruby-2.7.0/lib/ruby/gems/2.7.0/gems/rake-13.0.1/lib/rake/application.rb:110:in `top_level'  
workers-1  | /usr/local/ruby-2.7.0/lib/ruby/gems/2.7.0/gems/rake-13.0.1/lib/rake/application.rb:83:in `block in run'  
workers-1  | /usr/local/ruby-2.7.0/lib/ruby/gems/2.7.0/gems/rake-13.0.1/lib/rake/application.rb:186:in `standard_exception_handling'  
workers-1  | /usr/local/ruby-2.7.0/lib/ruby/gems/2.7.0/gems/rake-13.0.1/lib/rake/application.rb:80:in `run'  
workers-1  | /usr/local/ruby-2.7.0/lib/ruby/gems/2.7.0/gems/rake-13.0.1/exe/rake:27:in `<top (required)>'  
workers-1  | /usr/local/ruby-2.7.0/bin/rake:23:in `load'  
workers-1  | /usr/local/ruby-2.7.0/bin/rake:23:in `<main>'
workers-1  | /opt/.gem/gems/redis-4.1.4/lib/redis/client.rb:126:in `call'
workers-1  | /opt/.gem/gems/redis-4.1.4/lib/redis.rb:915:in `block in get'
workers-1  | /opt/.gem/gems/redis-4.1.4/lib/redis.rb:51:in `block in synchronize'
workers-1  | /opt/.gem/gems/redis-4.1.4/lib/redis.rb:51:in `synchronize'
workers-1  | /opt/.gem/gems/redis-4.1.4/lib/redis.rb:914:in `get'
workers-1  | /opt/.gem/gems/redis-namespace-1.7.0/lib/redis/namespace.rb:469:in `call_with_namespace'
workers-1  | /opt/.gem/gems/redis-namespace-1.7.0/lib/redis/namespace.rb:349:in `block (2 levels) in <class:Namespace>'
workers-1  | /opt/.gem/gems/resque-2.0.0/lib/resque/data_store.rb:231:in `get_worker_payload'
workers-1  | /opt/.gem/gems/resque-2.0.0/lib/resque/worker.rb:752:in `job'
workers-1  | /opt/.gem/gems/resque-2.0.0/lib/resque/worker.rb:670:in `unregister_worker'
workers-1  | /opt/.gem/gems/resque-2.0.0/lib/resque/worker.rb:250:in `rescue in work'
workers-1  | /opt/.gem/gems/resque-2.0.0/lib/resque/worker.rb:231:in `work'
workers-1  | /opt/.gem/gems/resque-2.0.0/lib/resque/tasks.rb:20:in `block (2 levels) in <top (required)>'
workers-1  | 
workers-1  | Caused by:
workers-1  | Redis::CommandError: NOAUTH Authentication required.
workers-1  | /opt/.gem/gems/redis-4.1.4/lib/redis/client.rb:126:in `call'
workers-1  | /opt/.gem/gems/redis-4.1.4/lib/redis.rb:915:in `block in get'
workers-1  | /opt/.gem/gems/redis-4.1.4/lib/redis.rb:51:in `block in synchronize'
workers-1  | /opt/.gem/gems/redis-4.1.4/lib/redis.rb:51:in `synchronize'
workers-1  | /opt/.gem/gems/redis-4.1.4/lib/redis.rb:914:in `get'
workers-1  | /opt/.gem/gems/redis-namespace-1.7.0/lib/redis/namespace.rb:469:in `call_with_namespace'
workers-1  | /opt/.gem/gems/redis-namespace-1.7.0/lib/redis/namespace.rb:349:in `block (2 levels) in <class:Namespace>'
workers-1  | /opt/.gem/gems/resque-2.0.0/lib/resque/data_store.rb:231:in `get_worker_payload'
workers-1  | /opt/.gem/gems/resque-2.0.0/lib/resque/worker.rb:752:in `job'
workers-1  | /opt/.gem/gems/resque-2.0.0/lib/resque/worker.rb:670:in `unregister_worker'
workers-1  | /opt/.gem/gems/resque-2.0.0/lib/resque/worker.rb:250:in `rescue in work'
workers-1  | /opt/.gem/gems/resque-2.0.0/lib/resque/worker.rb:231:in `work'
workers-1  | /opt/.gem/gems/resque-2.0.0/lib/resque/tasks.rb:20:in `block (2 levels) in <top (required)>'
workers-1  | 
workers-1  | Caused by:
workers-1  | Redis::CommandError: NOAUTH Authentication required.
workers-1  | /opt/.gem/gems/redis-4.1.4/lib/redis/client.rb:126:in `call'
workers-1  | /opt/.gem/gems/redis-4.1.4/lib/redis.rb:2216:in `block in hdel'
workers-1  | /opt/.gem/gems/redis-4.1.4/lib/redis.rb:51:in `block in synchronize'
workers-1  | /opt/.gem/gems/redis-4.1.4/lib/redis.rb:51:in `synchronize'
workers-1  | /opt/.gem/gems/redis-4.1.4/lib/redis.rb:2215:in `hdel'
workers-1  | /opt/.gem/gems/redis-namespace-1.7.0/lib/redis/namespace.rb:469:in `call_with_namespace'
workers-1  | /opt/.gem/gems/redis-namespace-1.7.0/lib/redis/namespace.rb:349:in `block (2 levels) in <class:Namespace>'
workers-1  | /opt/.gem/gems/resque-2.0.0/lib/resque/data_store.rb:261:in `remove_heartbeat'
workers-1  | /opt/.gem/gems/resque-2.0.0/lib/resque/worker.rb:475:in `remove_heartbeat'
workers-1  | /opt/.gem/gems/resque-2.0.0/lib/resque/worker.rb:507:in `start_heartbeat'
workers-1  | /opt/.gem/gems/resque-2.0.0/lib/resque/worker.rb:360:in `startup'
workers-1  | /opt/.gem/gems/resque-2.0.0/lib/resque/worker.rb:233:in `work'
workers-1  | /opt/.gem/gems/resque-2.0.0/lib/resque/tasks.rb:20:in `block (2 levels) in <top (required)>'
workers-1  | Tasks: TOP => resque:work
workers-1  | (See full trace by running task with --trace)
workers-1  | rake aborted!
workers-1  | Redis::CommandError: NOAUTH Authentication required.
workers-1  | Original Exception (Redis::CommandError): NOAUTH Authentication required.
workers-1  |   /opt/.gem/gems/redis-4.1.4/lib/redis/client.rb:126:in `call'  
workers-1  | /opt/.gem/gems/redis-4.1.4/lib/redis.rb:2216:in `block in hdel'  
workers-1  | /opt/.gem/gems/redis-4.1.4/lib/redis.rb:51:in `block in synchronize'  
workers-1  | /usr/local/ruby-2.7.0/lib/ruby/2.7.0/monitor.rb:202:in `synchronize'  
workers-1  | /usr/local/ruby-2.7.0/lib/ruby/2.7.0/monitor.rb:202:in `mon_synchronize'  
workers-1  | /opt/.gem/gems/redis-4.1.4/lib/redis.rb:51:in `synchronize'  
workers-1  | /opt/.gem/gems/redis-4.1.4/lib/redis.rb:2215:in `hdel'  
workers-1  | /opt/.gem/gems/redis-namespace-1.7.0/lib/redis/namespace.rb:469:in `call_with_namespace'  
workers-1  | /opt/.gem/gems/redis-namespace-1.7.0/lib/redis/namespace.rb:349:in `block (2 levels) in <class:Namespace>'  
workers-1  | /opt/.gem/gems/resque-2.0.0/lib/resque/data_store.rb:261:in `remove_heartbeat'  
workers-1  | /usr/local/ruby-2.7.0/lib/ruby/2.7.0/forwardable.rb:235:in `remove_heartbeat'  
workers-1  | /opt/.gem/gems/resque-2.0.0/lib/resque/worker.rb:475:in `remove_heartbeat'  
workers-1  | /opt/.gem/gems/resque-2.0.0/lib/resque/worker.rb:507:in `start_heartbeat'  
workers-1  | /opt/.gem/gems/resque-2.0.0/lib/resque/worker.rb:360:in `startup'  
workers-1  | /opt/.gem/gems/resque-2.0.0/lib/resque/worker.rb:233:in `work'  
workers-1  | /opt/.gem/gems/resque-2.0.0/lib/resque/tasks.rb:20:in `block (2 levels) in <top (required)>'  
workers-1  | /usr/local/ruby-2.7.0/lib/ruby/gems/2.7.0/gems/rake-13.0.1/lib/rake/task.rb:281:in `block in execute'  
workers-1  | /usr/local/ruby-2.7.0/lib/ruby/gems/2.7.0/gems/rake-13.0.1/lib/rake/task.rb:281:in `each'  
workers-1  | /usr/local/ruby-2.7.0/lib/ruby/gems/2.7.0/gems/rake-13.0.1/lib/rake/task.rb:281:in `execute'  
workers-1  | /usr/local/ruby-2.7.0/lib/ruby/gems/2.7.0/gems/rake-13.0.1/lib/rake/task.rb:219:in `block in invoke_with_call_chain'  
workers-1  | /usr/local/ruby-2.7.0/lib/ruby/gems/2.7.0/gems/rake-13.0.1/lib/rake/task.rb:199:in `synchronize'  
workers-1  | /usr/local/ruby-2.7.0/lib/ruby/gems/2.7.0/gems/rake-13.0.1/lib/rake/task.rb:199:in `invoke_with_call_chain'  
workers-1  | /usr/local/ruby-2.7.0/lib/ruby/gems/2.7.0/gems/rake-13.0.1/lib/rake/task.rb:188:in `invoke'  
workers-1  | /usr/local/ruby-2.7.0/lib/ruby/gems/2.7.0/gems/rake-13.0.1/lib/rake/application.rb:160:in `invoke_task'  
workers-1  | /usr/local/ruby-2.7.0/lib/ruby/gems/2.7.0/gems/rake-13.0.1/lib/rake/application.rb:116:in `block (2 levels) in top_level'  
workers-1  | /usr/local/ruby-2.7.0/lib/ruby/gems/2.7.0/gems/rake-13.0.1/lib/rake/application.rb:116:in `each'  
workers-1  | /usr/local/ruby-2.7.0/lib/ruby/gems/2.7.0/gems/rake-13.0.1/lib/rake/application.rb:116:in `block in top_level'  
workers-1  | /usr/local/ruby-2.7.0/lib/ruby/gems/2.7.0/gems/rake-13.0.1/lib/rake/application.rb:125:in `run_with_threads'  
workers-1  | /usr/local/ruby-2.7.0/lib/ruby/gems/2.7.0/gems/rake-13.0.1/lib/rake/application.rb:110:in `top_level'  
workers-1  | /usr/local/ruby-2.7.0/lib/ruby/gems/2.7.0/gems/rake-13.0.1/lib/rake/application.rb:83:in `block in run'  
workers-1  | /usr/local/ruby-2.7.0/lib/ruby/gems/2.7.0/gems/rake-13.0.1/lib/rake/application.rb:186:in `standard_exception_handling'  
workers-1  | /usr/local/ruby-2.7.0/lib/ruby/gems/2.7.0/gems/rake-13.0.1/lib/rake/application.rb:80:in `run'  
workers-1  | /usr/local/ruby-2.7.0/lib/ruby/gems/2.7.0/gems/rake-13.0.1/exe/rake:27:in `<top (required)>'  
workers-1  | /usr/local/ruby-2.7.0/bin/rake:23:in `load'  
workers-1  | /usr/local/ruby-2.7.0/bin/rake:23:in `<main>'
workers-1  | /opt/.gem/gems/redis-4.1.4/lib/redis/client.rb:126:in `call'
workers-1  | /opt/.gem/gems/redis-4.1.4/lib/redis.rb:915:in `block in get'
workers-1  | /opt/.gem/gems/redis-4.1.4/lib/redis.rb:51:in `block in synchronize'
workers-1  | /opt/.gem/gems/redis-4.1.4/lib/redis.rb:51:in `synchronize'
workers-1  | /opt/.gem/gems/redis-4.1.4/lib/redis.rb:914:in `get'
workers-1  | /opt/.gem/gems/redis-namespace-1.7.0/lib/redis/namespace.rb:469:in `call_with_namespace'
workers-1  | /opt/.gem/gems/redis-namespace-1.7.0/lib/redis/namespace.rb:349:in `block (2 levels) in <class:Namespace>'
workers-1  | /opt/.gem/gems/resque-2.0.0/lib/resque/data_store.rb:231:in `get_worker_payload'
workers-1  | /opt/.gem/gems/resque-2.0.0/lib/resque/worker.rb:752:in `job'
workers-1  | /opt/.gem/gems/resque-2.0.0/lib/resque/worker.rb:670:in `unregister_worker'
workers-1  | /opt/.gem/gems/resque-2.0.0/lib/resque/worker.rb:250:in `rescue in work'
workers-1  | /opt/.gem/gems/resque-2.0.0/lib/resque/worker.rb:231:in `work'
workers-1  | /opt/.gem/gems/resque-2.0.0/lib/resque/tasks.rb:20:in `block (2 levels) in <top (required)>'
workers-1  | 
workers-1  | Caused by:
workers-1  | Redis::CommandError: NOAUTH Authentication required.
workers-1  | /opt/.gem/gems/redis-4.1.4/lib/redis/client.rb:126:in `call'
workers-1  | /opt/.gem/gems/redis-4.1.4/lib/redis.rb:915:in `block in get'
workers-1  | /opt/.gem/gems/redis-4.1.4/lib/redis.rb:51:in `block in synchronize'
workers-1  | /opt/.gem/gems/redis-4.1.4/lib/redis.rb:51:in `synchronize'
workers-1  | /opt/.gem/gems/redis-4.1.4/lib/redis.rb:914:in `get'
workers-1  | /opt/.gem/gems/redis-namespace-1.7.0/lib/redis/namespace.rb:469:in `call_with_namespace'
workers-1  | /opt/.gem/gems/redis-namespace-1.7.0/lib/redis/namespace.rb:349:in `block (2 levels) in <class:Namespace>'
workers-1  | /opt/.gem/gems/resque-2.0.0/lib/resque/data_store.rb:231:in `get_worker_payload'
workers-1  | /opt/.gem/gems/resque-2.0.0/lib/resque/worker.rb:752:in `job'
workers-1  | /opt/.gem/gems/resque-2.0.0/lib/resque/worker.rb:670:in `unregister_worker'
workers-1  | /opt/.gem/gems/resque-2.0.0/lib/resque/worker.rb:250:in `rescue in work'
workers-1  | /opt/.gem/gems/resque-2.0.0/lib/resque/worker.rb:231:in `work'
workers-1  | /opt/.gem/gems/resque-2.0.0/lib/resque/tasks.rb:20:in `block (2 levels) in <top (required)>'
workers-1  | 
workers-1  | Caused by:
workers-1  | Redis::CommandError: NOAUTH Authentication required.
workers-1  | /opt/.gem/gems/redis-4.1.4/lib/redis/client.rb:126:in `call'
workers-1  | /opt/.gem/gems/redis-4.1.4/lib/redis.rb:2216:in `block in hdel'
workers-1  | /opt/.gem/gems/redis-4.1.4/lib/redis.rb:51:in `block in synchronize'
workers-1  | /opt/.gem/gems/redis-4.1.4/lib/redis.rb:51:in `synchronize'
workers-1  | /opt/.gem/gems/redis-4.1.4/lib/redis.rb:2215:in `hdel'
workers-1  | /opt/.gem/gems/redis-namespace-1.7.0/lib/redis/namespace.rb:469:in `call_with_namespace'
workers-1  | /opt/.gem/gems/redis-namespace-1.7.0/lib/redis/namespace.rb:349:in `block (2 levels) in <class:Namespace>'
workers-1  | /opt/.gem/gems/resque-2.0.0/lib/resque/data_store.rb:261:in `remove_heartbeat'
workers-1  | /opt/.gem/gems/resque-2.0.0/lib/resque/worker.rb:475:in `remove_heartbeat'
workers-1  | /opt/.gem/gems/resque-2.0.0/lib/resque/worker.rb:507:in `start_heartbeat'
workers-1  | /opt/.gem/gems/resque-2.0.0/lib/resque/worker.rb:360:in `startup'
workers-1  | /opt/.gem/gems/resque-2.0.0/lib/resque/worker.rb:233:in `work'
workers-1  | /opt/.gem/gems/resque-2.0.0/lib/resque/tasks.rb:20:in `block (2 levels) in <top (required)>'
workers-1  | Tasks: TOP => resque:work
workers-1  | (See full trace by running task with --trace)
workers-1  | rake aborted!
workers-1  | Redis::CommandError: NOAUTH Authentication required.
workers-1  | Original Exception (Redis::CommandError): NOAUTH Authentication required.
workers-1  |   /opt/.gem/gems/redis-4.1.4/lib/redis/client.rb:126:in `call'  
workers-1  | /opt/.gem/gems/redis-4.1.4/lib/redis.rb:2216:in `block in hdel'  
workers-1  | /opt/.gem/gems/redis-4.1.4/lib/redis.rb:51:in `block in synchronize'  
workers-1  | /usr/local/ruby-2.7.0/lib/ruby/2.7.0/monitor.rb:202:in `synchronize'  
workers-1  | /usr/local/ruby-2.7.0/lib/ruby/2.7.0/monitor.rb:202:in `mon_synchronize'  
workers-1  | /opt/.gem/gems/redis-4.1.4/lib/redis.rb:51:in `synchronize'  
workers-1  | /opt/.gem/gems/redis-4.1.4/lib/redis.rb:2215:in `hdel'  
workers-1  | /opt/.gem/gems/redis-namespace-1.7.0/lib/redis/namespace.rb:469:in `call_with_namespace'  
workers-1  | /opt/.gem/gems/redis-namespace-1.7.0/lib/redis/namespace.rb:349:in `block (2 levels) in <class:Namespace>'  
workers-1  | /opt/.gem/gems/resque-2.0.0/lib/resque/data_store.rb:261:in `remove_heartbeat'  
workers-1  | /usr/local/ruby-2.7.0/lib/ruby/2.7.0/forwardable.rb:235:in `remove_heartbeat'  
workers-1  | /opt/.gem/gems/resque-2.0.0/lib/resque/worker.rb:475:in `remove_heartbeat'  
workers-1  | /opt/.gem/gems/resque-2.0.0/lib/resque/worker.rb:507:in `start_heartbeat'  
workers-1  | /opt/.gem/gems/resque-2.0.0/lib/resque/worker.rb:360:in `startup'  
workers-1  | /opt/.gem/gems/resque-2.0.0/lib/resque/worker.rb:233:in `work'  
workers-1  | /opt/.gem/gems/resque-2.0.0/lib/resque/tasks.rb:20:in `block (2 levels) in <top (required)>'  
workers-1  | /usr/local/ruby-2.7.0/lib/ruby/gems/2.7.0/gems/rake-13.0.1/lib/rake/task.rb:281:in `block in execute'  
workers-1  | /usr/local/ruby-2.7.0/lib/ruby/gems/2.7.0/gems/rake-13.0.1/lib/rake/task.rb:281:in `each'  
workers-1  | /usr/local/ruby-2.7.0/lib/ruby/gems/2.7.0/gems/rake-13.0.1/lib/rake/task.rb:281:in `execute'  
workers-1  | /usr/local/ruby-2.7.0/lib/ruby/gems/2.7.0/gems/rake-13.0.1/lib/rake/task.rb:219:in `block in invoke_with_call_chain'  
workers-1  | /usr/local/ruby-2.7.0/lib/ruby/gems/2.7.0/gems/rake-13.0.1/lib/rake/task.rb:199:in `synchronize'  
workers-1  | /usr/local/ruby-2.7.0/lib/ruby/gems/2.7.0/gems/rake-13.0.1/lib/rake/task.rb:199:in `invoke_with_call_chain'  
workers-1  | /usr/local/ruby-2.7.0/lib/ruby/gems/2.7.0/gems/rake-13.0.1/lib/rake/task.rb:188:in `invoke'  
workers-1  | /usr/local/ruby-2.7.0/lib/ruby/gems/2.7.0/gems/rake-13.0.1/lib/rake/application.rb:160:in `invoke_task'  
workers-1  | /usr/local/ruby-2.7.0/lib/ruby/gems/2.7.0/gems/rake-13.0.1/lib/rake/application.rb:116:in `block (2 levels) in top_level'  
workers-1  | /usr/local/ruby-2.7.0/lib/ruby/gems/2.7.0/gems/rake-13.0.1/lib/rake/application.rb:116:in `each'  
workers-1  | /usr/local/ruby-2.7.0/lib/ruby/gems/2.7.0/gems/rake-13.0.1/lib/rake/application.rb:116:in `block in top_level'  
workers-1  | /usr/local/ruby-2.7.0/lib/ruby/gems/2.7.0/gems/rake-13.0.1/lib/rake/application.rb:125:in `run_with_threads'  
workers-1  | /usr/local/ruby-2.7.0/lib/ruby/gems/2.7.0/gems/rake-13.0.1/lib/rake/application.rb:110:in `top_level'  
workers-1  | /usr/local/ruby-2.7.0/lib/ruby/gems/2.7.0/gems/rake-13.0.1/lib/rake/application.rb:83:in `block in run'  
workers-1  | /usr/local/ruby-2.7.0/lib/ruby/gems/2.7.0/gems/rake-13.0.1/lib/rake/application.rb:186:in `standard_exception_handling'  
workers-1  | /usr/local/ruby-2.7.0/lib/ruby/gems/2.7.0/gems/rake-13.0.1/lib/rake/application.rb:80:in `run'  
workers-1  | /usr/local/ruby-2.7.0/lib/ruby/gems/2.7.0/gems/rake-13.0.1/exe/rake:27:in `<top (required)>'  
workers-1  | /usr/local/ruby-2.7.0/bin/rake:23:in `load'  
workers-1  | /usr/local/ruby-2.7.0/bin/rake:23:in `<main>'
workers-1  | /opt/.gem/gems/redis-4.1.4/lib/redis/client.rb:126:in `call'
workers-1  | /opt/.gem/gems/redis-4.1.4/lib/redis.rb:915:in `block in get'
workers-1  | /opt/.gem/gems/redis-4.1.4/lib/redis.rb:51:in `block in synchronize'
workers-1  | /opt/.gem/gems/redis-4.1.4/lib/redis.rb:51:in `synchronize'
workers-1  | /opt/.gem/gems/redis-4.1.4/lib/redis.rb:914:in `get'
workers-1  | /opt/.gem/gems/redis-namespace-1.7.0/lib/redis/namespace.rb:469:in `call_with_namespace'
workers-1  | /opt/.gem/gems/redis-namespace-1.7.0/lib/redis/namespace.rb:349:in `block (2 levels) in <class:Namespace>'
workers-1  | /opt/.gem/gems/resque-2.0.0/lib/resque/data_store.rb:231:in `get_worker_payload'
workers-1  | /opt/.gem/gems/resque-2.0.0/lib/resque/worker.rb:752:in `job'
workers-1  | /opt/.gem/gems/resque-2.0.0/lib/resque/worker.rb:670:in `unregister_worker'
workers-1  | /opt/.gem/gems/resque-2.0.0/lib/resque/worker.rb:250:in `rescue in work'
workers-1  | /opt/.gem/gems/resque-2.0.0/lib/resque/worker.rb:231:in `work'
workers-1  | /opt/.gem/gems/resque-2.0.0/lib/resque/tasks.rb:20:in `block (2 levels) in <top (required)>'
workers-1  | 
workers-1  | Caused by:
workers-1  | Redis::CommandError: NOAUTH Authentication required.
workers-1  | /opt/.gem/gems/redis-4.1.4/lib/redis/client.rb:126:in `call'
workers-1  | /opt/.gem/gems/redis-4.1.4/lib/redis.rb:915:in `block in get'
workers-1  | /opt/.gem/gems/redis-4.1.4/lib/redis.rb:51:in `block in synchronize'
workers-1  | /opt/.gem/gems/redis-4.1.4/lib/redis.rb:51:in `synchronize'
workers-1  | /opt/.gem/gems/redis-4.1.4/lib/redis.rb:914:in `get'
workers-1  | /opt/.gem/gems/redis-namespace-1.7.0/lib/redis/namespace.rb:469:in `call_with_namespace'
workers-1  | /opt/.gem/gems/redis-namespace-1.7.0/lib/redis/namespace.rb:349:in `block (2 levels) in <class:Namespace>'
workers-1  | /opt/.gem/gems/resque-2.0.0/lib/resque/data_store.rb:231:in `get_worker_payload'
workers-1  | /opt/.gem/gems/resque-2.0.0/lib/resque/worker.rb:752:in `job'
workers-1  | /opt/.gem/gems/resque-2.0.0/lib/resque/worker.rb:670:in `unregister_worker'
workers-1  | /opt/.gem/gems/resque-2.0.0/lib/resque/worker.rb:250:in `rescue in work'
workers-1  | /opt/.gem/gems/resque-2.0.0/lib/resque/worker.rb:231:in `work'
workers-1  | /opt/.gem/gems/resque-2.0.0/lib/resque/tasks.rb:20:in `block (2 levels) in <top (required)>'
workers-1  | 
workers-1  | Caused by:
workers-1  | Redis::CommandError: NOAUTH Authentication required.
workers-1  | /opt/.gem/gems/redis-4.1.4/lib/redis/client.rb:126:in `call'
workers-1  | /opt/.gem/gems/redis-4.1.4/lib/redis.rb:2216:in `block in hdel'
workers-1  | /opt/.gem/gems/redis-4.1.4/lib/redis.rb:51:in `block in synchronize'
workers-1  | /opt/.gem/gems/redis-4.1.4/lib/redis.rb:51:in `synchronize'
workers-1  | /opt/.gem/gems/redis-4.1.4/lib/redis.rb:2215:in `hdel'
workers-1  | /opt/.gem/gems/redis-namespace-1.7.0/lib/redis/namespace.rb:469:in `call_with_namespace'
workers-1  | /opt/.gem/gems/redis-namespace-1.7.0/lib/redis/namespace.rb:349:in `block (2 levels) in <class:Namespace>'
workers-1  | /opt/.gem/gems/resque-2.0.0/lib/resque/data_store.rb:261:in `remove_heartbeat'
workers-1  | /opt/.gem/gems/resque-2.0.0/lib/resque/worker.rb:475:in `remove_heartbeat'
workers-1  | /opt/.gem/gems/resque-2.0.0/lib/resque/worker.rb:507:in `start_heartbeat'
workers-1  | /opt/.gem/gems/resque-2.0.0/lib/resque/worker.rb:360:in `startup'
workers-1  | /opt/.gem/gems/resque-2.0.0/lib/resque/worker.rb:233:in `work'
workers-1  | /opt/.gem/gems/resque-2.0.0/lib/resque/tasks.rb:20:in `block (2 levels) in <top (required)>'
workers-1  | Tasks: TOP => resque:work
workers-1  | (See full trace by running task with --trace)
workers-1  | rake aborted!
workers-1  | rake aborted!
workers-1  | Redis::CommandError: NOAUTH Authentication required.
workers-1  | Original Exception (Redis::CommandError): NOAUTH Authentication required.
workers-1  |   /opt/.gem/gems/redis-4.1.4/lib/redis/client.rb:126:in `call'  
workers-1  | /opt/.gem/gems/redis-4.1.4/lib/redis.rb:2216:in `block in hdel'  
workers-1  | /opt/.gem/gems/redis-4.1.4/lib/redis.rb:51:in `block in synchronize'  
workers-1  | /usr/local/ruby-2.7.0/lib/ruby/2.7.0/monitor.rb:202:in `synchronize'  
workers-1  | /usr/local/ruby-2.7.0/lib/ruby/2.7.0/monitor.rb:202:in `mon_synchronize'  
workers-1  | /opt/.gem/gems/redis-4.1.4/lib/redis.rb:51:in `synchronize'  
workers-1  | /opt/.gem/gems/redis-4.1.4/lib/redis.rb:2215:in `hdel'  
workers-1  | /opt/.gem/gems/redis-namespace-1.7.0/lib/redis/namespace.rb:469:in `call_with_namespace'  
workers-1  | /opt/.gem/gems/redis-namespace-1.7.0/lib/redis/namespace.rb:349:in `block (2 levels) in <class:Namespace>'  
workers-1  | /opt/.gem/gems/resque-2.0.0/lib/resque/data_store.rb:261:in `remove_heartbeat'  
workers-1  | /usr/local/ruby-2.7.0/lib/ruby/2.7.0/forwardable.rb:235:in `remove_heartbeat'  
workers-1  | /opt/.gem/gems/resque-2.0.0/lib/resque/worker.rb:475:in `remove_heartbeat'  
workers-1  | /opt/.gem/gems/resque-2.0.0/lib/resque/worker.rb:507:in `start_heartbeat'  
workers-1  | /opt/.gem/gems/resque-2.0.0/lib/resque/worker.rb:360:in `startup'  
workers-1  | /opt/.gem/gems/resque-2.0.0/lib/resque/worker.rb:233:in `work'  
workers-1  | /opt/.gem/gems/resque-2.0.0/lib/resque/tasks.rb:20:in `block (2 levels) in <top (required)>'  
workers-1  | /usr/local/ruby-2.7.0/lib/ruby/gems/2.7.0/gems/rake-13.0.1/lib/rake/task.rb:281:in `block in execute'  
workers-1  | /usr/local/ruby-2.7.0/lib/ruby/gems/2.7.0/gems/rake-13.0.1/lib/rake/task.rb:281:in `each'  
workers-1  | /usr/local/ruby-2.7.0/lib/ruby/gems/2.7.0/gems/rake-13.0.1/lib/rake/task.rb:281:in `execute'  
workers-1  | /usr/local/ruby-2.7.0/lib/ruby/gems/2.7.0/gems/rake-13.0.1/lib/rake/task.rb:219:in `block in invoke_with_call_chain'  
workers-1  | /usr/local/ruby-2.7.0/lib/ruby/gems/2.7.0/gems/rake-13.0.1/lib/rake/task.rb:199:in `synchronize'  
workers-1  | /usr/local/ruby-2.7.0/lib/ruby/gems/2.7.0/gems/rake-13.0.1/lib/rake/task.rb:199:in `invoke_with_call_chain'  
workers-1  | /usr/local/ruby-2.7.0/lib/ruby/gems/2.7.0/gems/rake-13.0.1/lib/rake/task.rb:188:in `invoke'  
workers-1  | /usr/local/ruby-2.7.0/lib/ruby/gems/2.7.0/gems/rake-13.0.1/lib/rake/application.rb:160:in `invoke_task'  
workers-1  | /usr/local/ruby-2.7.0/lib/ruby/gems/2.7.0/gems/rake-13.0.1/lib/rake/application.rb:116:in `block (2 levels) in top_level'  
workers-1  | /usr/local/ruby-2.7.0/lib/ruby/gems/2.7.0/gems/rake-13.0.1/lib/rake/application.rb:116:in `each'  
workers-1  | /usr/local/ruby-2.7.0/lib/ruby/gems/2.7.0/gems/rake-13.0.1/lib/rake/application.rb:116:in `block in top_level'  
workers-1  | /usr/local/ruby-2.7.0/lib/ruby/gems/2.7.0/gems/rake-13.0.1/lib/rake/application.rb:125:in `run_with_threads'  
workers-1  | /usr/local/ruby-2.7.0/lib/ruby/gems/2.7.0/gems/rake-13.0.1/lib/rake/application.rb:110:in `top_level'  
workers-1  | /usr/local/ruby-2.7.0/lib/ruby/gems/2.7.0/gems/rake-13.0.1/lib/rake/application.rb:83:in `block in run'  
workers-1  | /usr/local/ruby-2.7.0/lib/ruby/gems/2.7.0/gems/rake-13.0.1/lib/rake/application.rb:186:in `standard_exception_handling'  
workers-1  | /usr/local/ruby-2.7.0/lib/ruby/gems/2.7.0/gems/rake-13.0.1/lib/rake/application.rb:80:in `run'  
workers-1  | /usr/local/ruby-2.7.0/lib/ruby/gems/2.7.0/gems/rake-13.0.1/exe/rake:27:in `<top (required)>'  
workers-1  | /usr/local/ruby-2.7.0/bin/rake:23:in `load'  
workers-1  | /usr/local/ruby-2.7.0/bin/rake:23:in `<main>'
workers-1  | /opt/.gem/gems/redis-4.1.4/lib/redis/client.rb:126:in `call'
workers-1  | /opt/.gem/gems/redis-4.1.4/lib/redis.rb:915:in `block in get'
workers-1  | /opt/.gem/gems/redis-4.1.4/lib/redis.rb:51:in `block in synchronize'
workers-1  | /opt/.gem/gems/redis-4.1.4/lib/redis.rb:51:in `synchronize'
workers-1  | /opt/.gem/gems/redis-4.1.4/lib/redis.rb:914:in `get'
workers-1  | /opt/.gem/gems/redis-namespace-1.7.0/lib/redis/namespace.rb:469:in `call_with_namespace'
workers-1  | /opt/.gem/gems/redis-namespace-1.7.0/lib/redis/namespace.rb:349:in `block (2 levels) in <class:Namespace>'
workers-1  | /opt/.gem/gems/resque-2.0.0/lib/resque/data_store.rb:231:in `get_worker_payload'
workers-1  | /opt/.gem/gems/resque-2.0.0/lib/resque/worker.rb:752:in `job'
workers-1  | /opt/.gem/gems/resque-2.0.0/lib/resque/worker.rb:670:in `unregister_worker'
workers-1  | /opt/.gem/gems/resque-2.0.0/lib/resque/worker.rb:250:in `rescue in work'
workers-1  | /opt/.gem/gems/resque-2.0.0/lib/resque/worker.rb:231:in `work'
workers-1  | /opt/.gem/gems/resque-2.0.0/lib/resque/tasks.rb:20:in `block (2 levels) in <top (required)>'
workers-1  | 
workers-1  | Caused by:
workers-1  | Redis::CommandError: NOAUTH Authentication required.
workers-1  | /opt/.gem/gems/redis-4.1.4/lib/redis/client.rb:126:in `call'
workers-1  | /opt/.gem/gems/redis-4.1.4/lib/redis.rb:915:in `block in get'
workers-1  | /opt/.gem/gems/redis-4.1.4/lib/redis.rb:51:in `block in synchronize'
workers-1  | /opt/.gem/gems/redis-4.1.4/lib/redis.rb:51:in `synchronize'
workers-1  | /opt/.gem/gems/redis-4.1.4/lib/redis.rb:914:in `get'
workers-1  | /opt/.gem/gems/redis-namespace-1.7.0/lib/redis/namespace.rb:469:in `call_with_namespace'
workers-1  | /opt/.gem/gems/redis-namespace-1.7.0/lib/redis/namespace.rb:349:in `block (2 levels) in <class:Namespace>'
workers-1  | /opt/.gem/gems/resque-2.0.0/lib/resque/data_store.rb:231:in `get_worker_payload'
workers-1  | /opt/.gem/gems/resque-2.0.0/lib/resque/worker.rb:752:in `job'
workers-1  | /opt/.gem/gems/resque-2.0.0/lib/resque/worker.rb:670:in `unregister_worker'
workers-1  | /opt/.gem/gems/resque-2.0.0/lib/resque/worker.rb:250:in `rescue in work'
workers-1  | /opt/.gem/gems/resque-2.0.0/lib/resque/worker.rb:231:in `work'
workers-1  | /opt/.gem/gems/resque-2.0.0/lib/resque/tasks.rb:20:in `block (2 levels) in <top (required)>'
workers-1  | 
workers-1  | Caused by:
workers-1  | Redis::CommandError: NOAUTH Authentication required.
workers-1  | /opt/.gem/gems/redis-4.1.4/lib/redis/client.rb:126:in `call'
workers-1  | /opt/.gem/gems/redis-4.1.4/lib/redis.rb:2216:in `block in hdel'
workers-1  | /opt/.gem/gems/redis-4.1.4/lib/redis.rb:51:in `block in synchronize'
workers-1  | /opt/.gem/gems/redis-4.1.4/lib/redis.rb:51:in `synchronize'
workers-1  | /opt/.gem/gems/redis-4.1.4/lib/redis.rb:2215:in `hdel'
workers-1  | /opt/.gem/gems/redis-namespace-1.7.0/lib/redis/namespace.rb:469:in `call_with_namespace'
workers-1  | /opt/.gem/gems/redis-namespace-1.7.0/lib/redis/namespace.rb:349:in `block (2 levels) in <class:Namespace>'
workers-1  | /opt/.gem/gems/resque-2.0.0/lib/resque/data_store.rb:261:in `remove_heartbeat'
workers-1  | /opt/.gem/gems/resque-2.0.0/lib/resque/worker.rb:475:in `remove_heartbeat'
workers-1  | /opt/.gem/gems/resque-2.0.0/lib/resque/worker.rb:507:in `start_heartbeat'
workers-1  | /opt/.gem/gems/resque-2.0.0/lib/resque/worker.rb:360:in `startup'
workers-1  | /opt/.gem/gems/resque-2.0.0/lib/resque/worker.rb:233:in `work'
workers-1  | /opt/.gem/gems/resque-2.0.0/lib/resque/tasks.rb:20:in `block (2 levels) in <top (required)>'
workers-1  | Tasks: TOP => resque:work
workers-1  | (See full trace by running task with --trace)
workers-1  | Redis::CommandError: NOAUTH Authentication required.
workers-1  | Original Exception (Redis::CommandError): NOAUTH Authentication required.
workers-1  |   /opt/.gem/gems/redis-4.1.4/lib/redis/client.rb:126:in `call'  
workers-1  | /opt/.gem/gems/redis-4.1.4/lib/redis.rb:2216:in `block in hdel'  
workers-1  | /opt/.gem/gems/redis-4.1.4/lib/redis.rb:51:in `block in synchronize'  
workers-1  | /usr/local/ruby-2.7.0/lib/ruby/2.7.0/monitor.rb:202:in `synchronize'  
workers-1  | /usr/local/ruby-2.7.0/lib/ruby/2.7.0/monitor.rb:202:in `mon_synchronize'  
workers-1  | /opt/.gem/gems/redis-4.1.4/lib/redis.rb:51:in `synchronize'  
workers-1  | /opt/.gem/gems/redis-4.1.4/lib/redis.rb:2215:in `hdel'  
workers-1  | /opt/.gem/gems/redis-namespace-1.7.0/lib/redis/namespace.rb:469:in `call_with_namespace'  
workers-1  | /opt/.gem/gems/redis-namespace-1.7.0/lib/redis/namespace.rb:349:in `block (2 levels) in <class:Namespace>'  
workers-1  | /opt/.gem/gems/resque-2.0.0/lib/resque/data_store.rb:261:in `remove_heartbeat'  
workers-1  | /usr/local/ruby-2.7.0/lib/ruby/2.7.0/forwardable.rb:235:in `remove_heartbeat'  
workers-1  | /opt/.gem/gems/resque-2.0.0/lib/resque/worker.rb:475:in `remove_heartbeat'  
workers-1  | /opt/.gem/gems/resque-2.0.0/lib/resque/worker.rb:507:in `start_heartbeat'  
workers-1  | /opt/.gem/gems/resque-2.0.0/lib/resque/worker.rb:360:in `startup'  
workers-1  | /opt/.gem/gems/resque-2.0.0/lib/resque/worker.rb:233:in `work'  
workers-1  | /opt/.gem/gems/resque-2.0.0/lib/resque/tasks.rb:20:in `block (2 levels) in <top (required)>'  
workers-1  | /usr/local/ruby-2.7.0/lib/ruby/gems/2.7.0/gems/rake-13.0.1/lib/rake/task.rb:281:in `block in execute'  
workers-1  | /usr/local/ruby-2.7.0/lib/ruby/gems/2.7.0/gems/rake-13.0.1/lib/rake/task.rb:281:in `each'  
workers-1  | /usr/local/ruby-2.7.0/lib/ruby/gems/2.7.0/gems/rake-13.0.1/lib/rake/task.rb:281:in `execute'  
workers-1  | /usr/local/ruby-2.7.0/lib/ruby/gems/2.7.0/gems/rake-13.0.1/lib/rake/task.rb:219:in `block in invoke_with_call_chain'  
workers-1  | /usr/local/ruby-2.7.0/lib/ruby/gems/2.7.0/gems/rake-13.0.1/lib/rake/task.rb:199:in `synchronize'  
workers-1  | /usr/local/ruby-2.7.0/lib/ruby/gems/2.7.0/gems/rake-13.0.1/lib/rake/task.rb:199:in `invoke_with_call_chain'  
workers-1  | /usr/local/ruby-2.7.0/lib/ruby/gems/2.7.0/gems/rake-13.0.1/lib/rake/task.rb:188:in `invoke'  
workers-1  | /usr/local/ruby-2.7.0/lib/ruby/gems/2.7.0/gems/rake-13.0.1/lib/rake/application.rb:160:in `invoke_task'  
workers-1  | /usr/local/ruby-2.7.0/lib/ruby/gems/2.7.0/gems/rake-13.0.1/lib/rake/application.rb:116:in `block (2 levels) in top_level'  
workers-1  | /usr/local/ruby-2.7.0/lib/ruby/gems/2.7.0/gems/rake-13.0.1/lib/rake/application.rb:116:in `each'  
workers-1  | /usr/local/ruby-2.7.0/lib/ruby/gems/2.7.0/gems/rake-13.0.1/lib/rake/application.rb:116:in `block in top_level'  
workers-1  | /usr/local/ruby-2.7.0/lib/ruby/gems/2.7.0/gems/rake-13.0.1/lib/rake/application.rb:125:in `run_with_threads'  
workers-1  | /usr/local/ruby-2.7.0/lib/ruby/gems/2.7.0/gems/rake-13.0.1/lib/rake/application.rb:110:in `top_level'  
workers-1  | /usr/local/ruby-2.7.0/lib/ruby/gems/2.7.0/gems/rake-13.0.1/lib/rake/application.rb:83:in `block in run'  
workers-1  | /usr/local/ruby-2.7.0/lib/ruby/gems/2.7.0/gems/rake-13.0.1/lib/rake/application.rb:186:in `standard_exception_handling'  
workers-1  | /usr/local/ruby-2.7.0/lib/ruby/gems/2.7.0/gems/rake-13.0.1/lib/rake/application.rb:80:in `run'  
workers-1  | /usr/local/ruby-2.7.0/lib/ruby/gems/2.7.0/gems/rake-13.0.1/exe/rake:27:in `<top (required)>'  
workers-1  | /usr/local/ruby-2.7.0/bin/rake:23:in `load'  
workers-1  | /usr/local/ruby-2.7.0/bin/rake:23:in `<main>'
workers-1  | /opt/.gem/gems/redis-4.1.4/lib/redis/client.rb:126:in `call'
workers-1  | /opt/.gem/gems/redis-4.1.4/lib/redis.rb:915:in `block in get'
workers-1  | /opt/.gem/gems/redis-4.1.4/lib/redis.rb:51:in `block in synchronize'
workers-1  | /opt/.gem/gems/redis-4.1.4/lib/redis.rb:51:in `synchronize'
workers-1  | /opt/.gem/gems/redis-4.1.4/lib/redis.rb:914:in `get'
workers-1  | /opt/.gem/gems/redis-namespace-1.7.0/lib/redis/namespace.rb:469:in `call_with_namespace'
workers-1  | /opt/.gem/gems/redis-namespace-1.7.0/lib/redis/namespace.rb:349:in `block (2 levels) in <class:Namespace>'
workers-1  | /opt/.gem/gems/resque-2.0.0/lib/resque/data_store.rb:231:in `get_worker_payload'
workers-1  | /opt/.gem/gems/resque-2.0.0/lib/resque/worker.rb:752:in `job'
workers-1  | /opt/.gem/gems/resque-2.0.0/lib/resque/worker.rb:670:in `unregister_worker'
workers-1  | /opt/.gem/gems/resque-2.0.0/lib/resque/worker.rb:250:in `rescue in work'
workers-1  | /opt/.gem/gems/resque-2.0.0/lib/resque/worker.rb:231:in `work'
workers-1  | /opt/.gem/gems/resque-2.0.0/lib/resque/tasks.rb:20:in `block (2 levels) in <top (required)>'
workers-1  | 
workers-1  | Caused by:
workers-1  | Redis::CommandError: NOAUTH Authentication required.
workers-1  | /opt/.gem/gems/redis-4.1.4/lib/redis/client.rb:126:in `call'
workers-1  | /opt/.gem/gems/redis-4.1.4/lib/redis.rb:915:in `block in get'
workers-1  | /opt/.gem/gems/redis-4.1.4/lib/redis.rb:51:in `block in synchronize'
workers-1  | /opt/.gem/gems/redis-4.1.4/lib/redis.rb:51:in `synchronize'
workers-1  | /opt/.gem/gems/redis-4.1.4/lib/redis.rb:914:in `get'
workers-1  | /opt/.gem/gems/redis-namespace-1.7.0/lib/redis/namespace.rb:469:in `call_with_namespace'
workers-1  | /opt/.gem/gems/redis-namespace-1.7.0/lib/redis/namespace.rb:349:in `block (2 levels) in <class:Namespace>'
workers-1  | /opt/.gem/gems/resque-2.0.0/lib/resque/data_store.rb:231:in `get_worker_payload'
workers-1  | /opt/.gem/gems/resque-2.0.0/lib/resque/worker.rb:752:in `job'
workers-1  | /opt/.gem/gems/resque-2.0.0/lib/resque/worker.rb:670:in `unregister_worker'
workers-1  | /opt/.gem/gems/resque-2.0.0/lib/resque/worker.rb:250:in `rescue in work'
workers-1  | /opt/.gem/gems/resque-2.0.0/lib/resque/worker.rb:231:in `work'
workers-1  | /opt/.gem/gems/resque-2.0.0/lib/resque/tasks.rb:20:in `block (2 levels) in <top (required)>'
workers-1  | 
workers-1  | Caused by:
workers-1  | Redis::CommandError: NOAUTH Authentication required.
workers-1  | /opt/.gem/gems/redis-4.1.4/lib/redis/client.rb:126:in `call'
workers-1  | /opt/.gem/gems/redis-4.1.4/lib/redis.rb:2216:in `block in hdel'
workers-1  | /opt/.gem/gems/redis-4.1.4/lib/redis.rb:51:in `block in synchronize'
workers-1  | /opt/.gem/gems/redis-4.1.4/lib/redis.rb:51:in `synchronize'
workers-1  | /opt/.gem/gems/redis-4.1.4/lib/redis.rb:2215:in `hdel'
workers-1  | /opt/.gem/gems/redis-namespace-1.7.0/lib/redis/namespace.rb:469:in `call_with_namespace'
workers-1  | /opt/.gem/gems/redis-namespace-1.7.0/lib/redis/namespace.rb:349:in `block (2 levels) in <class:Namespace>'
workers-1  | /opt/.gem/gems/resque-2.0.0/lib/resque/data_store.rb:261:in `remove_heartbeat'
workers-1  | /opt/.gem/gems/resque-2.0.0/lib/resque/worker.rb:475:in `remove_heartbeat'
workers-1  | /opt/.gem/gems/resque-2.0.0/lib/resque/worker.rb:507:in `start_heartbeat'
workers-1  | /opt/.gem/gems/resque-2.0.0/lib/resque/worker.rb:360:in `startup'
workers-1  | /opt/.gem/gems/resque-2.0.0/lib/resque/worker.rb:233:in `work'
workers-1  | /opt/.gem/gems/resque-2.0.0/lib/resque/tasks.rb:20:in `block (2 levels) in <top (required)>'
workers-1  | Tasks: TOP => resque:work
workers-1  | (See full trace by running task with --trace)
workers-1  | rake aborted!
workers-1  | Redis::CommandError: NOAUTH Authentication required.
workers-1  | Original Exception (Redis::CommandError): NOAUTH Authentication required.
workers-1  |   /opt/.gem/gems/redis-4.1.4/lib/redis/client.rb:126:in `call'  
workers-1  | /opt/.gem/gems/redis-4.1.4/lib/redis.rb:2216:in `block in hdel'  
workers-1  | /opt/.gem/gems/redis-4.1.4/lib/redis.rb:51:in `block in synchronize'  
workers-1  | /usr/local/ruby-2.7.0/lib/ruby/2.7.0/monitor.rb:202:in `synchronize'  
workers-1  | /usr/local/ruby-2.7.0/lib/ruby/2.7.0/monitor.rb:202:in `mon_synchronize'  
workers-1  | /opt/.gem/gems/redis-4.1.4/lib/redis.rb:51:in `synchronize'  
workers-1  | /opt/.gem/gems/redis-4.1.4/lib/redis.rb:2215:in `hdel'  
workers-1  | /opt/.gem/gems/redis-namespace-1.7.0/lib/redis/namespace.rb:469:in `call_with_namespace'  
workers-1  | /opt/.gem/gems/redis-namespace-1.7.0/lib/redis/namespace.rb:349:in `block (2 levels) in <class:Namespace>'  
workers-1  | /opt/.gem/gems/resque-2.0.0/lib/resque/data_store.rb:261:in `remove_heartbeat'  
workers-1  | /usr/local/ruby-2.7.0/lib/ruby/2.7.0/forwardable.rb:235:in `remove_heartbeat'  
workers-1  | /opt/.gem/gems/resque-2.0.0/lib/resque/worker.rb:475:in `remove_heartbeat'  
workers-1  | /opt/.gem/gems/resque-2.0.0/lib/resque/worker.rb:507:in `start_heartbeat'  
workers-1  | /opt/.gem/gems/resque-2.0.0/lib/resque/worker.rb:360:in `startup'  
workers-1  | /opt/.gem/gems/resque-2.0.0/lib/resque/worker.rb:233:in `work'  
workers-1  | /opt/.gem/gems/resque-2.0.0/lib/resque/tasks.rb:20:in `block (2 levels) in <top (required)>'  
workers-1  | /usr/local/ruby-2.7.0/lib/ruby/gems/2.7.0/gems/rake-13.0.1/lib/rake/task.rb:281:in `block in execute'  
workers-1  | /usr/local/ruby-2.7.0/lib/ruby/gems/2.7.0/gems/rake-13.0.1/lib/rake/task.rb:281:in `each'  
workers-1  | /usr/local/ruby-2.7.0/lib/ruby/gems/2.7.0/gems/rake-13.0.1/lib/rake/task.rb:281:in `execute'  
workers-1  | /usr/local/ruby-2.7.0/lib/ruby/gems/2.7.0/gems/rake-13.0.1/lib/rake/task.rb:219:in `block in invoke_with_call_chain'  
workers-1  | /usr/local/ruby-2.7.0/lib/ruby/gems/2.7.0/gems/rake-13.0.1/lib/rake/task.rb:199:in `synchronize'  
workers-1  | /usr/local/ruby-2.7.0/lib/ruby/gems/2.7.0/gems/rake-13.0.1/lib/rake/task.rb:199:in `invoke_with_call_chain'  
workers-1  | /usr/local/ruby-2.7.0/lib/ruby/gems/2.7.0/gems/rake-13.0.1/lib/rake/task.rb:188:in `invoke'  
workers-1  | /usr/local/ruby-2.7.0/lib/ruby/gems/2.7.0/gems/rake-13.0.1/lib/rake/application.rb:160:in `invoke_task'  
workers-1  | /usr/local/ruby-2.7.0/lib/ruby/gems/2.7.0/gems/rake-13.0.1/lib/rake/application.rb:116:in `block (2 levels) in top_level'  
workers-1  | /usr/local/ruby-2.7.0/lib/ruby/gems/2.7.0/gems/rake-13.0.1/lib/rake/application.rb:116:in `each'  
workers-1  | /usr/local/ruby-2.7.0/lib/ruby/gems/2.7.0/gems/rake-13.0.1/lib/rake/application.rb:116:in `block in top_level'  
workers-1  | /usr/local/ruby-2.7.0/lib/ruby/gems/2.7.0/gems/rake-13.0.1/lib/rake/application.rb:125:in `run_with_threads'  
workers-1  | /usr/local/ruby-2.7.0/lib/ruby/gems/2.7.0/gems/rake-13.0.1/lib/rake/application.rb:110:in `top_level'  
workers-1  | /usr/local/ruby-2.7.0/lib/ruby/gems/2.7.0/gems/rake-13.0.1/lib/rake/application.rb:83:in `block in run'  
workers-1  | /usr/local/ruby-2.7.0/lib/ruby/gems/2.7.0/gems/rake-13.0.1/lib/rake/application.rb:186:in `standard_exception_handling'  
workers-1  | /usr/local/ruby-2.7.0/lib/ruby/gems/2.7.0/gems/rake-13.0.1/lib/rake/application.rb:80:in `run'  
workers-1  | /usr/local/ruby-2.7.0/lib/ruby/gems/2.7.0/gems/rake-13.0.1/exe/rake:27:in `<top (required)>'  
workers-1  | /usr/local/ruby-2.7.0/bin/rake:23:in `load'  
workers-1  | /usr/local/ruby-2.7.0/bin/rake:23:in `<main>'
workers-1  | /opt/.gem/gems/redis-4.1.4/lib/redis/client.rb:126:in `call'
workers-1  | /opt/.gem/gems/redis-4.1.4/lib/redis.rb:915:in `block in get'
workers-1  | /opt/.gem/gems/redis-4.1.4/lib/redis.rb:51:in `block in synchronize'
workers-1  | /opt/.gem/gems/redis-4.1.4/lib/redis.rb:51:in `synchronize'
workers-1  | /opt/.gem/gems/redis-4.1.4/lib/redis.rb:914:in `get'
workers-1  | /opt/.gem/gems/redis-namespace-1.7.0/lib/redis/namespace.rb:469:in `call_with_namespace'
workers-1  | /opt/.gem/gems/redis-namespace-1.7.0/lib/redis/namespace.rb:349:in `block (2 levels) in <class:Namespace>'
workers-1  | /opt/.gem/gems/resque-2.0.0/lib/resque/data_store.rb:231:in `get_worker_payload'
workers-1  | /opt/.gem/gems/resque-2.0.0/lib/resque/worker.rb:752:in `job'
workers-1  | /opt/.gem/gems/resque-2.0.0/lib/resque/worker.rb:670:in `unregister_worker'
workers-1  | /opt/.gem/gems/resque-2.0.0/lib/resque/worker.rb:250:in `rescue in work'
workers-1  | /opt/.gem/gems/resque-2.0.0/lib/resque/worker.rb:231:in `work'
workers-1  | /opt/.gem/gems/resque-2.0.0/lib/resque/tasks.rb:20:in `block (2 levels) in <top (required)>'
workers-1  | 
workers-1  | Caused by:
workers-1  | Redis::CommandError: NOAUTH Authentication required.
workers-1  | /opt/.gem/gems/redis-4.1.4/lib/redis/client.rb:126:in `call'
workers-1  | /opt/.gem/gems/redis-4.1.4/lib/redis.rb:915:in `block in get'
workers-1  | /opt/.gem/gems/redis-4.1.4/lib/redis.rb:51:in `block in synchronize'
workers-1  | /opt/.gem/gems/redis-4.1.4/lib/redis.rb:51:in `synchronize'
workers-1  | /opt/.gem/gems/redis-4.1.4/lib/redis.rb:914:in `get'
workers-1  | /opt/.gem/gems/redis-namespace-1.7.0/lib/redis/namespace.rb:469:in `call_with_namespace'
workers-1  | /opt/.gem/gems/redis-namespace-1.7.0/lib/redis/namespace.rb:349:in `block (2 levels) in <class:Namespace>'
workers-1  | /opt/.gem/gems/resque-2.0.0/lib/resque/data_store.rb:231:in `get_worker_payload'
workers-1  | /opt/.gem/gems/resque-2.0.0/lib/resque/worker.rb:752:in `job'
workers-1  | /opt/.gem/gems/resque-2.0.0/lib/resque/worker.rb:670:in `unregister_worker'
workers-1  | /opt/.gem/gems/resque-2.0.0/lib/resque/worker.rb:250:in `rescue in work'
workers-1  | /opt/.gem/gems/resque-2.0.0/lib/resque/worker.rb:231:in `work'
workers-1  | /opt/.gem/gems/resque-2.0.0/lib/resque/tasks.rb:20:in `block (2 levels) in <top (required)>'
workers-1  | 
workers-1  | Caused by:
workers-1  | Redis::CommandError: NOAUTH Authentication required.
workers-1  | /opt/.gem/gems/redis-4.1.4/lib/redis/client.rb:126:in `call'
workers-1  | /opt/.gem/gems/redis-4.1.4/lib/redis.rb:2216:in `block in hdel'
workers-1  | /opt/.gem/gems/redis-4.1.4/lib/redis.rb:51:in `block in synchronize'
workers-1  | /opt/.gem/gems/redis-4.1.4/lib/redis.rb:51:in `synchronize'
workers-1  | /opt/.gem/gems/redis-4.1.4/lib/redis.rb:2215:in `hdel'
workers-1  | /opt/.gem/gems/redis-namespace-1.7.0/lib/redis/namespace.rb:469:in `call_with_namespace'
workers-1  | /opt/.gem/gems/redis-namespace-1.7.0/lib/redis/namespace.rb:349:in `block (2 levels) in <class:Namespace>'
workers-1  | /opt/.gem/gems/resque-2.0.0/lib/resque/data_store.rb:261:in `remove_heartbeat'
workers-1  | /opt/.gem/gems/resque-2.0.0/lib/resque/worker.rb:475:in `remove_heartbeat'
workers-1  | /opt/.gem/gems/resque-2.0.0/lib/resque/worker.rb:507:in `start_heartbeat'
workers-1  | /opt/.gem/gems/resque-2.0.0/lib/resque/worker.rb:360:in `startup'
workers-1  | /opt/.gem/gems/resque-2.0.0/lib/resque/worker.rb:233:in `work'
workers-1  | /opt/.gem/gems/resque-2.0.0/lib/resque/tasks.rb:20:in `block (2 levels) in <top (required)>'
workers-1  | Tasks: TOP => resque:work
workers-1  | (See full trace by running task with --trace)
workers-1  | rake aborted!
workers-1  | Redis::CommandError: NOAUTH Authentication required.
workers-1  | Original Exception (Redis::CommandError): NOAUTH Authentication required.
workers-1  |   /opt/.gem/gems/redis-4.1.4/lib/redis/client.rb:126:in `call'  
workers-1  | /opt/.gem/gems/redis-4.1.4/lib/redis.rb:2216:in `block in hdel'  
workers-1  | /opt/.gem/gems/redis-4.1.4/lib/redis.rb:51:in `block in synchronize'  
workers-1  | /usr/local/ruby-2.7.0/lib/ruby/2.7.0/monitor.rb:202:in `synchronize'  
workers-1  | /usr/local/ruby-2.7.0/lib/ruby/2.7.0/monitor.rb:202:in `mon_synchronize'  
workers-1  | /opt/.gem/gems/redis-4.1.4/lib/redis.rb:51:in `synchronize'  
workers-1  | /opt/.gem/gems/redis-4.1.4/lib/redis.rb:2215:in `hdel'  
workers-1  | /opt/.gem/gems/redis-namespace-1.7.0/lib/redis/namespace.rb:469:in `call_with_namespace'  
workers-1  | /opt/.gem/gems/redis-namespace-1.7.0/lib/redis/namespace.rb:349:in `block (2 levels) in <class:Namespace>'  
workers-1  | /opt/.gem/gems/resque-2.0.0/lib/resque/data_store.rb:261:in `remove_heartbeat'  
workers-1  | /usr/local/ruby-2.7.0/lib/ruby/2.7.0/forwardable.rb:235:in `remove_heartbeat'  
workers-1  | /opt/.gem/gems/resque-2.0.0/lib/resque/worker.rb:475:in `remove_heartbeat'  
workers-1  | /opt/.gem/gems/resque-2.0.0/lib/resque/worker.rb:507:in `start_heartbeat'  
workers-1  | /opt/.gem/gems/resque-2.0.0/lib/resque/worker.rb:360:in `startup'  
workers-1  | /opt/.gem/gems/resque-2.0.0/lib/resque/worker.rb:233:in `work'  
workers-1  | /opt/.gem/gems/resque-2.0.0/lib/resque/tasks.rb:20:in `block (2 levels) in <top (required)>'  
workers-1  | /usr/local/ruby-2.7.0/lib/ruby/gems/2.7.0/gems/rake-13.0.1/lib/rake/task.rb:281:in `block in execute'  
workers-1  | /usr/local/ruby-2.7.0/lib/ruby/gems/2.7.0/gems/rake-13.0.1/lib/rake/task.rb:281:in `each'  
workers-1  | /usr/local/ruby-2.7.0/lib/ruby/gems/2.7.0/gems/rake-13.0.1/lib/rake/task.rb:281:in `execute'  
workers-1  | /usr/local/ruby-2.7.0/lib/ruby/gems/2.7.0/gems/rake-13.0.1/lib/rake/task.rb:219:in `block in invoke_with_call_chain'  
workers-1  | /usr/local/ruby-2.7.0/lib/ruby/gems/2.7.0/gems/rake-13.0.1/lib/rake/task.rb:199:in `synchronize'  
workers-1  | /usr/local/ruby-2.7.0/lib/ruby/gems/2.7.0/gems/rake-13.0.1/lib/rake/task.rb:199:in `invoke_with_call_chain'  
workers-1  | /usr/local/ruby-2.7.0/lib/ruby/gems/2.7.0/gems/rake-13.0.1/lib/rake/task.rb:188:in `invoke'  
workers-1  | /usr/local/ruby-2.7.0/lib/ruby/gems/2.7.0/gems/rake-13.0.1/lib/rake/application.rb:160:in `invoke_task'  
workers-1  | /usr/local/ruby-2.7.0/lib/ruby/gems/2.7.0/gems/rake-13.0.1/lib/rake/application.rb:116:in `block (2 levels) in top_level'  
workers-1  | /usr/local/ruby-2.7.0/lib/ruby/gems/2.7.0/gems/rake-13.0.1/lib/rake/application.rb:116:in `each'  
workers-1  | /usr/local/ruby-2.7.0/lib/ruby/gems/2.7.0/gems/rake-13.0.1/lib/rake/application.rb:116:in `block in top_level'  
workers-1  | /usr/local/ruby-2.7.0/lib/ruby/gems/2.7.0/gems/rake-13.0.1/lib/rake/application.rb:125:in `run_with_threads'  
workers-1  | /usr/local/ruby-2.7.0/lib/ruby/gems/2.7.0/gems/rake-13.0.1/lib/rake/application.rb:110:in `top_level'  
workers-1  | /usr/local/ruby-2.7.0/lib/ruby/gems/2.7.0/gems/rake-13.0.1/lib/rake/application.rb:83:in `block in run'  
workers-1  | /usr/local/ruby-2.7.0/lib/ruby/gems/2.7.0/gems/rake-13.0.1/lib/rake/application.rb:186:in `standard_exception_handling'  
workers-1  | /usr/local/ruby-2.7.0/lib/ruby/gems/2.7.0/gems/rake-13.0.1/lib/rake/application.rb:80:in `run'  
workers-1  | /usr/local/ruby-2.7.0/lib/ruby/gems/2.7.0/gems/rake-13.0.1/exe/rake:27:in `<top (required)>'  
workers-1  | /usr/local/ruby-2.7.0/bin/rake:23:in `load'  
workers-1  | /usr/local/ruby-2.7.0/bin/rake:23:in `<main>'
workers-1  | /opt/.gem/gems/redis-4.1.4/lib/redis/client.rb:126:in `call'
workers-1  | /opt/.gem/gems/redis-4.1.4/lib/redis.rb:915:in `block in get'
workers-1  | /opt/.gem/gems/redis-4.1.4/lib/redis.rb:51:in `block in synchronize'
workers-1  | /opt/.gem/gems/redis-4.1.4/lib/redis.rb:51:in `synchronize'
workers-1  | /opt/.gem/gems/redis-4.1.4/lib/redis.rb:914:in `get'
workers-1  | /opt/.gem/gems/redis-namespace-1.7.0/lib/redis/namespace.rb:469:in `call_with_namespace'
workers-1  | /opt/.gem/gems/redis-namespace-1.7.0/lib/redis/namespace.rb:349:in `block (2 levels) in <class:Namespace>'
workers-1  | /opt/.gem/gems/resque-2.0.0/lib/resque/data_store.rb:231:in `get_worker_payload'
workers-1  | /opt/.gem/gems/resque-2.0.0/lib/resque/worker.rb:752:in `job'
workers-1  | /opt/.gem/gems/resque-2.0.0/lib/resque/worker.rb:670:in `unregister_worker'
workers-1  | /opt/.gem/gems/resque-2.0.0/lib/resque/worker.rb:250:in `rescue in work'
workers-1  | /opt/.gem/gems/resque-2.0.0/lib/resque/worker.rb:231:in `work'
workers-1  | /opt/.gem/gems/resque-2.0.0/lib/resque/tasks.rb:20:in `block (2 levels) in <top (required)>'
workers-1  | 
workers-1  | Caused by:
workers-1  | Redis::CommandError: NOAUTH Authentication required.
workers-1  | /opt/.gem/gems/redis-4.1.4/lib/redis/client.rb:126:in `call'
workers-1  | /opt/.gem/gems/redis-4.1.4/lib/redis.rb:915:in `block in get'
workers-1  | /opt/.gem/gems/redis-4.1.4/lib/redis.rb:51:in `block in synchronize'
workers-1  | /opt/.gem/gems/redis-4.1.4/lib/redis.rb:51:in `synchronize'
workers-1  | /opt/.gem/gems/redis-4.1.4/lib/redis.rb:914:in `get'
workers-1  | /opt/.gem/gems/redis-namespace-1.7.0/lib/redis/namespace.rb:469:in `call_with_namespace'
workers-1  | /opt/.gem/gems/redis-namespace-1.7.0/lib/redis/namespace.rb:349:in `block (2 levels) in <class:Namespace>'
workers-1  | /opt/.gem/gems/resque-2.0.0/lib/resque/data_store.rb:231:in `get_worker_payload'
workers-1  | /opt/.gem/gems/resque-2.0.0/lib/resque/worker.rb:752:in `job'
workers-1  | /opt/.gem/gems/resque-2.0.0/lib/resque/worker.rb:670:in `unregister_worker'
workers-1  | /opt/.gem/gems/resque-2.0.0/lib/resque/worker.rb:250:in `rescue in work'
workers-1  | /opt/.gem/gems/resque-2.0.0/lib/resque/worker.rb:231:in `work'
workers-1  | /opt/.gem/gems/resque-2.0.0/lib/resque/tasks.rb:20:in `block (2 levels) in <top (required)>'
workers-1  | 
workers-1  | Caused by:
workers-1  | Redis::CommandError: NOAUTH Authentication required.
workers-1  | /opt/.gem/gems/redis-4.1.4/lib/redis/client.rb:126:in `call'
workers-1  | /opt/.gem/gems/redis-4.1.4/lib/redis.rb:2216:in `block in hdel'
workers-1  | /opt/.gem/gems/redis-4.1.4/lib/redis.rb:51:in `block in synchronize'
workers-1  | /opt/.gem/gems/redis-4.1.4/lib/redis.rb:51:in `synchronize'
workers-1  | /opt/.gem/gems/redis-4.1.4/lib/redis.rb:2215:in `hdel'
workers-1  | /opt/.gem/gems/redis-namespace-1.7.0/lib/redis/namespace.rb:469:in `call_with_namespace'
workers-1  | /opt/.gem/gems/redis-namespace-1.7.0/lib/redis/namespace.rb:349:in `block (2 levels) in <class:Namespace>'
workers-1  | /opt/.gem/gems/resque-2.0.0/lib/resque/data_store.rb:261:in `remove_heartbeat'
workers-1  | /opt/.gem/gems/resque-2.0.0/lib/resque/worker.rb:475:in `remove_heartbeat'
workers-1  | /opt/.gem/gems/resque-2.0.0/lib/resque/worker.rb:507:in `start_heartbeat'
workers-1  | /opt/.gem/gems/resque-2.0.0/lib/resque/worker.rb:360:in `startup'
workers-1  | /opt/.gem/gems/resque-2.0.0/lib/resque/worker.rb:233:in `work'
workers-1  | /opt/.gem/gems/resque-2.0.0/lib/resque/tasks.rb:20:in `block (2 levels) in <top (required)>'
workers-1  | Tasks: TOP => resque:work
workers-1  | (See full trace by running task with --trace)
workers-1  | rake aborted!
workers-1  | Redis::CommandError: NOAUTH Authentication required.
workers-1  | Original Exception (Redis::CommandError): NOAUTH Authentication required.
workers-1  |   /opt/.gem/gems/redis-4.1.4/lib/redis/client.rb:126:in `call'  
workers-1  | /opt/.gem/gems/redis-4.1.4/lib/redis.rb:2216:in `block in hdel'  
workers-1  | /opt/.gem/gems/redis-4.1.4/lib/redis.rb:51:in `block in synchronize'  
workers-1  | /usr/local/ruby-2.7.0/lib/ruby/2.7.0/monitor.rb:202:in `synchronize'  
workers-1  | /usr/local/ruby-2.7.0/lib/ruby/2.7.0/monitor.rb:202:in `mon_synchronize'  
workers-1  | /opt/.gem/gems/redis-4.1.4/lib/redis.rb:51:in `synchronize'  
workers-1  | /opt/.gem/gems/redis-4.1.4/lib/redis.rb:2215:in `hdel'  
workers-1  | /opt/.gem/gems/redis-namespace-1.7.0/lib/redis/namespace.rb:469:in `call_with_namespace'  
workers-1  | /opt/.gem/gems/redis-namespace-1.7.0/lib/redis/namespace.rb:349:in `block (2 levels) in <class:Namespace>'  
workers-1  | /opt/.gem/gems/resque-2.0.0/lib/resque/data_store.rb:261:in `remove_heartbeat'  
workers-1  | /usr/local/ruby-2.7.0/lib/ruby/2.7.0/forwardable.rb:235:in `remove_heartbeat'  
workers-1  | /opt/.gem/gems/resque-2.0.0/lib/resque/worker.rb:475:in `remove_heartbeat'  
workers-1  | /opt/.gem/gems/resque-2.0.0/lib/resque/worker.rb:507:in `start_heartbeat'  
workers-1  | /opt/.gem/gems/resque-2.0.0/lib/resque/worker.rb:360:in `startup'  
workers-1  | /opt/.gem/gems/resque-2.0.0/lib/resque/worker.rb:233:in `work'  
workers-1  | /opt/.gem/gems/resque-2.0.0/lib/resque/tasks.rb:20:in `block (2 levels) in <top (required)>'  
workers-1  | /usr/local/ruby-2.7.0/lib/ruby/gems/2.7.0/gems/rake-13.0.1/lib/rake/task.rb:281:in `block in execute'  
workers-1  | /usr/local/ruby-2.7.0/lib/ruby/gems/2.7.0/gems/rake-13.0.1/lib/rake/task.rb:281:in `each'  
workers-1  | /usr/local/ruby-2.7.0/lib/ruby/gems/2.7.0/gems/rake-13.0.1/lib/rake/task.rb:281:in `execute'  
workers-1  | /usr/local/ruby-2.7.0/lib/ruby/gems/2.7.0/gems/rake-13.0.1/lib/rake/task.rb:219:in `block in invoke_with_call_chain'  
workers-1  | /usr/local/ruby-2.7.0/lib/ruby/gems/2.7.0/gems/rake-13.0.1/lib/rake/task.rb:199:in `synchronize'  
workers-1  | /usr/local/ruby-2.7.0/lib/ruby/gems/2.7.0/gems/rake-13.0.1/lib/rake/task.rb:199:in `invoke_with_call_chain'  
workers-1  | /usr/local/ruby-2.7.0/lib/ruby/gems/2.7.0/gems/rake-13.0.1/lib/rake/task.rb:188:in `invoke'  
workers-1  | /usr/local/ruby-2.7.0/lib/ruby/gems/2.7.0/gems/rake-13.0.1/lib/rake/application.rb:160:in `invoke_task'  
workers-1  | /usr/local/ruby-2.7.0/lib/ruby/gems/2.7.0/gems/rake-13.0.1/lib/rake/application.rb:116:in `block (2 levels) in top_level'  
workers-1  | /usr/local/ruby-2.7.0/lib/ruby/gems/2.7.0/gems/rake-13.0.1/lib/rake/application.rb:116:in `each'  
workers-1  | /usr/local/ruby-2.7.0/lib/ruby/gems/2.7.0/gems/rake-13.0.1/lib/rake/application.rb:116:in `block in top_level'  
workers-1  | /usr/local/ruby-2.7.0/lib/ruby/gems/2.7.0/gems/rake-13.0.1/lib/rake/application.rb:125:in `run_with_threads'  
workers-1  | /usr/local/ruby-2.7.0/lib/ruby/gems/2.7.0/gems/rake-13.0.1/lib/rake/application.rb:110:in `top_level'  
workers-1  | /usr/local/ruby-2.7.0/lib/ruby/gems/2.7.0/gems/rake-13.0.1/lib/rake/application.rb:83:in `block in run'  
workers-1  | /usr/local/ruby-2.7.0/lib/ruby/gems/2.7.0/gems/rake-13.0.1/lib/rake/application.rb:186:in `standard_exception_handling'  
workers-1  | /usr/local/ruby-2.7.0/lib/ruby/gems/2.7.0/gems/rake-13.0.1/lib/rake/application.rb:80:in `run'  
workers-1  | /usr/local/ruby-2.7.0/lib/ruby/gems/2.7.0/gems/rake-13.0.1/exe/rake:27:in `<top (required)>'  
workers-1  | /usr/local/ruby-2.7.0/bin/rake:23:in `load'  
workers-1  | /usr/local/ruby-2.7.0/bin/rake:23:in `<main>'
workers-1  | /opt/.gem/gems/redis-4.1.4/lib/redis/client.rb:126:in `call'
workers-1  | /opt/.gem/gems/redis-4.1.4/lib/redis.rb:915:in `block in get'
workers-1  | /opt/.gem/gems/redis-4.1.4/lib/redis.rb:51:in `block in synchronize'
workers-1  | /opt/.gem/gems/redis-4.1.4/lib/redis.rb:51:in `synchronize'
workers-1  | /opt/.gem/gems/redis-4.1.4/lib/redis.rb:914:in `get'
workers-1  | /opt/.gem/gems/redis-namespace-1.7.0/lib/redis/namespace.rb:469:in `call_with_namespace'
workers-1  | /opt/.gem/gems/redis-namespace-1.7.0/lib/redis/namespace.rb:349:in `block (2 levels) in <class:Namespace>'
workers-1  | /opt/.gem/gems/resque-2.0.0/lib/resque/data_store.rb:231:in `get_worker_payload'
workers-1  | /opt/.gem/gems/resque-2.0.0/lib/resque/worker.rb:752:in `job'
workers-1  | /opt/.gem/gems/resque-2.0.0/lib/resque/worker.rb:670:in `unregister_worker'
workers-1  | /opt/.gem/gems/resque-2.0.0/lib/resque/worker.rb:250:in `rescue in work'
workers-1  | /opt/.gem/gems/resque-2.0.0/lib/resque/worker.rb:231:in `work'
workers-1  | /opt/.gem/gems/resque-2.0.0/lib/resque/tasks.rb:20:in `block (2 levels) in <top (required)>'
workers-1  | 
workers-1  | Caused by:
workers-1  | Redis::CommandError: NOAUTH Authentication required.
workers-1  | /opt/.gem/gems/redis-4.1.4/lib/redis/client.rb:126:in `call'
workers-1  | /opt/.gem/gems/redis-4.1.4/lib/redis.rb:915:in `block in get'
workers-1  | /opt/.gem/gems/redis-4.1.4/lib/redis.rb:51:in `block in synchronize'
workers-1  | /opt/.gem/gems/redis-4.1.4/lib/redis.rb:51:in `synchronize'
workers-1  | /opt/.gem/gems/redis-4.1.4/lib/redis.rb:914:in `get'
workers-1  | /opt/.gem/gems/redis-namespace-1.7.0/lib/redis/namespace.rb:469:in `call_with_namespace'
workers-1  | /opt/.gem/gems/redis-namespace-1.7.0/lib/redis/namespace.rb:349:in `block (2 levels) in <class:Namespace>'
workers-1  | /opt/.gem/gems/resque-2.0.0/lib/resque/data_store.rb:231:in `get_worker_payload'
workers-1  | /opt/.gem/gems/resque-2.0.0/lib/resque/worker.rb:752:in `job'
workers-1  | /opt/.gem/gems/resque-2.0.0/lib/resque/worker.rb:670:in `unregister_worker'
workers-1  | /opt/.gem/gems/resque-2.0.0/lib/resque/worker.rb:250:in `rescue in work'
workers-1  | /opt/.gem/gems/resque-2.0.0/lib/resque/worker.rb:231:in `work'
workers-1  | /opt/.gem/gems/resque-2.0.0/lib/resque/tasks.rb:20:in `block (2 levels) in <top (required)>'
workers-1  | 
workers-1  | Caused by:
workers-1  | Redis::CommandError: NOAUTH Authentication required.
workers-1  | /opt/.gem/gems/redis-4.1.4/lib/redis/client.rb:126:in `call'
workers-1  | /opt/.gem/gems/redis-4.1.4/lib/redis.rb:2216:in `block in hdel'
workers-1  | /opt/.gem/gems/redis-4.1.4/lib/redis.rb:51:in `block in synchronize'
workers-1  | /opt/.gem/gems/redis-4.1.4/lib/redis.rb:51:in `synchronize'
workers-1  | /opt/.gem/gems/redis-4.1.4/lib/redis.rb:2215:in `hdel'
workers-1  | /opt/.gem/gems/redis-namespace-1.7.0/lib/redis/namespace.rb:469:in `call_with_namespace'
workers-1  | /opt/.gem/gems/redis-namespace-1.7.0/lib/redis/namespace.rb:349:in `block (2 levels) in <class:Namespace>'
workers-1  | /opt/.gem/gems/resque-2.0.0/lib/resque/data_store.rb:261:in `remove_heartbeat'
workers-1  | /opt/.gem/gems/resque-2.0.0/lib/resque/worker.rb:475:in `remove_heartbeat'
workers-1  | /opt/.gem/gems/resque-2.0.0/lib/resque/worker.rb:507:in `start_heartbeat'
workers-1  | /opt/.gem/gems/resque-2.0.0/lib/resque/worker.rb:360:in `startup'
workers-1  | /opt/.gem/gems/resque-2.0.0/lib/resque/worker.rb:233:in `work'
workers-1  | /opt/.gem/gems/resque-2.0.0/lib/resque/tasks.rb:20:in `block (2 levels) in <top (required)>'
workers-1  | Tasks: TOP => resque:work
workers-1  | (See full trace by running task with --trace)
workers-1  | rake aborted!
workers-1  | Redis::CommandError: NOAUTH Authentication required.
workers-1  | Original Exception (Redis::CommandError): NOAUTH Authentication required.
workers-1  |   /opt/.gem/gems/redis-4.1.4/lib/redis/client.rb:126:in `call'  
workers-1  | /opt/.gem/gems/redis-4.1.4/lib/redis.rb:2216:in `block in hdel'  
workers-1  | /opt/.gem/gems/redis-4.1.4/lib/redis.rb:51:in `block in synchronize'  
workers-1  | /usr/local/ruby-2.7.0/lib/ruby/2.7.0/monitor.rb:202:in `synchronize'  
workers-1  | /usr/local/ruby-2.7.0/lib/ruby/2.7.0/monitor.rb:202:in `mon_synchronize'  
workers-1  | /opt/.gem/gems/redis-4.1.4/lib/redis.rb:51:in `synchronize'  
workers-1  | /opt/.gem/gems/redis-4.1.4/lib/redis.rb:2215:in `hdel'  
workers-1  | /opt/.gem/gems/redis-namespace-1.7.0/lib/redis/namespace.rb:469:in `call_with_namespace'  
workers-1  | /opt/.gem/gems/redis-namespace-1.7.0/lib/redis/namespace.rb:349:in `block (2 levels) in <class:Namespace>'  
workers-1  | /opt/.gem/gems/resque-2.0.0/lib/resque/data_store.rb:261:in `remove_heartbeat'  
workers-1  | /usr/local/ruby-2.7.0/lib/ruby/2.7.0/forwardable.rb:235:in `remove_heartbeat'  
workers-1  | /opt/.gem/gems/resque-2.0.0/lib/resque/worker.rb:475:in `remove_heartbeat'  
workers-1  | /opt/.gem/gems/resque-2.0.0/lib/resque/worker.rb:507:in `start_heartbeat'  
workers-1  | /opt/.gem/gems/resque-2.0.0/lib/resque/worker.rb:360:in `startup'  
workers-1  | /opt/.gem/gems/resque-2.0.0/lib/resque/worker.rb:233:in `work'  
workers-1  | /opt/.gem/gems/resque-2.0.0/lib/resque/tasks.rb:20:in `block (2 levels) in <top (required)>'  
workers-1  | /usr/local/ruby-2.7.0/lib/ruby/gems/2.7.0/gems/rake-13.0.1/lib/rake/task.rb:281:in `block in execute'  
workers-1  | /usr/local/ruby-2.7.0/lib/ruby/gems/2.7.0/gems/rake-13.0.1/lib/rake/task.rb:281:in `each'  
workers-1  | /usr/local/ruby-2.7.0/lib/ruby/gems/2.7.0/gems/rake-13.0.1/lib/rake/task.rb:281:in `execute'  
workers-1  | /usr/local/ruby-2.7.0/lib/ruby/gems/2.7.0/gems/rake-13.0.1/lib/rake/task.rb:219:in `block in invoke_with_call_chain'  
workers-1  | /usr/local/ruby-2.7.0/lib/ruby/gems/2.7.0/gems/rake-13.0.1/lib/rake/task.rb:199:in `synchronize'  
workers-1  | /usr/local/ruby-2.7.0/lib/ruby/gems/2.7.0/gems/rake-13.0.1/lib/rake/task.rb:199:in `invoke_with_call_chain'  
workers-1  | /usr/local/ruby-2.7.0/lib/ruby/gems/2.7.0/gems/rake-13.0.1/lib/rake/task.rb:188:in `invoke'  
workers-1  | /usr/local/ruby-2.7.0/lib/ruby/gems/2.7.0/gems/rake-13.0.1/lib/rake/application.rb:160:in `invoke_task'  
workers-1  | /usr/local/ruby-2.7.0/lib/ruby/gems/2.7.0/gems/rake-13.0.1/lib/rake/application.rb:116:in `block (2 levels) in top_level'  
workers-1  | /usr/local/ruby-2.7.0/lib/ruby/gems/2.7.0/gems/rake-13.0.1/lib/rake/application.rb:116:in `each'  
workers-1  | /usr/local/ruby-2.7.0/lib/ruby/gems/2.7.0/gems/rake-13.0.1/lib/rake/application.rb:116:in `block in top_level'  
workers-1  | /usr/local/ruby-2.7.0/lib/ruby/gems/2.7.0/gems/rake-13.0.1/lib/rake/application.rb:125:in `run_with_threads'  
workers-1  | /usr/local/ruby-2.7.0/lib/ruby/gems/2.7.0/gems/rake-13.0.1/lib/rake/application.rb:110:in `top_level'  
workers-1  | /usr/local/ruby-2.7.0/lib/ruby/gems/2.7.0/gems/rake-13.0.1/lib/rake/application.rb:83:in `block in run'  
workers-1  | /usr/local/ruby-2.7.0/lib/ruby/gems/2.7.0/gems/rake-13.0.1/lib/rake/application.rb:186:in `standard_exception_handling'  
workers-1  | /usr/local/ruby-2.7.0/lib/ruby/gems/2.7.0/gems/rake-13.0.1/lib/rake/application.rb:80:in `run'  
workers-1  | /usr/local/ruby-2.7.0/lib/ruby/gems/2.7.0/gems/rake-13.0.1/exe/rake:27:in `<top (required)>'  
workers-1  | /usr/local/ruby-2.7.0/bin/rake:23:in `load'  
workers-1  | /usr/local/ruby-2.7.0/bin/rake:23:in `<main>'
workers-1  | /opt/.gem/gems/redis-4.1.4/lib/redis/client.rb:126:in `call'
workers-1  | /opt/.gem/gems/redis-4.1.4/lib/redis.rb:915:in `block in get'
workers-1  | /opt/.gem/gems/redis-4.1.4/lib/redis.rb:51:in `block in synchronize'
workers-1  | /opt/.gem/gems/redis-4.1.4/lib/redis.rb:51:in `synchronize'
workers-1  | /opt/.gem/gems/redis-4.1.4/lib/redis.rb:914:in `get'
workers-1  | /opt/.gem/gems/redis-namespace-1.7.0/lib/redis/namespace.rb:469:in `call_with_namespace'
workers-1  | /opt/.gem/gems/redis-namespace-1.7.0/lib/redis/namespace.rb:349:in `block (2 levels) in <class:Namespace>'
workers-1  | /opt/.gem/gems/resque-2.0.0/lib/resque/data_store.rb:231:in `get_worker_payload'
workers-1  | /opt/.gem/gems/resque-2.0.0/lib/resque/worker.rb:752:in `job'
workers-1  | /opt/.gem/gems/resque-2.0.0/lib/resque/worker.rb:670:in `unregister_worker'
workers-1  | /opt/.gem/gems/resque-2.0.0/lib/resque/worker.rb:250:in `rescue in work'
workers-1  | /opt/.gem/gems/resque-2.0.0/lib/resque/worker.rb:231:in `work'
workers-1  | /opt/.gem/gems/resque-2.0.0/lib/resque/tasks.rb:20:in `block (2 levels) in <top (required)>'
workers-1  | 
workers-1  | Caused by:
workers-1  | Redis::CommandError: NOAUTH Authentication required.
workers-1  | /opt/.gem/gems/redis-4.1.4/lib/redis/client.rb:126:in `call'
workers-1  | /opt/.gem/gems/redis-4.1.4/lib/redis.rb:915:in `block in get'
workers-1  | /opt/.gem/gems/redis-4.1.4/lib/redis.rb:51:in `block in synchronize'
workers-1  | /opt/.gem/gems/redis-4.1.4/lib/redis.rb:51:in `synchronize'
workers-1  | /opt/.gem/gems/redis-4.1.4/lib/redis.rb:914:in `get'
workers-1  | /opt/.gem/gems/redis-namespace-1.7.0/lib/redis/namespace.rb:469:in `call_with_namespace'
workers-1  | /opt/.gem/gems/redis-namespace-1.7.0/lib/redis/namespace.rb:349:in `block (2 levels) in <class:Namespace>'
workers-1  | /opt/.gem/gems/resque-2.0.0/lib/resque/data_store.rb:231:in `get_worker_payload'
workers-1  | /opt/.gem/gems/resque-2.0.0/lib/resque/worker.rb:752:in `job'
workers-1  | /opt/.gem/gems/resque-2.0.0/lib/resque/worker.rb:670:in `unregister_worker'
workers-1  | /opt/.gem/gems/resque-2.0.0/lib/resque/worker.rb:250:in `rescue in work'
workers-1  | /opt/.gem/gems/resque-2.0.0/lib/resque/worker.rb:231:in `work'
workers-1  | /opt/.gem/gems/resque-2.0.0/lib/resque/tasks.rb:20:in `block (2 levels) in <top (required)>'
workers-1  | 
workers-1  | Caused by:
workers-1  | Redis::CommandError: NOAUTH Authentication required.
workers-1  | /opt/.gem/gems/redis-4.1.4/lib/redis/client.rb:126:in `call'
workers-1  | /opt/.gem/gems/redis-4.1.4/lib/redis.rb:2216:in `block in hdel'
workers-1  | /opt/.gem/gems/redis-4.1.4/lib/redis.rb:51:in `block in synchronize'
workers-1  | /opt/.gem/gems/redis-4.1.4/lib/redis.rb:51:in `synchronize'
workers-1  | /opt/.gem/gems/redis-4.1.4/lib/redis.rb:2215:in `hdel'
workers-1  | /opt/.gem/gems/redis-namespace-1.7.0/lib/redis/namespace.rb:469:in `call_with_namespace'
workers-1  | /opt/.gem/gems/redis-namespace-1.7.0/lib/redis/namespace.rb:349:in `block (2 levels) in <class:Namespace>'
workers-1  | /opt/.gem/gems/resque-2.0.0/lib/resque/data_store.rb:261:in `remove_heartbeat'
workers-1  | /opt/.gem/gems/resque-2.0.0/lib/resque/worker.rb:475:in `remove_heartbeat'
workers-1  | /opt/.gem/gems/resque-2.0.0/lib/resque/worker.rb:507:in `start_heartbeat'
workers-1  | /opt/.gem/gems/resque-2.0.0/lib/resque/worker.rb:360:in `startup'
workers-1  | /opt/.gem/gems/resque-2.0.0/lib/resque/worker.rb:233:in `work'
workers-1  | /opt/.gem/gems/resque-2.0.0/lib/resque/tasks.rb:20:in `block (2 levels) in <top (required)>'
workers-1  | Tasks: TOP => resque:work
workers-1  | (See full trace by running task with --trace)
workers-1  | rake aborted!
workers-1  | Redis::CommandError: NOAUTH Authentication required.
workers-1  | Original Exception (Redis::CommandError): NOAUTH Authentication required.
workers-1  |   /opt/.gem/gems/redis-4.1.4/lib/redis/client.rb:126:in `call'  
workers-1  | /opt/.gem/gems/redis-4.1.4/lib/redis.rb:2216:in `block in hdel'  
workers-1  | /opt/.gem/gems/redis-4.1.4/lib/redis.rb:51:in `block in synchronize'  
workers-1  | /usr/local/ruby-2.7.0/lib/ruby/2.7.0/monitor.rb:202:in `synchronize'  
workers-1  | /usr/local/ruby-2.7.0/lib/ruby/2.7.0/monitor.rb:202:in `mon_synchronize'  
workers-1  | /opt/.gem/gems/redis-4.1.4/lib/redis.rb:51:in `synchronize'  
workers-1  | /opt/.gem/gems/redis-4.1.4/lib/redis.rb:2215:in `hdel'  
workers-1  | /opt/.gem/gems/redis-namespace-1.7.0/lib/redis/namespace.rb:469:in `call_with_namespace'  
workers-1  | /opt/.gem/gems/redis-namespace-1.7.0/lib/redis/namespace.rb:349:in `block (2 levels) in <class:Namespace>'  
workers-1  | /opt/.gem/gems/resque-2.0.0/lib/resque/data_store.rb:261:in `remove_heartbeat'  
workers-1  | /usr/local/ruby-2.7.0/lib/ruby/2.7.0/forwardable.rb:235:in `remove_heartbeat'  
workers-1  | /opt/.gem/gems/resque-2.0.0/lib/resque/worker.rb:475:in `remove_heartbeat'  
workers-1  | /opt/.gem/gems/resque-2.0.0/lib/resque/worker.rb:507:in `start_heartbeat'  
workers-1  | /opt/.gem/gems/resque-2.0.0/lib/resque/worker.rb:360:in `startup'  
workers-1  | /opt/.gem/gems/resque-2.0.0/lib/resque/worker.rb:233:in `work'  
workers-1  | /opt/.gem/gems/resque-2.0.0/lib/resque/tasks.rb:20:in `block (2 levels) in <top (required)>'  
workers-1  | /usr/local/ruby-2.7.0/lib/ruby/gems/2.7.0/gems/rake-13.0.1/lib/rake/task.rb:281:in `block in execute'  
workers-1  | /usr/local/ruby-2.7.0/lib/ruby/gems/2.7.0/gems/rake-13.0.1/lib/rake/task.rb:281:in `each'  
workers-1  | /usr/local/ruby-2.7.0/lib/ruby/gems/2.7.0/gems/rake-13.0.1/lib/rake/task.rb:281:in `execute'  
workers-1  | /usr/local/ruby-2.7.0/lib/ruby/gems/2.7.0/gems/rake-13.0.1/lib/rake/task.rb:219:in `block in invoke_with_call_chain'  
workers-1  | /usr/local/ruby-2.7.0/lib/ruby/gems/2.7.0/gems/rake-13.0.1/lib/rake/task.rb:199:in `synchronize'  
workers-1  | /usr/local/ruby-2.7.0/lib/ruby/gems/2.7.0/gems/rake-13.0.1/lib/rake/task.rb:199:in `invoke_with_call_chain'  
workers-1  | /usr/local/ruby-2.7.0/lib/ruby/gems/2.7.0/gems/rake-13.0.1/lib/rake/task.rb:188:in `invoke'  
workers-1  | /usr/local/ruby-2.7.0/lib/ruby/gems/2.7.0/gems/rake-13.0.1/lib/rake/application.rb:160:in `invoke_task'  
workers-1  | /usr/local/ruby-2.7.0/lib/ruby/gems/2.7.0/gems/rake-13.0.1/lib/rake/application.rb:116:in `block (2 levels) in top_level'  
workers-1  | /usr/local/ruby-2.7.0/lib/ruby/gems/2.7.0/gems/rake-13.0.1/lib/rake/application.rb:116:in `each'  
workers-1  | /usr/local/ruby-2.7.0/lib/ruby/gems/2.7.0/gems/rake-13.0.1/lib/rake/application.rb:116:in `block in top_level'  
workers-1  | /usr/local/ruby-2.7.0/lib/ruby/gems/2.7.0/gems/rake-13.0.1/lib/rake/application.rb:125:in `run_with_threads'  
workers-1  | /usr/local/ruby-2.7.0/lib/ruby/gems/2.7.0/gems/rake-13.0.1/lib/rake/application.rb:110:in `top_level'  
workers-1  | /usr/local/ruby-2.7.0/lib/ruby/gems/2.7.0/gems/rake-13.0.1/lib/rake/application.rb:83:in `block in run'  
workers-1  | /usr/local/ruby-2.7.0/lib/ruby/gems/2.7.0/gems/rake-13.0.1/lib/rake/application.rb:186:in `standard_exception_handling'  
workers-1  | /usr/local/ruby-2.7.0/lib/ruby/gems/2.7.0/gems/rake-13.0.1/lib/rake/application.rb:80:in `run'  
workers-1  | /usr/local/ruby-2.7.0/lib/ruby/gems/2.7.0/gems/rake-13.0.1/exe/rake:27:in `<top (required)>'  
workers-1  | /usr/local/ruby-2.7.0/bin/rake:23:in `load'  
workers-1  | /usr/local/ruby-2.7.0/bin/rake:23:in `<main>'
workers-1  | /opt/.gem/gems/redis-4.1.4/lib/redis/client.rb:126:in `call'
workers-1  | /opt/.gem/gems/redis-4.1.4/lib/redis.rb:915:in `block in get'
workers-1  | /opt/.gem/gems/redis-4.1.4/lib/redis.rb:51:in `block in synchronize'
workers-1  | /opt/.gem/gems/redis-4.1.4/lib/redis.rb:51:in `synchronize'
workers-1  | /opt/.gem/gems/redis-4.1.4/lib/redis.rb:914:in `get'
workers-1  | /opt/.gem/gems/redis-namespace-1.7.0/lib/redis/namespace.rb:469:in `call_with_namespace'
workers-1  | /opt/.gem/gems/redis-namespace-1.7.0/lib/redis/namespace.rb:349:in `block (2 levels) in <class:Namespace>'
workers-1  | /opt/.gem/gems/resque-2.0.0/lib/resque/data_store.rb:231:in `get_worker_payload'
workers-1  | /opt/.gem/gems/resque-2.0.0/lib/resque/worker.rb:752:in `job'
workers-1  | /opt/.gem/gems/resque-2.0.0/lib/resque/worker.rb:670:in `unregister_worker'
workers-1  | /opt/.gem/gems/resque-2.0.0/lib/resque/worker.rb:250:in `rescue in work'
workers-1  | /opt/.gem/gems/resque-2.0.0/lib/resque/worker.rb:231:in `work'
workers-1  | /opt/.gem/gems/resque-2.0.0/lib/resque/tasks.rb:20:in `block (2 levels) in <top (required)>'
workers-1  | 
workers-1  | Caused by:
workers-1  | Redis::CommandError: NOAUTH Authentication required.
workers-1  | /opt/.gem/gems/redis-4.1.4/lib/redis/client.rb:126:in `call'
workers-1  | /opt/.gem/gems/redis-4.1.4/lib/redis.rb:915:in `block in get'
workers-1  | /opt/.gem/gems/redis-4.1.4/lib/redis.rb:51:in `block in synchronize'
workers-1  | /opt/.gem/gems/redis-4.1.4/lib/redis.rb:51:in `synchronize'
workers-1  | /opt/.gem/gems/redis-4.1.4/lib/redis.rb:914:in `get'
workers-1  | /opt/.gem/gems/redis-namespace-1.7.0/lib/redis/namespace.rb:469:in `call_with_namespace'
workers-1  | /opt/.gem/gems/redis-namespace-1.7.0/lib/redis/namespace.rb:349:in `block (2 levels) in <class:Namespace>'
workers-1  | /opt/.gem/gems/resque-2.0.0/lib/resque/data_store.rb:231:in `get_worker_payload'
workers-1  | /opt/.gem/gems/resque-2.0.0/lib/resque/worker.rb:752:in `job'
workers-1  | /opt/.gem/gems/resque-2.0.0/lib/resque/worker.rb:670:in `unregister_worker'
workers-1  | /opt/.gem/gems/resque-2.0.0/lib/resque/worker.rb:250:in `rescue in work'
workers-1  | /opt/.gem/gems/resque-2.0.0/lib/resque/worker.rb:231:in `work'
workers-1  | /opt/.gem/gems/resque-2.0.0/lib/resque/tasks.rb:20:in `block (2 levels) in <top (required)>'
workers-1  | 
workers-1  | Caused by:
workers-1  | Redis::CommandError: NOAUTH Authentication required.
workers-1  | /opt/.gem/gems/redis-4.1.4/lib/redis/client.rb:126:in `call'
workers-1  | /opt/.gem/gems/redis-4.1.4/lib/redis.rb:2216:in `block in hdel'
workers-1  | /opt/.gem/gems/redis-4.1.4/lib/redis.rb:51:in `block in synchronize'
workers-1  | /opt/.gem/gems/redis-4.1.4/lib/redis.rb:51:in `synchronize'
workers-1  | /opt/.gem/gems/redis-4.1.4/lib/redis.rb:2215:in `hdel'
workers-1  | /opt/.gem/gems/redis-namespace-1.7.0/lib/redis/namespace.rb:469:in `call_with_namespace'
workers-1  | /opt/.gem/gems/redis-namespace-1.7.0/lib/redis/namespace.rb:349:in `block (2 levels) in <class:Namespace>'
workers-1  | /opt/.gem/gems/resque-2.0.0/lib/resque/data_store.rb:261:in `remove_heartbeat'
workers-1  | /opt/.gem/gems/resque-2.0.0/lib/resque/worker.rb:475:in `remove_heartbeat'
workers-1  | /opt/.gem/gems/resque-2.0.0/lib/resque/worker.rb:507:in `start_heartbeat'
workers-1  | /opt/.gem/gems/resque-2.0.0/lib/resque/worker.rb:360:in `startup'
workers-1  | /opt/.gem/gems/resque-2.0.0/lib/resque/worker.rb:233:in `work'
workers-1  | /opt/.gem/gems/resque-2.0.0/lib/resque/tasks.rb:20:in `block (2 levels) in <top (required)>'
workers-1  | Tasks: TOP => resque:work
workers-1  | (See full trace by running task with --trace)
workers-1  | rake aborted!
workers-1  | Redis::CommandError: NOAUTH Authentication required.
workers-1  | Original Exception (Redis::CommandError): NOAUTH Authentication required.
workers-1  |   /opt/.gem/gems/redis-4.1.4/lib/redis/client.rb:126:in `call'  
workers-1  | /opt/.gem/gems/redis-4.1.4/lib/redis.rb:2216:in `block in hdel'  
workers-1  | /opt/.gem/gems/redis-4.1.4/lib/redis.rb:51:in `block in synchronize'  
workers-1  | /usr/local/ruby-2.7.0/lib/ruby/2.7.0/monitor.rb:202:in `synchronize'  
workers-1  | /usr/local/ruby-2.7.0/lib/ruby/2.7.0/monitor.rb:202:in `mon_synchronize'  
workers-1  | /opt/.gem/gems/redis-4.1.4/lib/redis.rb:51:in `synchronize'  
workers-1  | /opt/.gem/gems/redis-4.1.4/lib/redis.rb:2215:in `hdel'  
workers-1  | /opt/.gem/gems/redis-namespace-1.7.0/lib/redis/namespace.rb:469:in `call_with_namespace'  
workers-1  | /opt/.gem/gems/redis-namespace-1.7.0/lib/redis/namespace.rb:349:in `block (2 levels) in <class:Namespace>'  
workers-1  | /opt/.gem/gems/resque-2.0.0/lib/resque/data_store.rb:261:in `remove_heartbeat'  
workers-1  | /usr/local/ruby-2.7.0/lib/ruby/2.7.0/forwardable.rb:235:in `remove_heartbeat'  
workers-1  | /opt/.gem/gems/resque-2.0.0/lib/resque/worker.rb:475:in `remove_heartbeat'  
workers-1  | /opt/.gem/gems/resque-2.0.0/lib/resque/worker.rb:507:in `start_heartbeat'  
workers-1  | /opt/.gem/gems/resque-2.0.0/lib/resque/worker.rb:360:in `startup'  
workers-1  | /opt/.gem/gems/resque-2.0.0/lib/resque/worker.rb:233:in `work'  
workers-1  | /opt/.gem/gems/resque-2.0.0/lib/resque/tasks.rb:20:in `block (2 levels) in <top (required)>'  
workers-1  | /usr/local/ruby-2.7.0/lib/ruby/gems/2.7.0/gems/rake-13.0.1/lib/rake/task.rb:281:in `block in execute'  
workers-1  | /usr/local/ruby-2.7.0/lib/ruby/gems/2.7.0/gems/rake-13.0.1/lib/rake/task.rb:281:in `each'  
workers-1  | /usr/local/ruby-2.7.0/lib/ruby/gems/2.7.0/gems/rake-13.0.1/lib/rake/task.rb:281:in `execute'  
workers-1  | /usr/local/ruby-2.7.0/lib/ruby/gems/2.7.0/gems/rake-13.0.1/lib/rake/task.rb:219:in `block in invoke_with_call_chain'  
workers-1  | /usr/local/ruby-2.7.0/lib/ruby/gems/2.7.0/gems/rake-13.0.1/lib/rake/task.rb:199:in `synchronize'  
workers-1  | /usr/local/ruby-2.7.0/lib/ruby/gems/2.7.0/gems/rake-13.0.1/lib/rake/task.rb:199:in `invoke_with_call_chain'  
workers-1  | /usr/local/ruby-2.7.0/lib/ruby/gems/2.7.0/gems/rake-13.0.1/lib/rake/task.rb:188:in `invoke'  
workers-1  | /usr/local/ruby-2.7.0/lib/ruby/gems/2.7.0/gems/rake-13.0.1/lib/rake/application.rb:160:in `invoke_task'  
workers-1  | /usr/local/ruby-2.7.0/lib/ruby/gems/2.7.0/gems/rake-13.0.1/lib/rake/application.rb:116:in `block (2 levels) in top_level'  
workers-1  | /usr/local/ruby-2.7.0/lib/ruby/gems/2.7.0/gems/rake-13.0.1/lib/rake/application.rb:116:in `each'  
workers-1  | /usr/local/ruby-2.7.0/lib/ruby/gems/2.7.0/gems/rake-13.0.1/lib/rake/application.rb:116:in `block in top_level'  
workers-1  | /usr/local/ruby-2.7.0/lib/ruby/gems/2.7.0/gems/rake-13.0.1/lib/rake/application.rb:125:in `run_with_threads'  
workers-1  | /usr/local/ruby-2.7.0/lib/ruby/gems/2.7.0/gems/rake-13.0.1/lib/rake/application.rb:110:in `top_level'  
workers-1  | /usr/local/ruby-2.7.0/lib/ruby/gems/2.7.0/gems/rake-13.0.1/lib/rake/application.rb:83:in `block in run'  
workers-1  | /usr/local/ruby-2.7.0/lib/ruby/gems/2.7.0/gems/rake-13.0.1/lib/rake/application.rb:186:in `standard_exception_handling'  
workers-1  | /usr/local/ruby-2.7.0/lib/ruby/gems/2.7.0/gems/rake-13.0.1/lib/rake/application.rb:80:in `run'  
workers-1  | /usr/local/ruby-2.7.0/lib/ruby/gems/2.7.0/gems/rake-13.0.1/exe/rake:27:in `<top (required)>'  
workers-1  | /usr/local/ruby-2.7.0/bin/rake:23:in `load'  
workers-1  | /usr/local/ruby-2.7.0/bin/rake:23:in `<main>'
workers-1  | /opt/.gem/gems/redis-4.1.4/lib/redis/client.rb:126:in `call'
workers-1  | /opt/.gem/gems/redis-4.1.4/lib/redis.rb:915:in `block in get'
workers-1  | /opt/.gem/gems/redis-4.1.4/lib/redis.rb:51:in `block in synchronize'
workers-1  | /opt/.gem/gems/redis-4.1.4/lib/redis.rb:51:in `synchronize'
workers-1  | /opt/.gem/gems/redis-4.1.4/lib/redis.rb:914:in `get'
workers-1  | /opt/.gem/gems/redis-namespace-1.7.0/lib/redis/namespace.rb:469:in `call_with_namespace'
workers-1  | /opt/.gem/gems/redis-namespace-1.7.0/lib/redis/namespace.rb:349:in `block (2 levels) in <class:Namespace>'
workers-1  | /opt/.gem/gems/resque-2.0.0/lib/resque/data_store.rb:231:in `get_worker_payload'
workers-1  | /opt/.gem/gems/resque-2.0.0/lib/resque/worker.rb:752:in `job'
workers-1  | /opt/.gem/gems/resque-2.0.0/lib/resque/worker.rb:670:in `unregister_worker'
workers-1  | /opt/.gem/gems/resque-2.0.0/lib/resque/worker.rb:250:in `rescue in work'
workers-1  | /opt/.gem/gems/resque-2.0.0/lib/resque/worker.rb:231:in `work'
workers-1  | /opt/.gem/gems/resque-2.0.0/lib/resque/tasks.rb:20:in `block (2 levels) in <top (required)>'
workers-1  | 
workers-1  | Caused by:
workers-1  | Redis::CommandError: NOAUTH Authentication required.
workers-1  | /opt/.gem/gems/redis-4.1.4/lib/redis/client.rb:126:in `call'
workers-1  | /opt/.gem/gems/redis-4.1.4/lib/redis.rb:915:in `block in get'
workers-1  | /opt/.gem/gems/redis-4.1.4/lib/redis.rb:51:in `block in synchronize'
workers-1  | /opt/.gem/gems/redis-4.1.4/lib/redis.rb:51:in `synchronize'
workers-1  | /opt/.gem/gems/redis-4.1.4/lib/redis.rb:914:in `get'
workers-1  | /opt/.gem/gems/redis-namespace-1.7.0/lib/redis/namespace.rb:469:in `call_with_namespace'
workers-1  | /opt/.gem/gems/redis-namespace-1.7.0/lib/redis/namespace.rb:349:in `block (2 levels) in <class:Namespace>'
workers-1  | /opt/.gem/gems/resque-2.0.0/lib/resque/data_store.rb:231:in `get_worker_payload'
workers-1  | /opt/.gem/gems/resque-2.0.0/lib/resque/worker.rb:752:in `job'
workers-1  | /opt/.gem/gems/resque-2.0.0/lib/resque/worker.rb:670:in `unregister_worker'
workers-1  | /opt/.gem/gems/resque-2.0.0/lib/resque/worker.rb:250:in `rescue in work'
workers-1  | /opt/.gem/gems/resque-2.0.0/lib/resque/worker.rb:231:in `work'
workers-1  | /opt/.gem/gems/resque-2.0.0/lib/resque/tasks.rb:20:in `block (2 levels) in <top (required)>'
workers-1  | rake aborted!
workers-1  | 
workers-1  | Caused by:
workers-1  | Redis::CommandError: NOAUTH Authentication required.
workers-1  | Original Exception (Redis::CommandError): NOAUTH Authentication required.
workers-1  |   /opt/.gem/gems/redis-4.1.4/lib/redis/client.rb:126:in `call'  
workers-1  | /opt/.gem/gems/redis-4.1.4/lib/redis.rb:2216:in `block in hdel'  
workers-1  | /opt/.gem/gems/redis-4.1.4/lib/redis.rb:51:in `block in synchronize'  
workers-1  | /usr/local/ruby-2.7.0/lib/ruby/2.7.0/monitor.rb:202:in `synchronize'  
workers-1  | /usr/local/ruby-2.7.0/lib/ruby/2.7.0/monitor.rb:202:in `mon_synchronize'  
workers-1  | /opt/.gem/gems/redis-4.1.4/lib/redis.rb:51:in `synchronize'  
workers-1  | /opt/.gem/gems/redis-4.1.4/lib/redis.rb:2215:in `hdel'  
workers-1  | /opt/.gem/gems/redis-namespace-1.7.0/lib/redis/namespace.rb:469:in `call_with_namespace'  
workers-1  | /opt/.gem/gems/redis-namespace-1.7.0/lib/redis/namespace.rb:349:in `block (2 levels) in <class:Namespace>'  
workers-1  | /opt/.gem/gems/resque-2.0.0/lib/resque/data_store.rb:261:in `remove_heartbeat'  
workers-1  | /usr/local/ruby-2.7.0/lib/ruby/2.7.0/forwardable.rb:235:in `remove_heartbeat'  
workers-1  | /opt/.gem/gems/resque-2.0.0/lib/resque/worker.rb:475:in `remove_heartbeat'  
workers-1  | /opt/.gem/gems/resque-2.0.0/lib/resque/worker.rb:507:in `start_heartbeat'  
workers-1  | /opt/.gem/gems/resque-2.0.0/lib/resque/worker.rb:360:in `startup'  
workers-1  | /opt/.gem/gems/resque-2.0.0/lib/resque/worker.rb:233:in `work'  
workers-1  | /opt/.gem/gems/resque-2.0.0/lib/resque/tasks.rb:20:in `block (2 levels) in <top (required)>'  
workers-1  | /usr/local/ruby-2.7.0/lib/ruby/gems/2.7.0/gems/rake-13.0.1/lib/rake/task.rb:281:in `block in execute'  
workers-1  | /usr/local/ruby-2.7.0/lib/ruby/gems/2.7.0/gems/rake-13.0.1/lib/rake/task.rb:281:in `each'  
workers-1  | /usr/local/ruby-2.7.0/lib/ruby/gems/2.7.0/gems/rake-13.0.1/lib/rake/task.rb:281:in `execute'  
workers-1  | /usr/local/ruby-2.7.0/lib/ruby/gems/2.7.0/gems/rake-13.0.1/lib/rake/task.rb:219:in `block in invoke_with_call_chain'  
workers-1  | /usr/local/ruby-2.7.0/lib/ruby/gems/2.7.0/gems/rake-13.0.1/lib/rake/task.rb:199:in `synchronize'  
workers-1  | /usr/local/ruby-2.7.0/lib/ruby/gems/2.7.0/gems/rake-13.0.1/lib/rake/task.rb:199:in `invoke_with_call_chain'  
workers-1  | /usr/local/ruby-2.7.0/lib/ruby/gems/2.7.0/gems/rake-13.0.1/lib/rake/task.rb:188:in `invoke'  
workers-1  | /usr/local/ruby-2.7.0/lib/ruby/gems/2.7.0/gems/rake-13.0.1/lib/rake/application.rb:160:in `invoke_task'  
workers-1  | /usr/local/ruby-2.7.0/lib/ruby/gems/2.7.0/gems/rake-13.0.1/lib/rake/application.rb:116:in `block (2 levels) in top_level'  
workers-1  | /usr/local/ruby-2.7.0/lib/ruby/gems/2.7.0/gems/rake-13.0.1/lib/rake/application.rb:116:in `each'  
workers-1  | /usr/local/ruby-2.7.0/lib/ruby/gems/2.7.0/gems/rake-13.0.1/lib/rake/application.rb:116:in `block in top_level'  
workers-1  | /usr/local/ruby-2.7.0/lib/ruby/gems/2.7.0/gems/rake-13.0.1/lib/rake/application.rb:125:in `run_with_threads'  
workers-1  | /usr/local/ruby-2.7.0/lib/ruby/gems/2.7.0/gems/rake-13.0.1/lib/rake/application.rb:110:in `top_level'  
workers-1  | /usr/local/ruby-2.7.0/lib/ruby/gems/2.7.0/gems/rake-13.0.1/lib/rake/application.rb:83:in `block in run'  
workers-1  | /usr/local/ruby-2.7.0/lib/ruby/gems/2.7.0/gems/rake-13.0.1/lib/rake/application.rb:186:in `standard_exception_handling'  
workers-1  | /usr/local/ruby-2.7.0/lib/ruby/gems/2.7.0/gems/rake-13.0.1/lib/rake/application.rb:80:in `run'  
workers-1  | /usr/local/ruby-2.7.0/lib/ruby/gems/2.7.0/gems/rake-13.0.1/exe/rake:27:in `<top (required)>'  
workers-1  | /usr/local/ruby-2.7.0/bin/rake:23:in `load'  
workers-1  | /usr/local/ruby-2.7.0/bin/rake:23:in `<main>'
workers-1  | Redis::CommandError: NOAUTH Authentication required.
workers-1  | /opt/.gem/gems/redis-4.1.4/lib/redis/client.rb:126:in `call'
workers-1  | /opt/.gem/gems/redis-4.1.4/lib/redis.rb:2216:in `block in hdel'
workers-1  | /opt/.gem/gems/redis-4.1.4/lib/redis.rb:51:in `block in synchronize'
workers-1  | /opt/.gem/gems/redis-4.1.4/lib/redis.rb:51:in `synchronize'
workers-1  | /opt/.gem/gems/redis-4.1.4/lib/redis.rb:2215:in `hdel'
workers-1  | /opt/.gem/gems/redis-namespace-1.7.0/lib/redis/namespace.rb:469:in `call_with_namespace'
workers-1  | /opt/.gem/gems/redis-namespace-1.7.0/lib/redis/namespace.rb:349:in `block (2 levels) in <class:Namespace>'
workers-1  | /opt/.gem/gems/resque-2.0.0/lib/resque/data_store.rb:261:in `remove_heartbeat'
workers-1  | /opt/.gem/gems/resque-2.0.0/lib/resque/worker.rb:475:in `remove_heartbeat'
workers-1  | /opt/.gem/gems/resque-2.0.0/lib/resque/worker.rb:507:in `start_heartbeat'
workers-1  | /opt/.gem/gems/resque-2.0.0/lib/resque/worker.rb:360:in `startup'
workers-1  | /opt/.gem/gems/resque-2.0.0/lib/resque/worker.rb:233:in `work'
workers-1  | /opt/.gem/gems/resque-2.0.0/lib/resque/tasks.rb:20:in `block (2 levels) in <top (required)>'
workers-1  | /opt/.gem/gems/redis-4.1.4/lib/redis/client.rb:126:in `call'
workers-1  | /opt/.gem/gems/redis-4.1.4/lib/redis.rb:915:in `block in get'
workers-1  | /opt/.gem/gems/redis-4.1.4/lib/redis.rb:51:in `block in synchronize'
workers-1  | /opt/.gem/gems/redis-4.1.4/lib/redis.rb:51:in `synchronize'
workers-1  | /opt/.gem/gems/redis-4.1.4/lib/redis.rb:914:in `get'
workers-1  | /opt/.gem/gems/redis-namespace-1.7.0/lib/redis/namespace.rb:469:in `call_with_namespace'
workers-1  | /opt/.gem/gems/redis-namespace-1.7.0/lib/redis/namespace.rb:349:in `block (2 levels) in <class:Namespace>'
workers-1  | /opt/.gem/gems/resque-2.0.0/lib/resque/data_store.rb:231:in `get_worker_payload'
workers-1  | /opt/.gem/gems/resque-2.0.0/lib/resque/worker.rb:752:in `job'
workers-1  | /opt/.gem/gems/resque-2.0.0/lib/resque/worker.rb:670:in `unregister_worker'
workers-1  | /opt/.gem/gems/resque-2.0.0/lib/resque/worker.rb:250:in `rescue in work'
workers-1  | /opt/.gem/gems/resque-2.0.0/lib/resque/worker.rb:231:in `work'
workers-1  | /opt/.gem/gems/resque-2.0.0/lib/resque/tasks.rb:20:in `block (2 levels) in <top (required)>'
workers-1  | Tasks: TOP => resque:work
workers-1  | 
workers-1  | Caused by:
workers-1  | (See full trace by running task with --trace)
workers-1  | Redis::CommandError: NOAUTH Authentication required.
workers-1  | /opt/.gem/gems/redis-4.1.4/lib/redis/client.rb:126:in `call'
workers-1  | /opt/.gem/gems/redis-4.1.4/lib/redis.rb:915:in `block in get'
workers-1  | /opt/.gem/gems/redis-4.1.4/lib/redis.rb:51:in `block in synchronize'
workers-1  | /opt/.gem/gems/redis-4.1.4/lib/redis.rb:51:in `synchronize'
workers-1  | /opt/.gem/gems/redis-4.1.4/lib/redis.rb:914:in `get'
workers-1  | /opt/.gem/gems/redis-namespace-1.7.0/lib/redis/namespace.rb:469:in `call_with_namespace'
workers-1  | /opt/.gem/gems/redis-namespace-1.7.0/lib/redis/namespace.rb:349:in `block (2 levels) in <class:Namespace>'
workers-1  | /opt/.gem/gems/resque-2.0.0/lib/resque/data_store.rb:231:in `get_worker_payload'
workers-1  | /opt/.gem/gems/resque-2.0.0/lib/resque/worker.rb:752:in `job'
workers-1  | /opt/.gem/gems/resque-2.0.0/lib/resque/worker.rb:670:in `unregister_worker'
workers-1  | /opt/.gem/gems/resque-2.0.0/lib/resque/worker.rb:250:in `rescue in work'
workers-1  | /opt/.gem/gems/resque-2.0.0/lib/resque/worker.rb:231:in `work'
workers-1  | /opt/.gem/gems/resque-2.0.0/lib/resque/tasks.rb:20:in `block (2 levels) in <top (required)>'
workers-1  | 
workers-1  | Caused by:
workers-1  | Redis::CommandError: NOAUTH Authentication required.
workers-1  | /opt/.gem/gems/redis-4.1.4/lib/redis/client.rb:126:in `call'
workers-1  | /opt/.gem/gems/redis-4.1.4/lib/redis.rb:2216:in `block in hdel'
workers-1  | /opt/.gem/gems/redis-4.1.4/lib/redis.rb:51:in `block in synchronize'
workers-1  | /opt/.gem/gems/redis-4.1.4/lib/redis.rb:51:in `synchronize'
workers-1  | /opt/.gem/gems/redis-4.1.4/lib/redis.rb:2215:in `hdel'
workers-1  | /opt/.gem/gems/redis-namespace-1.7.0/lib/redis/namespace.rb:469:in `call_with_namespace'
workers-1  | /opt/.gem/gems/redis-namespace-1.7.0/lib/redis/namespace.rb:349:in `block (2 levels) in <class:Namespace>'
workers-1  | /opt/.gem/gems/resque-2.0.0/lib/resque/data_store.rb:261:in `remove_heartbeat'
workers-1  | /opt/.gem/gems/resque-2.0.0/lib/resque/worker.rb:475:in `remove_heartbeat'
workers-1  | /opt/.gem/gems/resque-2.0.0/lib/resque/worker.rb:507:in `start_heartbeat'
workers-1  | /opt/.gem/gems/resque-2.0.0/lib/resque/worker.rb:360:in `startup'
workers-1  | /opt/.gem/gems/resque-2.0.0/lib/resque/worker.rb:233:in `work'
workers-1  | /opt/.gem/gems/resque-2.0.0/lib/resque/tasks.rb:20:in `block (2 levels) in <top (required)>'
workers-1  | Tasks: TOP => resque:work
workers-1  | (See full trace by running task with --trace)
workers-1  | rake aborted!
workers-1  | Redis::CommandError: NOAUTH Authentication required.
workers-1  | Original Exception (Redis::CommandError): NOAUTH Authentication required.
workers-1  |   /opt/.gem/gems/redis-4.1.4/lib/redis/client.rb:126:in `call'  
workers-1  | /opt/.gem/gems/redis-4.1.4/lib/redis.rb:2216:in `block in hdel'  
workers-1  | /opt/.gem/gems/redis-4.1.4/lib/redis.rb:51:in `block in synchronize'  
workers-1  | /usr/local/ruby-2.7.0/lib/ruby/2.7.0/monitor.rb:202:in `synchronize'  
workers-1  | /usr/local/ruby-2.7.0/lib/ruby/2.7.0/monitor.rb:202:in `mon_synchronize'  
workers-1  | /opt/.gem/gems/redis-4.1.4/lib/redis.rb:51:in `synchronize'  
workers-1  | /opt/.gem/gems/redis-4.1.4/lib/redis.rb:2215:in `hdel'  
workers-1  | /opt/.gem/gems/redis-namespace-1.7.0/lib/redis/namespace.rb:469:in `call_with_namespace'  
workers-1  | /opt/.gem/gems/redis-namespace-1.7.0/lib/redis/namespace.rb:349:in `block (2 levels) in <class:Namespace>'  
workers-1  | /opt/.gem/gems/resque-2.0.0/lib/resque/data_store.rb:261:in `remove_heartbeat'  
workers-1  | /usr/local/ruby-2.7.0/lib/ruby/2.7.0/forwardable.rb:235:in `remove_heartbeat'  
workers-1  | /opt/.gem/gems/resque-2.0.0/lib/resque/worker.rb:475:in `remove_heartbeat'  
workers-1  | /opt/.gem/gems/resque-2.0.0/lib/resque/worker.rb:507:in `start_heartbeat'  
workers-1  | /opt/.gem/gems/resque-2.0.0/lib/resque/worker.rb:360:in `startup'  
workers-1  | /opt/.gem/gems/resque-2.0.0/lib/resque/worker.rb:233:in `work'  
workers-1  | /opt/.gem/gems/resque-2.0.0/lib/resque/tasks.rb:20:in `block (2 levels) in <top (required)>'  
workers-1  | /usr/local/ruby-2.7.0/lib/ruby/gems/2.7.0/gems/rake-13.0.1/lib/rake/task.rb:281:in `block in execute'  
workers-1  | /usr/local/ruby-2.7.0/lib/ruby/gems/2.7.0/gems/rake-13.0.1/lib/rake/task.rb:281:in `each'  
workers-1  | /usr/local/ruby-2.7.0/lib/ruby/gems/2.7.0/gems/rake-13.0.1/lib/rake/task.rb:281:in `execute'  
workers-1  | /usr/local/ruby-2.7.0/lib/ruby/gems/2.7.0/gems/rake-13.0.1/lib/rake/task.rb:219:in `block in invoke_with_call_chain'  
workers-1  | /usr/local/ruby-2.7.0/lib/ruby/gems/2.7.0/gems/rake-13.0.1/lib/rake/task.rb:199:in `synchronize'  
workers-1  | /usr/local/ruby-2.7.0/lib/ruby/gems/2.7.0/gems/rake-13.0.1/lib/rake/task.rb:199:in `invoke_with_call_chain'  
workers-1  | /usr/local/ruby-2.7.0/lib/ruby/gems/2.7.0/gems/rake-13.0.1/lib/rake/task.rb:188:in `invoke'  
workers-1  | /usr/local/ruby-2.7.0/lib/ruby/gems/2.7.0/gems/rake-13.0.1/lib/rake/application.rb:160:in `invoke_task'  
workers-1  | /usr/local/ruby-2.7.0/lib/ruby/gems/2.7.0/gems/rake-13.0.1/lib/rake/application.rb:116:in `block (2 levels) in top_level'  
workers-1  | /usr/local/ruby-2.7.0/lib/ruby/gems/2.7.0/gems/rake-13.0.1/lib/rake/application.rb:116:in `each'  
workers-1  | /usr/local/ruby-2.7.0/lib/ruby/gems/2.7.0/gems/rake-13.0.1/lib/rake/application.rb:116:in `block in top_level'  
workers-1  | /usr/local/ruby-2.7.0/lib/ruby/gems/2.7.0/gems/rake-13.0.1/lib/rake/application.rb:125:in `run_with_threads'  
workers-1  | /usr/local/ruby-2.7.0/lib/ruby/gems/2.7.0/gems/rake-13.0.1/lib/rake/application.rb:110:in `top_level'  
workers-1  | /usr/local/ruby-2.7.0/lib/ruby/gems/2.7.0/gems/rake-13.0.1/lib/rake/application.rb:83:in `block in run'  
workers-1  | /usr/local/ruby-2.7.0/lib/ruby/gems/2.7.0/gems/rake-13.0.1/lib/rake/application.rb:186:in `standard_exception_handling'  
workers-1  | /usr/local/ruby-2.7.0/lib/ruby/gems/2.7.0/gems/rake-13.0.1/lib/rake/application.rb:80:in `run'  
workers-1  | /usr/local/ruby-2.7.0/lib/ruby/gems/2.7.0/gems/rake-13.0.1/exe/rake:27:in `<top (required)>'  
workers-1  | /usr/local/ruby-2.7.0/bin/rake:23:in `load'  
workers-1  | /usr/local/ruby-2.7.0/bin/rake:23:in `<main>'
workers-1  | /opt/.gem/gems/redis-4.1.4/lib/redis/client.rb:126:in `call'
workers-1  | /opt/.gem/gems/redis-4.1.4/lib/redis.rb:915:in `block in get'
workers-1  | /opt/.gem/gems/redis-4.1.4/lib/redis.rb:51:in `block in synchronize'
workers-1  | /opt/.gem/gems/redis-4.1.4/lib/redis.rb:51:in `synchronize'
workers-1  | /opt/.gem/gems/redis-4.1.4/lib/redis.rb:914:in `get'
workers-1  | /opt/.gem/gems/redis-namespace-1.7.0/lib/redis/namespace.rb:469:in `call_with_namespace'
workers-1  | /opt/.gem/gems/redis-namespace-1.7.0/lib/redis/namespace.rb:349:in `block (2 levels) in <class:Namespace>'
workers-1  | /opt/.gem/gems/resque-2.0.0/lib/resque/data_store.rb:231:in `get_worker_payload'
workers-1  | /opt/.gem/gems/resque-2.0.0/lib/resque/worker.rb:752:in `job'
workers-1  | /opt/.gem/gems/resque-2.0.0/lib/resque/worker.rb:670:in `unregister_worker'
workers-1  | /opt/.gem/gems/resque-2.0.0/lib/resque/worker.rb:250:in `rescue in work'
workers-1  | /opt/.gem/gems/resque-2.0.0/lib/resque/worker.rb:231:in `work'
workers-1  | /opt/.gem/gems/resque-2.0.0/lib/resque/tasks.rb:20:in `block (2 levels) in <top (required)>'
workers-1  | 
workers-1  | Caused by:
workers-1  | Redis::CommandError: NOAUTH Authentication required.
workers-1  | /opt/.gem/gems/redis-4.1.4/lib/redis/client.rb:126:in `call'
workers-1  | /opt/.gem/gems/redis-4.1.4/lib/redis.rb:915:in `block in get'
workers-1  | /opt/.gem/gems/redis-4.1.4/lib/redis.rb:51:in `block in synchronize'
workers-1  | /opt/.gem/gems/redis-4.1.4/lib/redis.rb:51:in `synchronize'
workers-1  | /opt/.gem/gems/redis-4.1.4/lib/redis.rb:914:in `get'
workers-1  | /opt/.gem/gems/redis-namespace-1.7.0/lib/redis/namespace.rb:469:in `call_with_namespace'
workers-1  | /opt/.gem/gems/redis-namespace-1.7.0/lib/redis/namespace.rb:349:in `block (2 levels) in <class:Namespace>'
workers-1  | /opt/.gem/gems/resque-2.0.0/lib/resque/data_store.rb:231:in `get_worker_payload'
workers-1  | /opt/.gem/gems/resque-2.0.0/lib/resque/worker.rb:752:in `job'
workers-1  | /opt/.gem/gems/resque-2.0.0/lib/resque/worker.rb:670:in `unregister_worker'
workers-1  | /opt/.gem/gems/resque-2.0.0/lib/resque/worker.rb:250:in `rescue in work'
workers-1  | /opt/.gem/gems/resque-2.0.0/lib/resque/worker.rb:231:in `work'
workers-1  | /opt/.gem/gems/resque-2.0.0/lib/resque/tasks.rb:20:in `block (2 levels) in <top (required)>'
workers-1  | 
workers-1  | Caused by:
workers-1  | Redis::CommandError: NOAUTH Authentication required.
workers-1  | /opt/.gem/gems/redis-4.1.4/lib/redis/client.rb:126:in `call'
workers-1  | /opt/.gem/gems/redis-4.1.4/lib/redis.rb:2216:in `block in hdel'
workers-1  | /opt/.gem/gems/redis-4.1.4/lib/redis.rb:51:in `block in synchronize'
workers-1  | /opt/.gem/gems/redis-4.1.4/lib/redis.rb:51:in `synchronize'
workers-1  | /opt/.gem/gems/redis-4.1.4/lib/redis.rb:2215:in `hdel'
workers-1  | /opt/.gem/gems/redis-namespace-1.7.0/lib/redis/namespace.rb:469:in `call_with_namespace'
workers-1  | /opt/.gem/gems/redis-namespace-1.7.0/lib/redis/namespace.rb:349:in `block (2 levels) in <class:Namespace>'
workers-1  | /opt/.gem/gems/resque-2.0.0/lib/resque/data_store.rb:261:in `remove_heartbeat'
workers-1  | /opt/.gem/gems/resque-2.0.0/lib/resque/worker.rb:475:in `remove_heartbeat'
workers-1  | /opt/.gem/gems/resque-2.0.0/lib/resque/worker.rb:507:in `start_heartbeat'
workers-1  | /opt/.gem/gems/resque-2.0.0/lib/resque/worker.rb:360:in `startup'
workers-1  | /opt/.gem/gems/resque-2.0.0/lib/resque/worker.rb:233:in `work'
workers-1  | /opt/.gem/gems/resque-2.0.0/lib/resque/tasks.rb:20:in `block (2 levels) in <top (required)>'
workers-1  | Tasks: TOP => resque:work
workers-1  | (See full trace by running task with --trace)
workers-1  | rake aborted!
workers-1  | Redis::CommandError: NOAUTH Authentication required.
workers-1  | Original Exception (Redis::CommandError): NOAUTH Authentication required.
workers-1  |   /opt/.gem/gems/redis-4.1.4/lib/redis/client.rb:126:in `call'  
workers-1  | /opt/.gem/gems/redis-4.1.4/lib/redis.rb:2216:in `block in hdel'  
workers-1  | /opt/.gem/gems/redis-4.1.4/lib/redis.rb:51:in `block in synchronize'  
workers-1  | /usr/local/ruby-2.7.0/lib/ruby/2.7.0/monitor.rb:202:in `synchronize'  
workers-1  | /usr/local/ruby-2.7.0/lib/ruby/2.7.0/monitor.rb:202:in `mon_synchronize'  
workers-1  | /opt/.gem/gems/redis-4.1.4/lib/redis.rb:51:in `synchronize'  
workers-1  | /opt/.gem/gems/redis-4.1.4/lib/redis.rb:2215:in `hdel'  
workers-1  | /opt/.gem/gems/redis-namespace-1.7.0/lib/redis/namespace.rb:469:in `call_with_namespace'  
workers-1  | /opt/.gem/gems/redis-namespace-1.7.0/lib/redis/namespace.rb:349:in `block (2 levels) in <class:Namespace>'  
workers-1  | /opt/.gem/gems/resque-2.0.0/lib/resque/data_store.rb:261:in `remove_heartbeat'  
workers-1  | /usr/local/ruby-2.7.0/lib/ruby/2.7.0/forwardable.rb:235:in `remove_heartbeat'  
workers-1  | /opt/.gem/gems/resque-2.0.0/lib/resque/worker.rb:475:in `remove_heartbeat'  
workers-1  | /opt/.gem/gems/resque-2.0.0/lib/resque/worker.rb:507:in `start_heartbeat'  
workers-1  | /opt/.gem/gems/resque-2.0.0/lib/resque/worker.rb:360:in `startup'  
workers-1  | /opt/.gem/gems/resque-2.0.0/lib/resque/worker.rb:233:in `work'  
workers-1  | /opt/.gem/gems/resque-2.0.0/lib/resque/tasks.rb:20:in `block (2 levels) in <top (required)>'  
workers-1  | /usr/local/ruby-2.7.0/lib/ruby/gems/2.7.0/gems/rake-13.0.1/lib/rake/task.rb:281:in `block in execute'  
workers-1  | /usr/local/ruby-2.7.0/lib/ruby/gems/2.7.0/gems/rake-13.0.1/lib/rake/task.rb:281:in `each'  
workers-1  | /usr/local/ruby-2.7.0/lib/ruby/gems/2.7.0/gems/rake-13.0.1/lib/rake/task.rb:281:in `execute'  
workers-1  | /usr/local/ruby-2.7.0/lib/ruby/gems/2.7.0/gems/rake-13.0.1/lib/rake/task.rb:219:in `block in invoke_with_call_chain'  
workers-1  | /usr/local/ruby-2.7.0/lib/ruby/gems/2.7.0/gems/rake-13.0.1/lib/rake/task.rb:199:in `synchronize'  
workers-1  | /usr/local/ruby-2.7.0/lib/ruby/gems/2.7.0/gems/rake-13.0.1/lib/rake/task.rb:199:in `invoke_with_call_chain'  
workers-1  | /usr/local/ruby-2.7.0/lib/ruby/gems/2.7.0/gems/rake-13.0.1/lib/rake/task.rb:188:in `invoke'  
workers-1  | /usr/local/ruby-2.7.0/lib/ruby/gems/2.7.0/gems/rake-13.0.1/lib/rake/application.rb:160:in `invoke_task'  
workers-1  | /usr/local/ruby-2.7.0/lib/ruby/gems/2.7.0/gems/rake-13.0.1/lib/rake/application.rb:116:in `block (2 levels) in top_level'  
workers-1  | /usr/local/ruby-2.7.0/lib/ruby/gems/2.7.0/gems/rake-13.0.1/lib/rake/application.rb:116:in `each'  
workers-1  | /usr/local/ruby-2.7.0/lib/ruby/gems/2.7.0/gems/rake-13.0.1/lib/rake/application.rb:116:in `block in top_level'  
workers-1  | /usr/local/ruby-2.7.0/lib/ruby/gems/2.7.0/gems/rake-13.0.1/lib/rake/application.rb:125:in `run_with_threads'  
workers-1  | /usr/local/ruby-2.7.0/lib/ruby/gems/2.7.0/gems/rake-13.0.1/lib/rake/application.rb:110:in `top_level'  
workers-1  | /usr/local/ruby-2.7.0/lib/ruby/gems/2.7.0/gems/rake-13.0.1/lib/rake/application.rb:83:in `block in run'  
workers-1  | /usr/local/ruby-2.7.0/lib/ruby/gems/2.7.0/gems/rake-13.0.1/lib/rake/application.rb:186:in `standard_exception_handling'  
workers-1  | /usr/local/ruby-2.7.0/lib/ruby/gems/2.7.0/gems/rake-13.0.1/lib/rake/application.rb:80:in `run'  
workers-1  | /usr/local/ruby-2.7.0/lib/ruby/gems/2.7.0/gems/rake-13.0.1/exe/rake:27:in `<top (required)>'  
workers-1  | /usr/local/ruby-2.7.0/bin/rake:23:in `load'  
workers-1  | /usr/local/ruby-2.7.0/bin/rake:23:in `<main>'
workers-1  | /opt/.gem/gems/redis-4.1.4/lib/redis/client.rb:126:in `call'
workers-1  | /opt/.gem/gems/redis-4.1.4/lib/redis.rb:915:in `block in get'
workers-1  | /opt/.gem/gems/redis-4.1.4/lib/redis.rb:51:in `block in synchronize'
workers-1  | /opt/.gem/gems/redis-4.1.4/lib/redis.rb:51:in `synchronize'
workers-1  | /opt/.gem/gems/redis-4.1.4/lib/redis.rb:914:in `get'
workers-1  | /opt/.gem/gems/redis-namespace-1.7.0/lib/redis/namespace.rb:469:in `call_with_namespace'
workers-1  | /opt/.gem/gems/redis-namespace-1.7.0/lib/redis/namespace.rb:349:in `block (2 levels) in <class:Namespace>'
workers-1  | /opt/.gem/gems/resque-2.0.0/lib/resque/data_store.rb:231:in `get_worker_payload'
workers-1  | /opt/.gem/gems/resque-2.0.0/lib/resque/worker.rb:752:in `job'
workers-1  | /opt/.gem/gems/resque-2.0.0/lib/resque/worker.rb:670:in `unregister_worker'
workers-1  | /opt/.gem/gems/resque-2.0.0/lib/resque/worker.rb:250:in `rescue in work'
workers-1  | /opt/.gem/gems/resque-2.0.0/lib/resque/worker.rb:231:in `work'
workers-1  | /opt/.gem/gems/resque-2.0.0/lib/resque/tasks.rb:20:in `block (2 levels) in <top (required)>'
workers-1  | 
workers-1  | Caused by:
workers-1  | Redis::CommandError: NOAUTH Authentication required.
workers-1  | /opt/.gem/gems/redis-4.1.4/lib/redis/client.rb:126:in `call'
workers-1  | /opt/.gem/gems/redis-4.1.4/lib/redis.rb:915:in `block in get'
workers-1  | /opt/.gem/gems/redis-4.1.4/lib/redis.rb:51:in `block in synchronize'
workers-1  | /opt/.gem/gems/redis-4.1.4/lib/redis.rb:51:in `synchronize'
workers-1  | /opt/.gem/gems/redis-4.1.4/lib/redis.rb:914:in `get'
workers-1  | /opt/.gem/gems/redis-namespace-1.7.0/lib/redis/namespace.rb:469:in `call_with_namespace'
workers-1  | /opt/.gem/gems/redis-namespace-1.7.0/lib/redis/namespace.rb:349:in `block (2 levels) in <class:Namespace>'
workers-1  | /opt/.gem/gems/resque-2.0.0/lib/resque/data_store.rb:231:in `get_worker_payload'
workers-1  | /opt/.gem/gems/resque-2.0.0/lib/resque/worker.rb:752:in `job'
workers-1  | /opt/.gem/gems/resque-2.0.0/lib/resque/worker.rb:670:in `unregister_worker'
workers-1  | /opt/.gem/gems/resque-2.0.0/lib/resque/worker.rb:250:in `rescue in work'
workers-1  | /opt/.gem/gems/resque-2.0.0/lib/resque/worker.rb:231:in `work'
workers-1  | /opt/.gem/gems/resque-2.0.0/lib/resque/tasks.rb:20:in `block (2 levels) in <top (required)>'
workers-1  | 
workers-1  | Caused by:
workers-1  | Redis::CommandError: NOAUTH Authentication required.
workers-1  | /opt/.gem/gems/redis-4.1.4/lib/redis/client.rb:126:in `call'
workers-1  | /opt/.gem/gems/redis-4.1.4/lib/redis.rb:2216:in `block in hdel'
workers-1  | /opt/.gem/gems/redis-4.1.4/lib/redis.rb:51:in `block in synchronize'
workers-1  | /opt/.gem/gems/redis-4.1.4/lib/redis.rb:51:in `synchronize'
workers-1  | /opt/.gem/gems/redis-4.1.4/lib/redis.rb:2215:in `hdel'
workers-1  | /opt/.gem/gems/redis-namespace-1.7.0/lib/redis/namespace.rb:469:in `call_with_namespace'
workers-1  | /opt/.gem/gems/redis-namespace-1.7.0/lib/redis/namespace.rb:349:in `block (2 levels) in <class:Namespace>'
workers-1  | /opt/.gem/gems/resque-2.0.0/lib/resque/data_store.rb:261:in `remove_heartbeat'
workers-1  | /opt/.gem/gems/resque-2.0.0/lib/resque/worker.rb:475:in `remove_heartbeat'
workers-1  | /opt/.gem/gems/resque-2.0.0/lib/resque/worker.rb:507:in `start_heartbeat'
workers-1  | /opt/.gem/gems/resque-2.0.0/lib/resque/worker.rb:360:in `startup'
workers-1  | /opt/.gem/gems/resque-2.0.0/lib/resque/worker.rb:233:in `work'
workers-1  | /opt/.gem/gems/resque-2.0.0/lib/resque/tasks.rb:20:in `block (2 levels) in <top (required)>'
workers-1  | Tasks: TOP => resque:work
workers-1  | (See full trace by running task with --trace)
workers-1  | rake aborted!
workers-1  | Redis::CommandError: NOAUTH Authentication required.
workers-1  | Original Exception (Redis::CommandError): NOAUTH Authentication required.
workers-1  |   /opt/.gem/gems/redis-4.1.4/lib/redis/client.rb:126:in `call'  
workers-1  | /opt/.gem/gems/redis-4.1.4/lib/redis.rb:2216:in `block in hdel'  
workers-1  | /opt/.gem/gems/redis-4.1.4/lib/redis.rb:51:in `block in synchronize'  
workers-1  | /usr/local/ruby-2.7.0/lib/ruby/2.7.0/monitor.rb:202:in `synchronize'  
workers-1  | /usr/local/ruby-2.7.0/lib/ruby/2.7.0/monitor.rb:202:in `mon_synchronize'  
workers-1  | /opt/.gem/gems/redis-4.1.4/lib/redis.rb:51:in `synchronize'  
workers-1  | /opt/.gem/gems/redis-4.1.4/lib/redis.rb:2215:in `hdel'  
workers-1  | /opt/.gem/gems/redis-namespace-1.7.0/lib/redis/namespace.rb:469:in `call_with_namespace'  
workers-1  | /opt/.gem/gems/redis-namespace-1.7.0/lib/redis/namespace.rb:349:in `block (2 levels) in <class:Namespace>'  
workers-1  | /opt/.gem/gems/resque-2.0.0/lib/resque/data_store.rb:261:in `remove_heartbeat'  
workers-1  | /usr/local/ruby-2.7.0/lib/ruby/2.7.0/forwardable.rb:235:in `remove_heartbeat'  
workers-1  | /opt/.gem/gems/resque-2.0.0/lib/resque/worker.rb:475:in `remove_heartbeat'  
workers-1  | /opt/.gem/gems/resque-2.0.0/lib/resque/worker.rb:507:in `start_heartbeat'  
workers-1  | /opt/.gem/gems/resque-2.0.0/lib/resque/worker.rb:360:in `startup'  
workers-1  | /opt/.gem/gems/resque-2.0.0/lib/resque/worker.rb:233:in `work'  
workers-1  | /opt/.gem/gems/resque-2.0.0/lib/resque/tasks.rb:20:in `block (2 levels) in <top (required)>'  
workers-1  | /usr/local/ruby-2.7.0/lib/ruby/gems/2.7.0/gems/rake-13.0.1/lib/rake/task.rb:281:in `block in execute'  
workers-1  | /usr/local/ruby-2.7.0/lib/ruby/gems/2.7.0/gems/rake-13.0.1/lib/rake/task.rb:281:in `each'  
workers-1  | /usr/local/ruby-2.7.0/lib/ruby/gems/2.7.0/gems/rake-13.0.1/lib/rake/task.rb:281:in `execute'  
workers-1  | /usr/local/ruby-2.7.0/lib/ruby/gems/2.7.0/gems/rake-13.0.1/lib/rake/task.rb:219:in `block in invoke_with_call_chain'  
workers-1  | /usr/local/ruby-2.7.0/lib/ruby/gems/2.7.0/gems/rake-13.0.1/lib/rake/task.rb:199:in `synchronize'  
workers-1  | /usr/local/ruby-2.7.0/lib/ruby/gems/2.7.0/gems/rake-13.0.1/lib/rake/task.rb:199:in `invoke_with_call_chain'  
workers-1  | /usr/local/ruby-2.7.0/lib/ruby/gems/2.7.0/gems/rake-13.0.1/lib/rake/task.rb:188:in `invoke'  
workers-1  | /usr/local/ruby-2.7.0/lib/ruby/gems/2.7.0/gems/rake-13.0.1/lib/rake/application.rb:160:in `invoke_task'  
workers-1  | /usr/local/ruby-2.7.0/lib/ruby/gems/2.7.0/gems/rake-13.0.1/lib/rake/application.rb:116:in `block (2 levels) in top_level'  
workers-1  | /usr/local/ruby-2.7.0/lib/ruby/gems/2.7.0/gems/rake-13.0.1/lib/rake/application.rb:116:in `each'  
workers-1  | /usr/local/ruby-2.7.0/lib/ruby/gems/2.7.0/gems/rake-13.0.1/lib/rake/application.rb:116:in `block in top_level'  
workers-1  | /usr/local/ruby-2.7.0/lib/ruby/gems/2.7.0/gems/rake-13.0.1/lib/rake/application.rb:125:in `run_with_threads'  
workers-1  | /usr/local/ruby-2.7.0/lib/ruby/gems/2.7.0/gems/rake-13.0.1/lib/rake/application.rb:110:in `top_level'  
workers-1  | /usr/local/ruby-2.7.0/lib/ruby/gems/2.7.0/gems/rake-13.0.1/lib/rake/application.rb:83:in `block in run'  
workers-1  | /usr/local/ruby-2.7.0/lib/ruby/gems/2.7.0/gems/rake-13.0.1/lib/rake/application.rb:186:in `standard_exception_handling'  
workers-1  | /usr/local/ruby-2.7.0/lib/ruby/gems/2.7.0/gems/rake-13.0.1/lib/rake/application.rb:80:in `run'  
workers-1  | /usr/local/ruby-2.7.0/lib/ruby/gems/2.7.0/gems/rake-13.0.1/exe/rake:27:in `<top (required)>'  
workers-1  | /usr/local/ruby-2.7.0/bin/rake:23:in `load'  
workers-1  | /usr/local/ruby-2.7.0/bin/rake:23:in `<main>'
workers-1  | /opt/.gem/gems/redis-4.1.4/lib/redis/client.rb:126:in `call'
workers-1  | /opt/.gem/gems/redis-4.1.4/lib/redis.rb:915:in `block in get'
workers-1  | /opt/.gem/gems/redis-4.1.4/lib/redis.rb:51:in `block in synchronize'
workers-1  | /opt/.gem/gems/redis-4.1.4/lib/redis.rb:51:in `synchronize'
workers-1  | /opt/.gem/gems/redis-4.1.4/lib/redis.rb:914:in `get'
workers-1  | /opt/.gem/gems/redis-namespace-1.7.0/lib/redis/namespace.rb:469:in `call_with_namespace'
workers-1  | /opt/.gem/gems/redis-namespace-1.7.0/lib/redis/namespace.rb:349:in `block (2 levels) in <class:Namespace>'
workers-1  | /opt/.gem/gems/resque-2.0.0/lib/resque/data_store.rb:231:in `get_worker_payload'
workers-1  | /opt/.gem/gems/resque-2.0.0/lib/resque/worker.rb:752:in `job'
workers-1  | /opt/.gem/gems/resque-2.0.0/lib/resque/worker.rb:670:in `unregister_worker'
workers-1  | /opt/.gem/gems/resque-2.0.0/lib/resque/worker.rb:250:in `rescue in work'
workers-1  | /opt/.gem/gems/resque-2.0.0/lib/resque/worker.rb:231:in `work'
workers-1  | /opt/.gem/gems/resque-2.0.0/lib/resque/tasks.rb:20:in `block (2 levels) in <top (required)>'
workers-1  | 
workers-1  | Caused by:
workers-1  | Redis::CommandError: NOAUTH Authentication required.
workers-1  | /opt/.gem/gems/redis-4.1.4/lib/redis/client.rb:126:in `call'
workers-1  | /opt/.gem/gems/redis-4.1.4/lib/redis.rb:915:in `block in get'
workers-1  | /opt/.gem/gems/redis-4.1.4/lib/redis.rb:51:in `block in synchronize'
workers-1  | /opt/.gem/gems/redis-4.1.4/lib/redis.rb:51:in `synchronize'
workers-1  | /opt/.gem/gems/redis-4.1.4/lib/redis.rb:914:in `get'
workers-1  | /opt/.gem/gems/redis-namespace-1.7.0/lib/redis/namespace.rb:469:in `call_with_namespace'
workers-1  | /opt/.gem/gems/redis-namespace-1.7.0/lib/redis/namespace.rb:349:in `block (2 levels) in <class:Namespace>'
workers-1  | /opt/.gem/gems/resque-2.0.0/lib/resque/data_store.rb:231:in `get_worker_payload'
workers-1  | /opt/.gem/gems/resque-2.0.0/lib/resque/worker.rb:752:in `job'
workers-1  | /opt/.gem/gems/resque-2.0.0/lib/resque/worker.rb:670:in `unregister_worker'
workers-1  | /opt/.gem/gems/resque-2.0.0/lib/resque/worker.rb:250:in `rescue in work'
workers-1  | /opt/.gem/gems/resque-2.0.0/lib/resque/worker.rb:231:in `work'
workers-1  | /opt/.gem/gems/resque-2.0.0/lib/resque/tasks.rb:20:in `block (2 levels) in <top (required)>'
workers-1  | 
workers-1  | Caused by:
workers-1  | Redis::CommandError: NOAUTH Authentication required.
workers-1  | /opt/.gem/gems/redis-4.1.4/lib/redis/client.rb:126:in `call'
workers-1  | /opt/.gem/gems/redis-4.1.4/lib/redis.rb:2216:in `block in hdel'
workers-1  | /opt/.gem/gems/redis-4.1.4/lib/redis.rb:51:in `block in synchronize'
workers-1  | /opt/.gem/gems/redis-4.1.4/lib/redis.rb:51:in `synchronize'
workers-1  | /opt/.gem/gems/redis-4.1.4/lib/redis.rb:2215:in `hdel'
workers-1  | /opt/.gem/gems/redis-namespace-1.7.0/lib/redis/namespace.rb:469:in `call_with_namespace'
workers-1  | /opt/.gem/gems/redis-namespace-1.7.0/lib/redis/namespace.rb:349:in `block (2 levels) in <class:Namespace>'
workers-1  | /opt/.gem/gems/resque-2.0.0/lib/resque/data_store.rb:261:in `remove_heartbeat'
workers-1  | /opt/.gem/gems/resque-2.0.0/lib/resque/worker.rb:475:in `remove_heartbeat'
workers-1  | /opt/.gem/gems/resque-2.0.0/lib/resque/worker.rb:507:in `start_heartbeat'
workers-1  | /opt/.gem/gems/resque-2.0.0/lib/resque/worker.rb:360:in `startup'
workers-1  | /opt/.gem/gems/resque-2.0.0/lib/resque/worker.rb:233:in `work'
workers-1  | /opt/.gem/gems/resque-2.0.0/lib/resque/tasks.rb:20:in `block (2 levels) in <top (required)>'
workers-1  | Tasks: TOP => resque:work
workers-1  | (See full trace by running task with --trace)
workers-1  | rake aborted!
workers-1  | Redis::CommandError: NOAUTH Authentication required.
workers-1  | Original Exception (Redis::CommandError): NOAUTH Authentication required.
workers-1  |   /opt/.gem/gems/redis-4.1.4/lib/redis/client.rb:126:in `call'  
workers-1  | /opt/.gem/gems/redis-4.1.4/lib/redis.rb:2216:in `block in hdel'  
workers-1  | /opt/.gem/gems/redis-4.1.4/lib/redis.rb:51:in `block in synchronize'  
workers-1  | /usr/local/ruby-2.7.0/lib/ruby/2.7.0/monitor.rb:202:in `synchronize'  
workers-1  | /usr/local/ruby-2.7.0/lib/ruby/2.7.0/monitor.rb:202:in `mon_synchronize'  
workers-1  | /opt/.gem/gems/redis-4.1.4/lib/redis.rb:51:in `synchronize'  
workers-1  | /opt/.gem/gems/redis-4.1.4/lib/redis.rb:2215:in `hdel'  
workers-1  | /opt/.gem/gems/redis-namespace-1.7.0/lib/redis/namespace.rb:469:in `call_with_namespace'  
workers-1  | /opt/.gem/gems/redis-namespace-1.7.0/lib/redis/namespace.rb:349:in `block (2 levels) in <class:Namespace>'  
workers-1  | /opt/.gem/gems/resque-2.0.0/lib/resque/data_store.rb:261:in `remove_heartbeat'  
workers-1  | /usr/local/ruby-2.7.0/lib/ruby/2.7.0/forwardable.rb:235:in `remove_heartbeat'  
workers-1  | /opt/.gem/gems/resque-2.0.0/lib/resque/worker.rb:475:in `remove_heartbeat'  
workers-1  | /opt/.gem/gems/resque-2.0.0/lib/resque/worker.rb:507:in `start_heartbeat'  
workers-1  | /opt/.gem/gems/resque-2.0.0/lib/resque/worker.rb:360:in `startup'  
workers-1  | /opt/.gem/gems/resque-2.0.0/lib/resque/worker.rb:233:in `work'  
workers-1  | /opt/.gem/gems/resque-2.0.0/lib/resque/tasks.rb:20:in `block (2 levels) in <top (required)>'  
workers-1  | /usr/local/ruby-2.7.0/lib/ruby/gems/2.7.0/gems/rake-13.0.1/lib/rake/task.rb:281:in `block in execute'  
workers-1  | /usr/local/ruby-2.7.0/lib/ruby/gems/2.7.0/gems/rake-13.0.1/lib/rake/task.rb:281:in `each'  
workers-1  | /usr/local/ruby-2.7.0/lib/ruby/gems/2.7.0/gems/rake-13.0.1/lib/rake/task.rb:281:in `execute'  
workers-1  | /usr/local/ruby-2.7.0/lib/ruby/gems/2.7.0/gems/rake-13.0.1/lib/rake/task.rb:219:in `block in invoke_with_call_chain'  
workers-1  | /usr/local/ruby-2.7.0/lib/ruby/gems/2.7.0/gems/rake-13.0.1/lib/rake/task.rb:199:in `synchronize'  
workers-1  | /usr/local/ruby-2.7.0/lib/ruby/gems/2.7.0/gems/rake-13.0.1/lib/rake/task.rb:199:in `invoke_with_call_chain'  
workers-1  | /usr/local/ruby-2.7.0/lib/ruby/gems/2.7.0/gems/rake-13.0.1/lib/rake/task.rb:188:in `invoke'  
workers-1  | /usr/local/ruby-2.7.0/lib/ruby/gems/2.7.0/gems/rake-13.0.1/lib/rake/application.rb:160:in `invoke_task'  
workers-1  | /usr/local/ruby-2.7.0/lib/ruby/gems/2.7.0/gems/rake-13.0.1/lib/rake/application.rb:116:in `block (2 levels) in top_level'  
workers-1  | /usr/local/ruby-2.7.0/lib/ruby/gems/2.7.0/gems/rake-13.0.1/lib/rake/application.rb:116:in `each'  
workers-1  | /usr/local/ruby-2.7.0/lib/ruby/gems/2.7.0/gems/rake-13.0.1/lib/rake/application.rb:116:in `block in top_level'  
workers-1  | /usr/local/ruby-2.7.0/lib/ruby/gems/2.7.0/gems/rake-13.0.1/lib/rake/application.rb:125:in `run_with_threads'  
workers-1  | /usr/local/ruby-2.7.0/lib/ruby/gems/2.7.0/gems/rake-13.0.1/lib/rake/application.rb:110:in `top_level'  
workers-1  | /usr/local/ruby-2.7.0/lib/ruby/gems/2.7.0/gems/rake-13.0.1/lib/rake/application.rb:83:in `block in run'  
workers-1  | /usr/local/ruby-2.7.0/lib/ruby/gems/2.7.0/gems/rake-13.0.1/lib/rake/application.rb:186:in `standard_exception_handling'  
workers-1  | /usr/local/ruby-2.7.0/lib/ruby/gems/2.7.0/gems/rake-13.0.1/lib/rake/application.rb:80:in `run'  
workers-1  | /usr/local/ruby-2.7.0/lib/ruby/gems/2.7.0/gems/rake-13.0.1/exe/rake:27:in `<top (required)>'  
workers-1  | /usr/local/ruby-2.7.0/bin/rake:23:in `load'  
workers-1  | /usr/local/ruby-2.7.0/bin/rake:23:in `<main>'
workers-1  | /opt/.gem/gems/redis-4.1.4/lib/redis/client.rb:126:in `call'
workers-1  | /opt/.gem/gems/redis-4.1.4/lib/redis.rb:915:in `block in get'
workers-1  | /opt/.gem/gems/redis-4.1.4/lib/redis.rb:51:in `block in synchronize'
workers-1  | /opt/.gem/gems/redis-4.1.4/lib/redis.rb:51:in `synchronize'
workers-1  | /opt/.gem/gems/redis-4.1.4/lib/redis.rb:914:in `get'
workers-1  | /opt/.gem/gems/redis-namespace-1.7.0/lib/redis/namespace.rb:469:in `call_with_namespace'
workers-1  | /opt/.gem/gems/redis-namespace-1.7.0/lib/redis/namespace.rb:349:in `block (2 levels) in <class:Namespace>'
workers-1  | /opt/.gem/gems/resque-2.0.0/lib/resque/data_store.rb:231:in `get_worker_payload'
workers-1  | /opt/.gem/gems/resque-2.0.0/lib/resque/worker.rb:752:in `job'
workers-1  | /opt/.gem/gems/resque-2.0.0/lib/resque/worker.rb:670:in `unregister_worker'
workers-1  | /opt/.gem/gems/resque-2.0.0/lib/resque/worker.rb:250:in `rescue in work'
workers-1  | /opt/.gem/gems/resque-2.0.0/lib/resque/worker.rb:231:in `work'
workers-1  | /opt/.gem/gems/resque-2.0.0/lib/resque/tasks.rb:20:in `block (2 levels) in <top (required)>'
workers-1  | 
workers-1  | Caused by:
workers-1  | Redis::CommandError: NOAUTH Authentication required.
workers-1  | rake aborted!
workers-1  | /opt/.gem/gems/redis-4.1.4/lib/redis/client.rb:126:in `call'
workers-1  | /opt/.gem/gems/redis-4.1.4/lib/redis.rb:915:in `block in get'
workers-1  | /opt/.gem/gems/redis-4.1.4/lib/redis.rb:51:in `block in synchronize'
workers-1  | /opt/.gem/gems/redis-4.1.4/lib/redis.rb:51:in `synchronize'
workers-1  | /opt/.gem/gems/redis-4.1.4/lib/redis.rb:914:in `get'
workers-1  | /opt/.gem/gems/redis-namespace-1.7.0/lib/redis/namespace.rb:469:in `call_with_namespace'
workers-1  | /opt/.gem/gems/redis-namespace-1.7.0/lib/redis/namespace.rb:349:in `block (2 levels) in <class:Namespace>'
workers-1  | /opt/.gem/gems/resque-2.0.0/lib/resque/data_store.rb:231:in `get_worker_payload'
workers-1  | /opt/.gem/gems/resque-2.0.0/lib/resque/worker.rb:752:in `job'
workers-1  | /opt/.gem/gems/resque-2.0.0/lib/resque/worker.rb:670:in `unregister_worker'
workers-1  | /opt/.gem/gems/resque-2.0.0/lib/resque/worker.rb:250:in `rescue in work'
workers-1  | /opt/.gem/gems/resque-2.0.0/lib/resque/worker.rb:231:in `work'
workers-1  | /opt/.gem/gems/resque-2.0.0/lib/resque/tasks.rb:20:in `block (2 levels) in <top (required)>'
workers-1  | Redis::CommandError: NOAUTH Authentication required.
workers-1  | Original Exception (Redis::CommandError): NOAUTH Authentication required.
workers-1  |   /opt/.gem/gems/redis-4.1.4/lib/redis/client.rb:126:in `call'  
workers-1  | /opt/.gem/gems/redis-4.1.4/lib/redis.rb:2216:in `block in hdel'  
workers-1  | /opt/.gem/gems/redis-4.1.4/lib/redis.rb:51:in `block in synchronize'  
workers-1  | /usr/local/ruby-2.7.0/lib/ruby/2.7.0/monitor.rb:202:in `synchronize'  
workers-1  | /usr/local/ruby-2.7.0/lib/ruby/2.7.0/monitor.rb:202:in `mon_synchronize'  
workers-1  | /opt/.gem/gems/redis-4.1.4/lib/redis.rb:51:in `synchronize'  
workers-1  | /opt/.gem/gems/redis-4.1.4/lib/redis.rb:2215:in `hdel'  
workers-1  | /opt/.gem/gems/redis-namespace-1.7.0/lib/redis/namespace.rb:469:in `call_with_namespace'  
workers-1  | /opt/.gem/gems/redis-namespace-1.7.0/lib/redis/namespace.rb:349:in `block (2 levels) in <class:Namespace>'  
workers-1  | /opt/.gem/gems/resque-2.0.0/lib/resque/data_store.rb:261:in `remove_heartbeat'  
workers-1  | /usr/local/ruby-2.7.0/lib/ruby/2.7.0/forwardable.rb:235:in `remove_heartbeat'  
workers-1  | /opt/.gem/gems/resque-2.0.0/lib/resque/worker.rb:475:in `remove_heartbeat'  
workers-1  | /opt/.gem/gems/resque-2.0.0/lib/resque/worker.rb:507:in `start_heartbeat'  
workers-1  | /opt/.gem/gems/resque-2.0.0/lib/resque/worker.rb:360:in `startup'  
workers-1  | /opt/.gem/gems/resque-2.0.0/lib/resque/worker.rb:233:in `work'  
workers-1  | /opt/.gem/gems/resque-2.0.0/lib/resque/tasks.rb:20:in `block (2 levels) in <top (required)>'  
workers-1  | /usr/local/ruby-2.7.0/lib/ruby/gems/2.7.0/gems/rake-13.0.1/lib/rake/task.rb:281:in `block in execute'  
workers-1  | /usr/local/ruby-2.7.0/lib/ruby/gems/2.7.0/gems/rake-13.0.1/lib/rake/task.rb:281:in `each'  
workers-1  | /usr/local/ruby-2.7.0/lib/ruby/gems/2.7.0/gems/rake-13.0.1/lib/rake/task.rb:281:in `execute'  
workers-1  | /usr/local/ruby-2.7.0/lib/ruby/gems/2.7.0/gems/rake-13.0.1/lib/rake/task.rb:219:in `block in invoke_with_call_chain'  
workers-1  | /usr/local/ruby-2.7.0/lib/ruby/gems/2.7.0/gems/rake-13.0.1/lib/rake/task.rb:199:in `synchronize'  
workers-1  | /usr/local/ruby-2.7.0/lib/ruby/gems/2.7.0/gems/rake-13.0.1/lib/rake/task.rb:199:in `invoke_with_call_chain'  
workers-1  | /usr/local/ruby-2.7.0/lib/ruby/gems/2.7.0/gems/rake-13.0.1/lib/rake/task.rb:188:in `invoke'  
workers-1  | /usr/local/ruby-2.7.0/lib/ruby/gems/2.7.0/gems/rake-13.0.1/lib/rake/application.rb:160:in `invoke_task'  
workers-1  | /usr/local/ruby-2.7.0/lib/ruby/gems/2.7.0/gems/rake-13.0.1/lib/rake/application.rb:116:in `block (2 levels) in top_level'  
workers-1  | /usr/local/ruby-2.7.0/lib/ruby/gems/2.7.0/gems/rake-13.0.1/lib/rake/application.rb:116:in `each'  
workers-1  | /usr/local/ruby-2.7.0/lib/ruby/gems/2.7.0/gems/rake-13.0.1/lib/rake/application.rb:116:in `block in top_level'  
workers-1  | /usr/local/ruby-2.7.0/lib/ruby/gems/2.7.0/gems/rake-13.0.1/lib/rake/application.rb:125:in `run_with_threads'  
workers-1  | /usr/local/ruby-2.7.0/lib/ruby/gems/2.7.0/gems/rake-13.0.1/lib/rake/application.rb:110:in `top_level'  
workers-1  | /usr/local/ruby-2.7.0/lib/ruby/gems/2.7.0/gems/rake-13.0.1/lib/rake/application.rb:83:in `block in run'  
workers-1  | /usr/local/ruby-2.7.0/lib/ruby/gems/2.7.0/gems/rake-13.0.1/lib/rake/application.rb:186:in `standard_exception_handling'  
workers-1  | /usr/local/ruby-2.7.0/lib/ruby/gems/2.7.0/gems/rake-13.0.1/lib/rake/application.rb:80:in `run'  
workers-1  | /usr/local/ruby-2.7.0/lib/ruby/gems/2.7.0/gems/rake-13.0.1/exe/rake:27:in `<top (required)>'  
workers-1  | /usr/local/ruby-2.7.0/bin/rake:23:in `load'  
workers-1  | /usr/local/ruby-2.7.0/bin/rake:23:in `<main>'
workers-1  | 
workers-1  | Caused by:
workers-1  | Redis::CommandError: NOAUTH Authentication required.
workers-1  | rake aborted!
workers-1  | /opt/.gem/gems/redis-4.1.4/lib/redis/client.rb:126:in `call'
workers-1  | /opt/.gem/gems/redis-4.1.4/lib/redis.rb:2216:in `block in hdel'
workers-1  | /opt/.gem/gems/redis-4.1.4/lib/redis.rb:51:in `block in synchronize'
workers-1  | /opt/.gem/gems/redis-4.1.4/lib/redis.rb:51:in `synchronize'
workers-1  | /opt/.gem/gems/redis-4.1.4/lib/redis.rb:2215:in `hdel'
workers-1  | /opt/.gem/gems/redis-namespace-1.7.0/lib/redis/namespace.rb:469:in `call_with_namespace'
workers-1  | /opt/.gem/gems/redis-namespace-1.7.0/lib/redis/namespace.rb:349:in `block (2 levels) in <class:Namespace>'
workers-1  | /opt/.gem/gems/resque-2.0.0/lib/resque/data_store.rb:261:in `remove_heartbeat'
workers-1  | /opt/.gem/gems/resque-2.0.0/lib/resque/worker.rb:475:in `remove_heartbeat'
workers-1  | /opt/.gem/gems/resque-2.0.0/lib/resque/worker.rb:507:in `start_heartbeat'
workers-1  | /opt/.gem/gems/resque-2.0.0/lib/resque/worker.rb:360:in `startup'
workers-1  | /opt/.gem/gems/resque-2.0.0/lib/resque/worker.rb:233:in `work'
workers-1  | /opt/.gem/gems/resque-2.0.0/lib/resque/tasks.rb:20:in `block (2 levels) in <top (required)>'
workers-1  | /opt/.gem/gems/redis-4.1.4/lib/redis/client.rb:126:in `call'
workers-1  | /opt/.gem/gems/redis-4.1.4/lib/redis.rb:915:in `block in get'
workers-1  | /opt/.gem/gems/redis-4.1.4/lib/redis.rb:51:in `block in synchronize'
workers-1  | /opt/.gem/gems/redis-4.1.4/lib/redis.rb:51:in `synchronize'
workers-1  | /opt/.gem/gems/redis-4.1.4/lib/redis.rb:914:in `get'
workers-1  | /opt/.gem/gems/redis-namespace-1.7.0/lib/redis/namespace.rb:469:in `call_with_namespace'
workers-1  | /opt/.gem/gems/redis-namespace-1.7.0/lib/redis/namespace.rb:349:in `block (2 levels) in <class:Namespace>'
workers-1  | /opt/.gem/gems/resque-2.0.0/lib/resque/data_store.rb:231:in `get_worker_payload'
workers-1  | /opt/.gem/gems/resque-2.0.0/lib/resque/worker.rb:752:in `job'
workers-1  | /opt/.gem/gems/resque-2.0.0/lib/resque/worker.rb:670:in `unregister_worker'
workers-1  | /opt/.gem/gems/resque-2.0.0/lib/resque/worker.rb:250:in `rescue in work'
workers-1  | /opt/.gem/gems/resque-2.0.0/lib/resque/worker.rb:231:in `work'
workers-1  | /opt/.gem/gems/resque-2.0.0/lib/resque/tasks.rb:20:in `block (2 levels) in <top (required)>'
workers-1  | Redis::CommandError: NOAUTH Authentication required.
workers-1  | Original Exception (Redis::CommandError): NOAUTH Authentication required.
workers-1  |   /opt/.gem/gems/redis-4.1.4/lib/redis/client.rb:126:in `call'  
workers-1  | /opt/.gem/gems/redis-4.1.4/lib/redis.rb:2216:in `block in hdel'  
workers-1  | /opt/.gem/gems/redis-4.1.4/lib/redis.rb:51:in `block in synchronize'  
workers-1  | /usr/local/ruby-2.7.0/lib/ruby/2.7.0/monitor.rb:202:in `synchronize'  
workers-1  | /usr/local/ruby-2.7.0/lib/ruby/2.7.0/monitor.rb:202:in `mon_synchronize'  
workers-1  | /opt/.gem/gems/redis-4.1.4/lib/redis.rb:51:in `synchronize'  
workers-1  | /opt/.gem/gems/redis-4.1.4/lib/redis.rb:2215:in `hdel'  
workers-1  | /opt/.gem/gems/redis-namespace-1.7.0/lib/redis/namespace.rb:469:in `call_with_namespace'  
workers-1  | /opt/.gem/gems/redis-namespace-1.7.0/lib/redis/namespace.rb:349:in `block (2 levels) in <class:Namespace>'  
workers-1  | /opt/.gem/gems/resque-2.0.0/lib/resque/data_store.rb:261:in `remove_heartbeat'  
workers-1  | /usr/local/ruby-2.7.0/lib/ruby/2.7.0/forwardable.rb:235:in `remove_heartbeat'  
workers-1  | /opt/.gem/gems/resque-2.0.0/lib/resque/worker.rb:475:in `remove_heartbeat'  
workers-1  | /opt/.gem/gems/resque-2.0.0/lib/resque/worker.rb:507:in `start_heartbeat'  
workers-1  | /opt/.gem/gems/resque-2.0.0/lib/resque/worker.rb:360:in `startup'  
workers-1  | /opt/.gem/gems/resque-2.0.0/lib/resque/worker.rb:233:in `work'  
workers-1  | /opt/.gem/gems/resque-2.0.0/lib/resque/tasks.rb:20:in `block (2 levels) in <top (required)>'  
workers-1  | /usr/local/ruby-2.7.0/lib/ruby/gems/2.7.0/gems/rake-13.0.1/lib/rake/task.rb:281:in `block in execute'  
workers-1  | /usr/local/ruby-2.7.0/lib/ruby/gems/2.7.0/gems/rake-13.0.1/lib/rake/task.rb:281:in `each'  
workers-1  | /usr/local/ruby-2.7.0/lib/ruby/gems/2.7.0/gems/rake-13.0.1/lib/rake/task.rb:281:in `execute'  
workers-1  | /usr/local/ruby-2.7.0/lib/ruby/gems/2.7.0/gems/rake-13.0.1/lib/rake/task.rb:219:in `block in invoke_with_call_chain'  
workers-1  | /usr/local/ruby-2.7.0/lib/ruby/gems/2.7.0/gems/rake-13.0.1/lib/rake/task.rb:199:in `synchronize'  
workers-1  | /usr/local/ruby-2.7.0/lib/ruby/gems/2.7.0/gems/rake-13.0.1/lib/rake/task.rb:199:in `invoke_with_call_chain'  
workers-1  | /usr/local/ruby-2.7.0/lib/ruby/gems/2.7.0/gems/rake-13.0.1/lib/rake/task.rb:188:in `invoke'  
workers-1  | /usr/local/ruby-2.7.0/lib/ruby/gems/2.7.0/gems/rake-13.0.1/lib/rake/application.rb:160:in `invoke_task'  
workers-1  | /usr/local/ruby-2.7.0/lib/ruby/gems/2.7.0/gems/rake-13.0.1/lib/rake/application.rb:116:in `block (2 levels) in top_level'  
workers-1  | /usr/local/ruby-2.7.0/lib/ruby/gems/2.7.0/gems/rake-13.0.1/lib/rake/application.rb:116:in `each'  
workers-1  | /usr/local/ruby-2.7.0/lib/ruby/gems/2.7.0/gems/rake-13.0.1/lib/rake/application.rb:116:in `block in top_level'  
workers-1  | /usr/local/ruby-2.7.0/lib/ruby/gems/2.7.0/gems/rake-13.0.1/lib/rake/application.rb:125:in `run_with_threads'  
workers-1  | /usr/local/ruby-2.7.0/lib/ruby/gems/2.7.0/gems/rake-13.0.1/lib/rake/application.rb:110:in `top_level'  
workers-1  | /usr/local/ruby-2.7.0/lib/ruby/gems/2.7.0/gems/rake-13.0.1/lib/rake/application.rb:83:in `block in run'  
workers-1  | /usr/local/ruby-2.7.0/lib/ruby/gems/2.7.0/gems/rake-13.0.1/lib/rake/application.rb:186:in `standard_exception_handling'  
workers-1  | /usr/local/ruby-2.7.0/lib/ruby/gems/2.7.0/gems/rake-13.0.1/lib/rake/application.rb:80:in `run'  
workers-1  | /usr/local/ruby-2.7.0/lib/ruby/gems/2.7.0/gems/rake-13.0.1/exe/rake:27:in `<top (required)>'  
workers-1  | /usr/local/ruby-2.7.0/bin/rake:23:in `load'  
workers-1  | /usr/local/ruby-2.7.0/bin/rake:23:in `<main>'
workers-1  | 
workers-1  | Caused by:
workers-1  | Tasks: TOP => resque:work
workers-1  | (See full trace by running task with --trace)
workers-1  | Redis::CommandError: NOAUTH Authentication required.
workers-1  | /opt/.gem/gems/redis-4.1.4/lib/redis/client.rb:126:in `call'
workers-1  | /opt/.gem/gems/redis-4.1.4/lib/redis.rb:915:in `block in get'
workers-1  | /opt/.gem/gems/redis-4.1.4/lib/redis.rb:51:in `block in synchronize'
workers-1  | /opt/.gem/gems/redis-4.1.4/lib/redis.rb:51:in `synchronize'
workers-1  | /opt/.gem/gems/redis-4.1.4/lib/redis.rb:914:in `get'
workers-1  | /opt/.gem/gems/redis-namespace-1.7.0/lib/redis/namespace.rb:469:in `call_with_namespace'
workers-1  | /opt/.gem/gems/redis-namespace-1.7.0/lib/redis/namespace.rb:349:in `block (2 levels) in <class:Namespace>'
workers-1  | /opt/.gem/gems/resque-2.0.0/lib/resque/data_store.rb:231:in `get_worker_payload'
workers-1  | /opt/.gem/gems/resque-2.0.0/lib/resque/worker.rb:752:in `job'
workers-1  | /opt/.gem/gems/resque-2.0.0/lib/resque/worker.rb:670:in `unregister_worker'
workers-1  | /opt/.gem/gems/resque-2.0.0/lib/resque/worker.rb:250:in `rescue in work'
workers-1  | /opt/.gem/gems/resque-2.0.0/lib/resque/worker.rb:231:in `work'
workers-1  | /opt/.gem/gems/resque-2.0.0/lib/resque/tasks.rb:20:in `block (2 levels) in <top (required)>'
workers-1  | 
workers-1  | Caused by:
workers-1  | Redis::CommandError: NOAUTH Authentication required.
workers-1  | /opt/.gem/gems/redis-4.1.4/lib/redis/client.rb:126:in `call'
workers-1  | /opt/.gem/gems/redis-4.1.4/lib/redis.rb:915:in `block in get'
workers-1  | /opt/.gem/gems/redis-4.1.4/lib/redis.rb:51:in `block in synchronize'
workers-1  | /opt/.gem/gems/redis-4.1.4/lib/redis.rb:51:in `synchronize'
workers-1  | /opt/.gem/gems/redis-4.1.4/lib/redis.rb:914:in `get'
workers-1  | /opt/.gem/gems/redis-namespace-1.7.0/lib/redis/namespace.rb:469:in `call_with_namespace'
workers-1  | /opt/.gem/gems/redis-namespace-1.7.0/lib/redis/namespace.rb:349:in `block (2 levels) in <class:Namespace>'
workers-1  | /opt/.gem/gems/resque-2.0.0/lib/resque/data_store.rb:231:in `get_worker_payload'
workers-1  | /opt/.gem/gems/resque-2.0.0/lib/resque/worker.rb:752:in `job'
workers-1  | /opt/.gem/gems/resque-2.0.0/lib/resque/worker.rb:670:in `unregister_worker'
workers-1  | /opt/.gem/gems/resque-2.0.0/lib/resque/worker.rb:250:in `rescue in work'
workers-1  | /opt/.gem/gems/resque-2.0.0/lib/resque/worker.rb:231:in `work'
workers-1  | /opt/.gem/gems/resque-2.0.0/lib/resque/tasks.rb:20:in `block (2 levels) in <top (required)>'
workers-1  | 
workers-1  | Caused by:
workers-1  | Redis::CommandError: NOAUTH Authentication required.
workers-1  | /opt/.gem/gems/redis-4.1.4/lib/redis/client.rb:126:in `call'
workers-1  | /opt/.gem/gems/redis-4.1.4/lib/redis.rb:915:in `block in get'
workers-1  | /opt/.gem/gems/redis-4.1.4/lib/redis.rb:51:in `block in synchronize'
workers-1  | /opt/.gem/gems/redis-4.1.4/lib/redis.rb:51:in `synchronize'
workers-1  | /opt/.gem/gems/redis-4.1.4/lib/redis.rb:914:in `get'
workers-1  | /opt/.gem/gems/redis-namespace-1.7.0/lib/redis/namespace.rb:469:in `call_with_namespace'
workers-1  | /opt/.gem/gems/redis-namespace-1.7.0/lib/redis/namespace.rb:349:in `block (2 levels) in <class:Namespace>'
workers-1  | /opt/.gem/gems/resque-2.0.0/lib/resque/data_store.rb:231:in `get_worker_payload'
workers-1  | /opt/.gem/gems/resque-2.0.0/lib/resque/worker.rb:752:in `job'
workers-1  | /opt/.gem/gems/resque-2.0.0/lib/resque/worker.rb:670:in `unregister_worker'
workers-1  | /opt/.gem/gems/resque-2.0.0/lib/resque/worker.rb:250:in `rescue in work'
workers-1  | /opt/.gem/gems/resque-2.0.0/lib/resque/worker.rb:231:in `work'
workers-1  | /opt/.gem/gems/resque-2.0.0/lib/resque/tasks.rb:20:in `block (2 levels) in <top (required)>'
workers-1  | 
workers-1  | Caused by:
workers-1  | Redis::CommandError: NOAUTH Authentication required.
workers-1  | /opt/.gem/gems/redis-4.1.4/lib/redis/client.rb:126:in `call'
workers-1  | /opt/.gem/gems/redis-4.1.4/lib/redis.rb:2216:in `block in hdel'
workers-1  | /opt/.gem/gems/redis-4.1.4/lib/redis.rb:51:in `block in synchronize'
workers-1  | /opt/.gem/gems/redis-4.1.4/lib/redis.rb:51:in `synchronize'
workers-1  | /opt/.gem/gems/redis-4.1.4/lib/redis.rb:2215:in `hdel'
workers-1  | /opt/.gem/gems/redis-namespace-1.7.0/lib/redis/namespace.rb:469:in `call_with_namespace'
workers-1  | /opt/.gem/gems/redis-namespace-1.7.0/lib/redis/namespace.rb:349:in `block (2 levels) in <class:Namespace>'
workers-1  | /opt/.gem/gems/resque-2.0.0/lib/resque/data_store.rb:261:in `remove_heartbeat'
workers-1  | /opt/.gem/gems/resque-2.0.0/lib/resque/worker.rb:475:in `remove_heartbeat'
workers-1  | /opt/.gem/gems/resque-2.0.0/lib/resque/worker.rb:507:in `start_heartbeat'
workers-1  | /opt/.gem/gems/resque-2.0.0/lib/resque/worker.rb:360:in `startup'
workers-1  | /opt/.gem/gems/resque-2.0.0/lib/resque/worker.rb:233:in `work'
workers-1  | /opt/.gem/gems/resque-2.0.0/lib/resque/tasks.rb:20:in `block (2 levels) in <top (required)>'
workers-1  | Tasks: TOP => resque:work
workers-1  | (See full trace by running task with --trace)
workers-1  | /opt/.gem/gems/redis-4.1.4/lib/redis/client.rb:126:in `call'
workers-1  | /opt/.gem/gems/redis-4.1.4/lib/redis.rb:2216:in `block in hdel'
workers-1  | /opt/.gem/gems/redis-4.1.4/lib/redis.rb:51:in `block in synchronize'
workers-1  | /opt/.gem/gems/redis-4.1.4/lib/redis.rb:51:in `synchronize'
workers-1  | /opt/.gem/gems/redis-4.1.4/lib/redis.rb:2215:in `hdel'
workers-1  | /opt/.gem/gems/redis-namespace-1.7.0/lib/redis/namespace.rb:469:in `call_with_namespace'
workers-1  | /opt/.gem/gems/redis-namespace-1.7.0/lib/redis/namespace.rb:349:in `block (2 levels) in <class:Namespace>'
workers-1  | /opt/.gem/gems/resque-2.0.0/lib/resque/data_store.rb:261:in `remove_heartbeat'
workers-1  | /opt/.gem/gems/resque-2.0.0/lib/resque/worker.rb:475:in `remove_heartbeat'
workers-1  | /opt/.gem/gems/resque-2.0.0/lib/resque/worker.rb:507:in `start_heartbeat'
workers-1  | /opt/.gem/gems/resque-2.0.0/lib/resque/worker.rb:360:in `startup'
workers-1  | /opt/.gem/gems/resque-2.0.0/lib/resque/worker.rb:233:in `work'
workers-1  | /opt/.gem/gems/resque-2.0.0/lib/resque/tasks.rb:20:in `block (2 levels) in <top (required)>'
workers-1  | Tasks: TOP => resque:work
workers-1  | (See full trace by running task with --trace)
workers-1  | rake aborted!
workers-1  | Redis::CommandError: NOAUTH Authentication required.
workers-1  | Original Exception (Redis::CommandError): NOAUTH Authentication required.
workers-1  |   /opt/.gem/gems/redis-4.1.4/lib/redis/client.rb:126:in `call'  
workers-1  | /opt/.gem/gems/redis-4.1.4/lib/redis.rb:2216:in `block in hdel'  
workers-1  | /opt/.gem/gems/redis-4.1.4/lib/redis.rb:51:in `block in synchronize'  
workers-1  | /usr/local/ruby-2.7.0/lib/ruby/2.7.0/monitor.rb:202:in `synchronize'  
workers-1  | /usr/local/ruby-2.7.0/lib/ruby/2.7.0/monitor.rb:202:in `mon_synchronize'  
workers-1  | /opt/.gem/gems/redis-4.1.4/lib/redis.rb:51:in `synchronize'  
workers-1  | /opt/.gem/gems/redis-4.1.4/lib/redis.rb:2215:in `hdel'  
workers-1  | /opt/.gem/gems/redis-namespace-1.7.0/lib/redis/namespace.rb:469:in `call_with_namespace'  
workers-1  | /opt/.gem/gems/redis-namespace-1.7.0/lib/redis/namespace.rb:349:in `block (2 levels) in <class:Namespace>'  
workers-1  | /opt/.gem/gems/resque-2.0.0/lib/resque/data_store.rb:261:in `remove_heartbeat'  
workers-1  | /usr/local/ruby-2.7.0/lib/ruby/2.7.0/forwardable.rb:235:in `remove_heartbeat'  
workers-1  | /opt/.gem/gems/resque-2.0.0/lib/resque/worker.rb:475:in `remove_heartbeat'  
workers-1  | /opt/.gem/gems/resque-2.0.0/lib/resque/worker.rb:507:in `start_heartbeat'  
workers-1  | /opt/.gem/gems/resque-2.0.0/lib/resque/worker.rb:360:in `startup'  
workers-1  | /opt/.gem/gems/resque-2.0.0/lib/resque/worker.rb:233:in `work'  
workers-1  | /opt/.gem/gems/resque-2.0.0/lib/resque/tasks.rb:20:in `block (2 levels) in <top (required)>'  
workers-1  | /usr/local/ruby-2.7.0/lib/ruby/gems/2.7.0/gems/rake-13.0.1/lib/rake/task.rb:281:in `block in execute'  
workers-1  | /usr/local/ruby-2.7.0/lib/ruby/gems/2.7.0/gems/rake-13.0.1/lib/rake/task.rb:281:in `each'  
workers-1  | /usr/local/ruby-2.7.0/lib/ruby/gems/2.7.0/gems/rake-13.0.1/lib/rake/task.rb:281:in `execute'  
workers-1  | /usr/local/ruby-2.7.0/lib/ruby/gems/2.7.0/gems/rake-13.0.1/lib/rake/task.rb:219:in `block in invoke_with_call_chain'  
workers-1  | /usr/local/ruby-2.7.0/lib/ruby/gems/2.7.0/gems/rake-13.0.1/lib/rake/task.rb:199:in `synchronize'  
workers-1  | /usr/local/ruby-2.7.0/lib/ruby/gems/2.7.0/gems/rake-13.0.1/lib/rake/task.rb:199:in `invoke_with_call_chain'  
workers-1  | /usr/local/ruby-2.7.0/lib/ruby/gems/2.7.0/gems/rake-13.0.1/lib/rake/task.rb:188:in `invoke'  
workers-1  | /usr/local/ruby-2.7.0/lib/ruby/gems/2.7.0/gems/rake-13.0.1/lib/rake/application.rb:160:in `invoke_task'  
workers-1  | /usr/local/ruby-2.7.0/lib/ruby/gems/2.7.0/gems/rake-13.0.1/lib/rake/application.rb:116:in `block (2 levels) in top_level'  
workers-1  | /usr/local/ruby-2.7.0/lib/ruby/gems/2.7.0/gems/rake-13.0.1/lib/rake/application.rb:116:in `each'  
workers-1  | /usr/local/ruby-2.7.0/lib/ruby/gems/2.7.0/gems/rake-13.0.1/lib/rake/application.rb:116:in `block in top_level'  
workers-1  | /usr/local/ruby-2.7.0/lib/ruby/gems/2.7.0/gems/rake-13.0.1/lib/rake/application.rb:125:in `run_with_threads'  
workers-1  | /usr/local/ruby-2.7.0/lib/ruby/gems/2.7.0/gems/rake-13.0.1/lib/rake/application.rb:110:in `top_level'  
workers-1  | /usr/local/ruby-2.7.0/lib/ruby/gems/2.7.0/gems/rake-13.0.1/lib/rake/application.rb:83:in `block in run'  
workers-1  | /usr/local/ruby-2.7.0/lib/ruby/gems/2.7.0/gems/rake-13.0.1/lib/rake/application.rb:186:in `standard_exception_handling'  
workers-1  | /usr/local/ruby-2.7.0/lib/ruby/gems/2.7.0/gems/rake-13.0.1/lib/rake/application.rb:80:in `run'  
workers-1  | /usr/local/ruby-2.7.0/lib/ruby/gems/2.7.0/gems/rake-13.0.1/exe/rake:27:in `<top (required)>'  
workers-1  | /usr/local/ruby-2.7.0/bin/rake:23:in `load'  
workers-1  | /usr/local/ruby-2.7.0/bin/rake:23:in `<main>'
workers-1  | /opt/.gem/gems/redis-4.1.4/lib/redis/client.rb:126:in `call'
workers-1  | /opt/.gem/gems/redis-4.1.4/lib/redis.rb:915:in `block in get'
workers-1  | /opt/.gem/gems/redis-4.1.4/lib/redis.rb:51:in `block in synchronize'
workers-1  | /opt/.gem/gems/redis-4.1.4/lib/redis.rb:51:in `synchronize'
workers-1  | /opt/.gem/gems/redis-4.1.4/lib/redis.rb:914:in `get'
workers-1  | /opt/.gem/gems/redis-namespace-1.7.0/lib/redis/namespace.rb:469:in `call_with_namespace'
workers-1  | /opt/.gem/gems/redis-namespace-1.7.0/lib/redis/namespace.rb:349:in `block (2 levels) in <class:Namespace>'
workers-1  | /opt/.gem/gems/resque-2.0.0/lib/resque/data_store.rb:231:in `get_worker_payload'
workers-1  | /opt/.gem/gems/resque-2.0.0/lib/resque/worker.rb:752:in `job'
workers-1  | /opt/.gem/gems/resque-2.0.0/lib/resque/worker.rb:670:in `unregister_worker'
workers-1  | /opt/.gem/gems/resque-2.0.0/lib/resque/worker.rb:250:in `rescue in work'
workers-1  | /opt/.gem/gems/resque-2.0.0/lib/resque/worker.rb:231:in `work'
workers-1  | /opt/.gem/gems/resque-2.0.0/lib/resque/tasks.rb:20:in `block (2 levels) in <top (required)>'
workers-1  | 
workers-1  | Caused by:
workers-1  | Redis::CommandError: NOAUTH Authentication required.
workers-1  | /opt/.gem/gems/redis-4.1.4/lib/redis/client.rb:126:in `call'
workers-1  | /opt/.gem/gems/redis-4.1.4/lib/redis.rb:915:in `block in get'
workers-1  | /opt/.gem/gems/redis-4.1.4/lib/redis.rb:51:in `block in synchronize'
workers-1  | /opt/.gem/gems/redis-4.1.4/lib/redis.rb:51:in `synchronize'
workers-1  | /opt/.gem/gems/redis-4.1.4/lib/redis.rb:914:in `get'
workers-1  | /opt/.gem/gems/redis-namespace-1.7.0/lib/redis/namespace.rb:469:in `call_with_namespace'
workers-1  | /opt/.gem/gems/redis-namespace-1.7.0/lib/redis/namespace.rb:349:in `block (2 levels) in <class:Namespace>'
workers-1  | /opt/.gem/gems/resque-2.0.0/lib/resque/data_store.rb:231:in `get_worker_payload'
workers-1  | /opt/.gem/gems/resque-2.0.0/lib/resque/worker.rb:752:in `job'
workers-1  | /opt/.gem/gems/resque-2.0.0/lib/resque/worker.rb:670:in `unregister_worker'
workers-1  | /opt/.gem/gems/resque-2.0.0/lib/resque/worker.rb:250:in `rescue in work'
workers-1  | /opt/.gem/gems/resque-2.0.0/lib/resque/worker.rb:231:in `work'
workers-1  | /opt/.gem/gems/resque-2.0.0/lib/resque/tasks.rb:20:in `block (2 levels) in <top (required)>'
workers-1  | 
workers-1  | Caused by:
workers-1  | Redis::CommandError: NOAUTH Authentication required.
workers-1  | /opt/.gem/gems/redis-4.1.4/lib/redis/client.rb:126:in `call'
workers-1  | /opt/.gem/gems/redis-4.1.4/lib/redis.rb:2216:in `block in hdel'
workers-1  | /opt/.gem/gems/redis-4.1.4/lib/redis.rb:51:in `block in synchronize'
workers-1  | /opt/.gem/gems/redis-4.1.4/lib/redis.rb:51:in `synchronize'
workers-1  | /opt/.gem/gems/redis-4.1.4/lib/redis.rb:2215:in `hdel'
workers-1  | /opt/.gem/gems/redis-namespace-1.7.0/lib/redis/namespace.rb:469:in `call_with_namespace'
workers-1  | /opt/.gem/gems/redis-namespace-1.7.0/lib/redis/namespace.rb:349:in `block (2 levels) in <class:Namespace>'
workers-1  | /opt/.gem/gems/resque-2.0.0/lib/resque/data_store.rb:261:in `remove_heartbeat'
workers-1  | /opt/.gem/gems/resque-2.0.0/lib/resque/worker.rb:475:in `remove_heartbeat'
workers-1  | /opt/.gem/gems/resque-2.0.0/lib/resque/worker.rb:507:in `start_heartbeat'
workers-1  | /opt/.gem/gems/resque-2.0.0/lib/resque/worker.rb:360:in `startup'
workers-1  | /opt/.gem/gems/resque-2.0.0/lib/resque/worker.rb:233:in `work'
workers-1  | /opt/.gem/gems/resque-2.0.0/lib/resque/tasks.rb:20:in `block (2 levels) in <top (required)>'
workers-1  | Tasks: TOP => resque:work
workers-1  | (See full trace by running task with --trace)
workers-1  | rake aborted!
workers-1  | Redis::CommandError: NOAUTH Authentication required.
workers-1  | Original Exception (Redis::CommandError): NOAUTH Authentication required.
workers-1  |   /opt/.gem/gems/redis-4.1.4/lib/redis/client.rb:126:in `call'  
workers-1  | /opt/.gem/gems/redis-4.1.4/lib/redis.rb:2216:in `block in hdel'  
workers-1  | /opt/.gem/gems/redis-4.1.4/lib/redis.rb:51:in `block in synchronize'  
workers-1  | /usr/local/ruby-2.7.0/lib/ruby/2.7.0/monitor.rb:202:in `synchronize'  
workers-1  | /usr/local/ruby-2.7.0/lib/ruby/2.7.0/monitor.rb:202:in `mon_synchronize'  
workers-1  | /opt/.gem/gems/redis-4.1.4/lib/redis.rb:51:in `synchronize'  
workers-1  | /opt/.gem/gems/redis-4.1.4/lib/redis.rb:2215:in `hdel'  
workers-1  | /opt/.gem/gems/redis-namespace-1.7.0/lib/redis/namespace.rb:469:in `call_with_namespace'  
workers-1  | /opt/.gem/gems/redis-namespace-1.7.0/lib/redis/namespace.rb:349:in `block (2 levels) in <class:Namespace>'  
workers-1  | /opt/.gem/gems/resque-2.0.0/lib/resque/data_store.rb:261:in `remove_heartbeat'  
workers-1  | /usr/local/ruby-2.7.0/lib/ruby/2.7.0/forwardable.rb:235:in `remove_heartbeat'  
workers-1  | /opt/.gem/gems/resque-2.0.0/lib/resque/worker.rb:475:in `remove_heartbeat'  
workers-1  | /opt/.gem/gems/resque-2.0.0/lib/resque/worker.rb:507:in `start_heartbeat'  
workers-1  | /opt/.gem/gems/resque-2.0.0/lib/resque/worker.rb:360:in `startup'  
workers-1  | /opt/.gem/gems/resque-2.0.0/lib/resque/worker.rb:233:in `work'  
workers-1  | /opt/.gem/gems/resque-2.0.0/lib/resque/tasks.rb:20:in `block (2 levels) in <top (required)>'  
workers-1  | /usr/local/ruby-2.7.0/lib/ruby/gems/2.7.0/gems/rake-13.0.1/lib/rake/task.rb:281:in `block in execute'  
workers-1  | /usr/local/ruby-2.7.0/lib/ruby/gems/2.7.0/gems/rake-13.0.1/lib/rake/task.rb:281:in `each'  
workers-1  | /usr/local/ruby-2.7.0/lib/ruby/gems/2.7.0/gems/rake-13.0.1/lib/rake/task.rb:281:in `execute'  
workers-1  | /usr/local/ruby-2.7.0/lib/ruby/gems/2.7.0/gems/rake-13.0.1/lib/rake/task.rb:219:in `block in invoke_with_call_chain'  
workers-1  | /usr/local/ruby-2.7.0/lib/ruby/gems/2.7.0/gems/rake-13.0.1/lib/rake/task.rb:199:in `synchronize'  
workers-1  | /usr/local/ruby-2.7.0/lib/ruby/gems/2.7.0/gems/rake-13.0.1/lib/rake/task.rb:199:in `invoke_with_call_chain'  
workers-1  | /usr/local/ruby-2.7.0/lib/ruby/gems/2.7.0/gems/rake-13.0.1/lib/rake/task.rb:188:in `invoke'  
workers-1  | /usr/local/ruby-2.7.0/lib/ruby/gems/2.7.0/gems/rake-13.0.1/lib/rake/application.rb:160:in `invoke_task'  
workers-1  | /usr/local/ruby-2.7.0/lib/ruby/gems/2.7.0/gems/rake-13.0.1/lib/rake/application.rb:116:in `block (2 levels) in top_level'  
workers-1  | /usr/local/ruby-2.7.0/lib/ruby/gems/2.7.0/gems/rake-13.0.1/lib/rake/application.rb:116:in `each'  
workers-1  | /usr/local/ruby-2.7.0/lib/ruby/gems/2.7.0/gems/rake-13.0.1/lib/rake/application.rb:116:in `block in top_level'  
workers-1  | /usr/local/ruby-2.7.0/lib/ruby/gems/2.7.0/gems/rake-13.0.1/lib/rake/application.rb:125:in `run_with_threads'  
workers-1  | /usr/local/ruby-2.7.0/lib/ruby/gems/2.7.0/gems/rake-13.0.1/lib/rake/application.rb:110:in `top_level'  
workers-1  | /usr/local/ruby-2.7.0/lib/ruby/gems/2.7.0/gems/rake-13.0.1/lib/rake/application.rb:83:in `block in run'  
workers-1  | /usr/local/ruby-2.7.0/lib/ruby/gems/2.7.0/gems/rake-13.0.1/lib/rake/application.rb:186:in `standard_exception_handling'  
workers-1  | /usr/local/ruby-2.7.0/lib/ruby/gems/2.7.0/gems/rake-13.0.1/lib/rake/application.rb:80:in `run'  
workers-1  | /usr/local/ruby-2.7.0/lib/ruby/gems/2.7.0/gems/rake-13.0.1/exe/rake:27:in `<top (required)>'  
workers-1  | /usr/local/ruby-2.7.0/bin/rake:23:in `load'  
workers-1  | /usr/local/ruby-2.7.0/bin/rake:23:in `<main>'
workers-1  | /opt/.gem/gems/redis-4.1.4/lib/redis/client.rb:126:in `call'
workers-1  | /opt/.gem/gems/redis-4.1.4/lib/redis.rb:915:in `block in get'
workers-1  | /opt/.gem/gems/redis-4.1.4/lib/redis.rb:51:in `block in synchronize'
workers-1  | /opt/.gem/gems/redis-4.1.4/lib/redis.rb:51:in `synchronize'
workers-1  | /opt/.gem/gems/redis-4.1.4/lib/redis.rb:914:in `get'
workers-1  | /opt/.gem/gems/redis-namespace-1.7.0/lib/redis/namespace.rb:469:in `call_with_namespace'
workers-1  | /opt/.gem/gems/redis-namespace-1.7.0/lib/redis/namespace.rb:349:in `block (2 levels) in <class:Namespace>'
workers-1  | /opt/.gem/gems/resque-2.0.0/lib/resque/data_store.rb:231:in `get_worker_payload'
workers-1  | /opt/.gem/gems/resque-2.0.0/lib/resque/worker.rb:752:in `job'
workers-1  | /opt/.gem/gems/resque-2.0.0/lib/resque/worker.rb:670:in `unregister_worker'
workers-1  | /opt/.gem/gems/resque-2.0.0/lib/resque/worker.rb:250:in `rescue in work'
workers-1  | /opt/.gem/gems/resque-2.0.0/lib/resque/worker.rb:231:in `work'
workers-1  | /opt/.gem/gems/resque-2.0.0/lib/resque/tasks.rb:20:in `block (2 levels) in <top (required)>'
workers-1  | 
workers-1  | Caused by:
workers-1  | Redis::CommandError: NOAUTH Authentication required.
workers-1  | /opt/.gem/gems/redis-4.1.4/lib/redis/client.rb:126:in `call'
workers-1  | /opt/.gem/gems/redis-4.1.4/lib/redis.rb:915:in `block in get'
workers-1  | /opt/.gem/gems/redis-4.1.4/lib/redis.rb:51:in `block in synchronize'
workers-1  | /opt/.gem/gems/redis-4.1.4/lib/redis.rb:51:in `synchronize'
workers-1  | /opt/.gem/gems/redis-4.1.4/lib/redis.rb:914:in `get'
workers-1  | /opt/.gem/gems/redis-namespace-1.7.0/lib/redis/namespace.rb:469:in `call_with_namespace'
workers-1  | /opt/.gem/gems/redis-namespace-1.7.0/lib/redis/namespace.rb:349:in `block (2 levels) in <class:Namespace>'
workers-1  | /opt/.gem/gems/resque-2.0.0/lib/resque/data_store.rb:231:in `get_worker_payload'
workers-1  | /opt/.gem/gems/resque-2.0.0/lib/resque/worker.rb:752:in `job'
workers-1  | /opt/.gem/gems/resque-2.0.0/lib/resque/worker.rb:670:in `unregister_worker'
workers-1  | /opt/.gem/gems/resque-2.0.0/lib/resque/worker.rb:250:in `rescue in work'
workers-1  | /opt/.gem/gems/resque-2.0.0/lib/resque/worker.rb:231:in `work'
workers-1  | /opt/.gem/gems/resque-2.0.0/lib/resque/tasks.rb:20:in `block (2 levels) in <top (required)>'
workers-1  | 
workers-1  | Caused by:
workers-1  | Redis::CommandError: NOAUTH Authentication required.
workers-1  | /opt/.gem/gems/redis-4.1.4/lib/redis/client.rb:126:in `call'
workers-1  | /opt/.gem/gems/redis-4.1.4/lib/redis.rb:2216:in `block in hdel'
workers-1  | /opt/.gem/gems/redis-4.1.4/lib/redis.rb:51:in `block in synchronize'
workers-1  | /opt/.gem/gems/redis-4.1.4/lib/redis.rb:51:in `synchronize'
workers-1  | /opt/.gem/gems/redis-4.1.4/lib/redis.rb:2215:in `hdel'
workers-1  | /opt/.gem/gems/redis-namespace-1.7.0/lib/redis/namespace.rb:469:in `call_with_namespace'
workers-1  | /opt/.gem/gems/redis-namespace-1.7.0/lib/redis/namespace.rb:349:in `block (2 levels) in <class:Namespace>'
workers-1  | /opt/.gem/gems/resque-2.0.0/lib/resque/data_store.rb:261:in `remove_heartbeat'
workers-1  | /opt/.gem/gems/resque-2.0.0/lib/resque/worker.rb:475:in `remove_heartbeat'
workers-1  | /opt/.gem/gems/resque-2.0.0/lib/resque/worker.rb:507:in `start_heartbeat'
workers-1  | /opt/.gem/gems/resque-2.0.0/lib/resque/worker.rb:360:in `startup'
workers-1  | /opt/.gem/gems/resque-2.0.0/lib/resque/worker.rb:233:in `work'
workers-1  | /opt/.gem/gems/resque-2.0.0/lib/resque/tasks.rb:20:in `block (2 levels) in <top (required)>'
workers-1  | Tasks: TOP => resque:work
workers-1  | (See full trace by running task with --trace)
workers-1  | rake aborted!
workers-1  | Redis::CommandError: NOAUTH Authentication required.
workers-1  | Original Exception (Redis::CommandError): NOAUTH Authentication required.
workers-1  |   /opt/.gem/gems/redis-4.1.4/lib/redis/client.rb:126:in `call'  
workers-1  | /opt/.gem/gems/redis-4.1.4/lib/redis.rb:2216:in `block in hdel'  
workers-1  | /opt/.gem/gems/redis-4.1.4/lib/redis.rb:51:in `block in synchronize'  
workers-1  | /usr/local/ruby-2.7.0/lib/ruby/2.7.0/monitor.rb:202:in `synchronize'  
workers-1  | /usr/local/ruby-2.7.0/lib/ruby/2.7.0/monitor.rb:202:in `mon_synchronize'  
workers-1  | /opt/.gem/gems/redis-4.1.4/lib/redis.rb:51:in `synchronize'  
workers-1  | /opt/.gem/gems/redis-4.1.4/lib/redis.rb:2215:in `hdel'  
workers-1  | /opt/.gem/gems/redis-namespace-1.7.0/lib/redis/namespace.rb:469:in `call_with_namespace'  
workers-1  | /opt/.gem/gems/redis-namespace-1.7.0/lib/redis/namespace.rb:349:in `block (2 levels) in <class:Namespace>'  
workers-1  | /opt/.gem/gems/resque-2.0.0/lib/resque/data_store.rb:261:in `remove_heartbeat'  
workers-1  | /usr/local/ruby-2.7.0/lib/ruby/2.7.0/forwardable.rb:235:in `remove_heartbeat'  
workers-1  | /opt/.gem/gems/resque-2.0.0/lib/resque/worker.rb:475:in `remove_heartbeat'  
workers-1  | /opt/.gem/gems/resque-2.0.0/lib/resque/worker.rb:507:in `start_heartbeat'  
workers-1  | /opt/.gem/gems/resque-2.0.0/lib/resque/worker.rb:360:in `startup'  
workers-1  | /opt/.gem/gems/resque-2.0.0/lib/resque/worker.rb:233:in `work'  
workers-1  | /opt/.gem/gems/resque-2.0.0/lib/resque/tasks.rb:20:in `block (2 levels) in <top (required)>'  
workers-1  | /usr/local/ruby-2.7.0/lib/ruby/gems/2.7.0/gems/rake-13.0.1/lib/rake/task.rb:281:in `block in execute'  
workers-1  | /usr/local/ruby-2.7.0/lib/ruby/gems/2.7.0/gems/rake-13.0.1/lib/rake/task.rb:281:in `each'  
workers-1  | /usr/local/ruby-2.7.0/lib/ruby/gems/2.7.0/gems/rake-13.0.1/lib/rake/task.rb:281:in `execute'  
workers-1  | /usr/local/ruby-2.7.0/lib/ruby/gems/2.7.0/gems/rake-13.0.1/lib/rake/task.rb:219:in `block in invoke_with_call_chain'  
workers-1  | /usr/local/ruby-2.7.0/lib/ruby/gems/2.7.0/gems/rake-13.0.1/lib/rake/task.rb:199:in `synchronize'  
workers-1  | /usr/local/ruby-2.7.0/lib/ruby/gems/2.7.0/gems/rake-13.0.1/lib/rake/task.rb:199:in `invoke_with_call_chain'  
workers-1  | /usr/local/ruby-2.7.0/lib/ruby/gems/2.7.0/gems/rake-13.0.1/lib/rake/task.rb:188:in `invoke'  
workers-1  | /usr/local/ruby-2.7.0/lib/ruby/gems/2.7.0/gems/rake-13.0.1/lib/rake/application.rb:160:in `invoke_task'  
workers-1  | /usr/local/ruby-2.7.0/lib/ruby/gems/2.7.0/gems/rake-13.0.1/lib/rake/application.rb:116:in `block (2 levels) in top_level'  
workers-1  | /usr/local/ruby-2.7.0/lib/ruby/gems/2.7.0/gems/rake-13.0.1/lib/rake/application.rb:116:in `each'  
workers-1  | /usr/local/ruby-2.7.0/lib/ruby/gems/2.7.0/gems/rake-13.0.1/lib/rake/application.rb:116:in `block in top_level'  
workers-1  | /usr/local/ruby-2.7.0/lib/ruby/gems/2.7.0/gems/rake-13.0.1/lib/rake/application.rb:125:in `run_with_threads'  
workers-1  | /usr/local/ruby-2.7.0/lib/ruby/gems/2.7.0/gems/rake-13.0.1/lib/rake/application.rb:110:in `top_level'  
workers-1  | /usr/local/ruby-2.7.0/lib/ruby/gems/2.7.0/gems/rake-13.0.1/lib/rake/application.rb:83:in `block in run'  
workers-1  | /usr/local/ruby-2.7.0/lib/ruby/gems/2.7.0/gems/rake-13.0.1/lib/rake/application.rb:186:in `standard_exception_handling'  
workers-1  | /usr/local/ruby-2.7.0/lib/ruby/gems/2.7.0/gems/rake-13.0.1/lib/rake/application.rb:80:in `run'  
workers-1  | /usr/local/ruby-2.7.0/lib/ruby/gems/2.7.0/gems/rake-13.0.1/exe/rake:27:in `<top (required)>'  
workers-1  | /usr/local/ruby-2.7.0/bin/rake:23:in `load'  
workers-1  | /usr/local/ruby-2.7.0/bin/rake:23:in `<main>'
workers-1  | /opt/.gem/gems/redis-4.1.4/lib/redis/client.rb:126:in `call'
workers-1  | /opt/.gem/gems/redis-4.1.4/lib/redis.rb:915:in `block in get'
workers-1  | /opt/.gem/gems/redis-4.1.4/lib/redis.rb:51:in `block in synchronize'
workers-1  | /opt/.gem/gems/redis-4.1.4/lib/redis.rb:51:in `synchronize'
workers-1  | /opt/.gem/gems/redis-4.1.4/lib/redis.rb:914:in `get'
workers-1  | /opt/.gem/gems/redis-namespace-1.7.0/lib/redis/namespace.rb:469:in `call_with_namespace'
workers-1  | /opt/.gem/gems/redis-namespace-1.7.0/lib/redis/namespace.rb:349:in `block (2 levels) in <class:Namespace>'
workers-1  | /opt/.gem/gems/resque-2.0.0/lib/resque/data_store.rb:231:in `get_worker_payload'
workers-1  | /opt/.gem/gems/resque-2.0.0/lib/resque/worker.rb:752:in `job'
workers-1  | /opt/.gem/gems/resque-2.0.0/lib/resque/worker.rb:670:in `unregister_worker'
workers-1  | /opt/.gem/gems/resque-2.0.0/lib/resque/worker.rb:250:in `rescue in work'
workers-1  | /opt/.gem/gems/resque-2.0.0/lib/resque/worker.rb:231:in `work'
workers-1  | /opt/.gem/gems/resque-2.0.0/lib/resque/tasks.rb:20:in `block (2 levels) in <top (required)>'
workers-1  | 
workers-1  | Caused by:
workers-1  | Redis::CommandError: NOAUTH Authentication required.
workers-1  | /opt/.gem/gems/redis-4.1.4/lib/redis/client.rb:126:in `call'
workers-1  | /opt/.gem/gems/redis-4.1.4/lib/redis.rb:915:in `block in get'
workers-1  | /opt/.gem/gems/redis-4.1.4/lib/redis.rb:51:in `block in synchronize'
workers-1  | /opt/.gem/gems/redis-4.1.4/lib/redis.rb:51:in `synchronize'
workers-1  | /opt/.gem/gems/redis-4.1.4/lib/redis.rb:914:in `get'
workers-1  | /opt/.gem/gems/redis-namespace-1.7.0/lib/redis/namespace.rb:469:in `call_with_namespace'
workers-1  | /opt/.gem/gems/redis-namespace-1.7.0/lib/redis/namespace.rb:349:in `block (2 levels) in <class:Namespace>'
workers-1  | /opt/.gem/gems/resque-2.0.0/lib/resque/data_store.rb:231:in `get_worker_payload'
workers-1  | /opt/.gem/gems/resque-2.0.0/lib/resque/worker.rb:752:in `job'
workers-1  | /opt/.gem/gems/resque-2.0.0/lib/resque/worker.rb:670:in `unregister_worker'
workers-1  | /opt/.gem/gems/resque-2.0.0/lib/resque/worker.rb:250:in `rescue in work'
workers-1  | /opt/.gem/gems/resque-2.0.0/lib/resque/worker.rb:231:in `work'
workers-1  | /opt/.gem/gems/resque-2.0.0/lib/resque/tasks.rb:20:in `block (2 levels) in <top (required)>'
workers-1  | 
workers-1  | Caused by:
workers-1  | Redis::CommandError: NOAUTH Authentication required.
workers-1  | /opt/.gem/gems/redis-4.1.4/lib/redis/client.rb:126:in `call'
workers-1  | /opt/.gem/gems/redis-4.1.4/lib/redis.rb:2216:in `block in hdel'
workers-1  | /opt/.gem/gems/redis-4.1.4/lib/redis.rb:51:in `block in synchronize'
workers-1  | /opt/.gem/gems/redis-4.1.4/lib/redis.rb:51:in `synchronize'
workers-1  | /opt/.gem/gems/redis-4.1.4/lib/redis.rb:2215:in `hdel'
workers-1  | /opt/.gem/gems/redis-namespace-1.7.0/lib/redis/namespace.rb:469:in `call_with_namespace'
workers-1  | /opt/.gem/gems/redis-namespace-1.7.0/lib/redis/namespace.rb:349:in `block (2 levels) in <class:Namespace>'
workers-1  | /opt/.gem/gems/resque-2.0.0/lib/resque/data_store.rb:261:in `remove_heartbeat'
workers-1  | /opt/.gem/gems/resque-2.0.0/lib/resque/worker.rb:475:in `remove_heartbeat'
workers-1  | /opt/.gem/gems/resque-2.0.0/lib/resque/worker.rb:507:in `start_heartbeat'
workers-1  | /opt/.gem/gems/resque-2.0.0/lib/resque/worker.rb:360:in `startup'
workers-1  | /opt/.gem/gems/resque-2.0.0/lib/resque/worker.rb:233:in `work'
workers-1  | /opt/.gem/gems/resque-2.0.0/lib/resque/tasks.rb:20:in `block (2 levels) in <top (required)>'
workers-1  | Tasks: TOP => resque:work
workers-1  | (See full trace by running task with --trace)
workers-1  | rake aborted!
workers-1  | Redis::CommandError: NOAUTH Authentication required.
workers-1  | Original Exception (Redis::CommandError): NOAUTH Authentication required.
workers-1  |   /opt/.gem/gems/redis-4.1.4/lib/redis/client.rb:126:in `call'  
workers-1  | /opt/.gem/gems/redis-4.1.4/lib/redis.rb:2216:in `block in hdel'  
workers-1  | /opt/.gem/gems/redis-4.1.4/lib/redis.rb:51:in `block in synchronize'  
workers-1  | /usr/local/ruby-2.7.0/lib/ruby/2.7.0/monitor.rb:202:in `synchronize'  
workers-1  | /usr/local/ruby-2.7.0/lib/ruby/2.7.0/monitor.rb:202:in `mon_synchronize'  
workers-1  | /opt/.gem/gems/redis-4.1.4/lib/redis.rb:51:in `synchronize'  
workers-1  | /opt/.gem/gems/redis-4.1.4/lib/redis.rb:2215:in `hdel'  
workers-1  | /opt/.gem/gems/redis-namespace-1.7.0/lib/redis/namespace.rb:469:in `call_with_namespace'  
workers-1  | /opt/.gem/gems/redis-namespace-1.7.0/lib/redis/namespace.rb:349:in `block (2 levels) in <class:Namespace>'  
workers-1  | /opt/.gem/gems/resque-2.0.0/lib/resque/data_store.rb:261:in `remove_heartbeat'  
workers-1  | /usr/local/ruby-2.7.0/lib/ruby/2.7.0/forwardable.rb:235:in `remove_heartbeat'  
workers-1  | /opt/.gem/gems/resque-2.0.0/lib/resque/worker.rb:475:in `remove_heartbeat'  
workers-1  | /opt/.gem/gems/resque-2.0.0/lib/resque/worker.rb:507:in `start_heartbeat'  
workers-1  | /opt/.gem/gems/resque-2.0.0/lib/resque/worker.rb:360:in `startup'  
workers-1  | /opt/.gem/gems/resque-2.0.0/lib/resque/worker.rb:233:in `work'  
workers-1  | /opt/.gem/gems/resque-2.0.0/lib/resque/tasks.rb:20:in `block (2 levels) in <top (required)>'  
workers-1  | /usr/local/ruby-2.7.0/lib/ruby/gems/2.7.0/gems/rake-13.0.1/lib/rake/task.rb:281:in `block in execute'  
workers-1  | /usr/local/ruby-2.7.0/lib/ruby/gems/2.7.0/gems/rake-13.0.1/lib/rake/task.rb:281:in `each'  
workers-1  | /usr/local/ruby-2.7.0/lib/ruby/gems/2.7.0/gems/rake-13.0.1/lib/rake/task.rb:281:in `execute'  
workers-1  | /usr/local/ruby-2.7.0/lib/ruby/gems/2.7.0/gems/rake-13.0.1/lib/rake/task.rb:219:in `block in invoke_with_call_chain'  
workers-1  | /usr/local/ruby-2.7.0/lib/ruby/gems/2.7.0/gems/rake-13.0.1/lib/rake/task.rb:199:in `synchronize'  
workers-1  | /usr/local/ruby-2.7.0/lib/ruby/gems/2.7.0/gems/rake-13.0.1/lib/rake/task.rb:199:in `invoke_with_call_chain'  
workers-1  | /usr/local/ruby-2.7.0/lib/ruby/gems/2.7.0/gems/rake-13.0.1/lib/rake/task.rb:188:in `invoke'  
workers-1  | /usr/local/ruby-2.7.0/lib/ruby/gems/2.7.0/gems/rake-13.0.1/lib/rake/application.rb:160:in `invoke_task'  
workers-1  | /usr/local/ruby-2.7.0/lib/ruby/gems/2.7.0/gems/rake-13.0.1/lib/rake/application.rb:116:in `block (2 levels) in top_level'  
workers-1  | /usr/local/ruby-2.7.0/lib/ruby/gems/2.7.0/gems/rake-13.0.1/lib/rake/application.rb:116:in `each'  
workers-1  | /usr/local/ruby-2.7.0/lib/ruby/gems/2.7.0/gems/rake-13.0.1/lib/rake/application.rb:116:in `block in top_level'  
workers-1  | /usr/local/ruby-2.7.0/lib/ruby/gems/2.7.0/gems/rake-13.0.1/lib/rake/application.rb:125:in `run_with_threads'  
workers-1  | /usr/local/ruby-2.7.0/lib/ruby/gems/2.7.0/gems/rake-13.0.1/lib/rake/application.rb:110:in `top_level'  
workers-1  | /usr/local/ruby-2.7.0/lib/ruby/gems/2.7.0/gems/rake-13.0.1/lib/rake/application.rb:83:in `block in run'  
workers-1  | /usr/local/ruby-2.7.0/lib/ruby/gems/2.7.0/gems/rake-13.0.1/lib/rake/application.rb:186:in `standard_exception_handling'  
workers-1  | /usr/local/ruby-2.7.0/lib/ruby/gems/2.7.0/gems/rake-13.0.1/lib/rake/application.rb:80:in `run'  
workers-1  | /usr/local/ruby-2.7.0/lib/ruby/gems/2.7.0/gems/rake-13.0.1/exe/rake:27:in `<top (required)>'  
workers-1  | /usr/local/ruby-2.7.0/bin/rake:23:in `load'  
workers-1  | /usr/local/ruby-2.7.0/bin/rake:23:in `<main>'
workers-1  | /opt/.gem/gems/redis-4.1.4/lib/redis/client.rb:126:in `call'
workers-1  | /opt/.gem/gems/redis-4.1.4/lib/redis.rb:915:in `block in get'
workers-1  | /opt/.gem/gems/redis-4.1.4/lib/redis.rb:51:in `block in synchronize'
workers-1  | /opt/.gem/gems/redis-4.1.4/lib/redis.rb:51:in `synchronize'
workers-1  | /opt/.gem/gems/redis-4.1.4/lib/redis.rb:914:in `get'
workers-1  | /opt/.gem/gems/redis-namespace-1.7.0/lib/redis/namespace.rb:469:in `call_with_namespace'
workers-1  | /opt/.gem/gems/redis-namespace-1.7.0/lib/redis/namespace.rb:349:in `block (2 levels) in <class:Namespace>'
workers-1  | /opt/.gem/gems/resque-2.0.0/lib/resque/data_store.rb:231:in `get_worker_payload'
workers-1  | /opt/.gem/gems/resque-2.0.0/lib/resque/worker.rb:752:in `job'
workers-1  | /opt/.gem/gems/resque-2.0.0/lib/resque/worker.rb:670:in `unregister_worker'
workers-1  | /opt/.gem/gems/resque-2.0.0/lib/resque/worker.rb:250:in `rescue in work'
workers-1  | /opt/.gem/gems/resque-2.0.0/lib/resque/worker.rb:231:in `work'
workers-1  | /opt/.gem/gems/resque-2.0.0/lib/resque/tasks.rb:20:in `block (2 levels) in <top (required)>'
workers-1  | 
workers-1  | Caused by:
workers-1  | Redis::CommandError: NOAUTH Authentication required.
workers-1  | /opt/.gem/gems/redis-4.1.4/lib/redis/client.rb:126:in `call'
workers-1  | /opt/.gem/gems/redis-4.1.4/lib/redis.rb:915:in `block in get'
workers-1  | /opt/.gem/gems/redis-4.1.4/lib/redis.rb:51:in `block in synchronize'
workers-1  | /opt/.gem/gems/redis-4.1.4/lib/redis.rb:51:in `synchronize'
workers-1  | /opt/.gem/gems/redis-4.1.4/lib/redis.rb:914:in `get'
workers-1  | /opt/.gem/gems/redis-namespace-1.7.0/lib/redis/namespace.rb:469:in `call_with_namespace'
workers-1  | /opt/.gem/gems/redis-namespace-1.7.0/lib/redis/namespace.rb:349:in `block (2 levels) in <class:Namespace>'
workers-1  | /opt/.gem/gems/resque-2.0.0/lib/resque/data_store.rb:231:in `get_worker_payload'
workers-1  | /opt/.gem/gems/resque-2.0.0/lib/resque/worker.rb:752:in `job'
workers-1  | /opt/.gem/gems/resque-2.0.0/lib/resque/worker.rb:670:in `unregister_worker'
workers-1  | /opt/.gem/gems/resque-2.0.0/lib/resque/worker.rb:250:in `rescue in work'
workers-1  | /opt/.gem/gems/resque-2.0.0/lib/resque/worker.rb:231:in `work'
workers-1  | /opt/.gem/gems/resque-2.0.0/lib/resque/tasks.rb:20:in `block (2 levels) in <top (required)>'
workers-1  | 
workers-1  | Caused by:
workers-1  | Redis::CommandError: NOAUTH Authentication required.
workers-1  | /opt/.gem/gems/redis-4.1.4/lib/redis/client.rb:126:in `call'
workers-1  | /opt/.gem/gems/redis-4.1.4/lib/redis.rb:2216:in `block in hdel'
workers-1  | /opt/.gem/gems/redis-4.1.4/lib/redis.rb:51:in `block in synchronize'
workers-1  | /opt/.gem/gems/redis-4.1.4/lib/redis.rb:51:in `synchronize'
workers-1  | /opt/.gem/gems/redis-4.1.4/lib/redis.rb:2215:in `hdel'
workers-1  | /opt/.gem/gems/redis-namespace-1.7.0/lib/redis/namespace.rb:469:in `call_with_namespace'
workers-1  | /opt/.gem/gems/redis-namespace-1.7.0/lib/redis/namespace.rb:349:in `block (2 levels) in <class:Namespace>'
workers-1  | /opt/.gem/gems/resque-2.0.0/lib/resque/data_store.rb:261:in `remove_heartbeat'
workers-1  | /opt/.gem/gems/resque-2.0.0/lib/resque/worker.rb:475:in `remove_heartbeat'
workers-1  | /opt/.gem/gems/resque-2.0.0/lib/resque/worker.rb:507:in `start_heartbeat'
workers-1  | /opt/.gem/gems/resque-2.0.0/lib/resque/worker.rb:360:in `startup'
workers-1  | /opt/.gem/gems/resque-2.0.0/lib/resque/worker.rb:233:in `work'
workers-1  | /opt/.gem/gems/resque-2.0.0/lib/resque/tasks.rb:20:in `block (2 levels) in <top (required)>'
workers-1  | Tasks: TOP => resque:work
workers-1  | (See full trace by running task with --trace)
workers-1  | rake aborted!
workers-1  | Redis::CommandError: NOAUTH Authentication required.
workers-1  | Original Exception (Redis::CommandError): NOAUTH Authentication required.
workers-1  |   /opt/.gem/gems/redis-4.1.4/lib/redis/client.rb:126:in `call'  
workers-1  | /opt/.gem/gems/redis-4.1.4/lib/redis.rb:2216:in `block in hdel'  
workers-1  | /opt/.gem/gems/redis-4.1.4/lib/redis.rb:51:in `block in synchronize'  
workers-1  | /usr/local/ruby-2.7.0/lib/ruby/2.7.0/monitor.rb:202:in `synchronize'  
workers-1  | /usr/local/ruby-2.7.0/lib/ruby/2.7.0/monitor.rb:202:in `mon_synchronize'  
workers-1  | /opt/.gem/gems/redis-4.1.4/lib/redis.rb:51:in `synchronize'  
workers-1  | /opt/.gem/gems/redis-4.1.4/lib/redis.rb:2215:in `hdel'  
workers-1  | /opt/.gem/gems/redis-namespace-1.7.0/lib/redis/namespace.rb:469:in `call_with_namespace'  
workers-1  | /opt/.gem/gems/redis-namespace-1.7.0/lib/redis/namespace.rb:349:in `block (2 levels) in <class:Namespace>'  
workers-1  | /opt/.gem/gems/resque-2.0.0/lib/resque/data_store.rb:261:in `remove_heartbeat'  
workers-1  | /usr/local/ruby-2.7.0/lib/ruby/2.7.0/forwardable.rb:235:in `remove_heartbeat'  
workers-1  | /opt/.gem/gems/resque-2.0.0/lib/resque/worker.rb:475:in `remove_heartbeat'  
workers-1  | /opt/.gem/gems/resque-2.0.0/lib/resque/worker.rb:507:in `start_heartbeat'  
workers-1  | /opt/.gem/gems/resque-2.0.0/lib/resque/worker.rb:360:in `startup'  
workers-1  | /opt/.gem/gems/resque-2.0.0/lib/resque/worker.rb:233:in `work'  
workers-1  | /opt/.gem/gems/resque-2.0.0/lib/resque/tasks.rb:20:in `block (2 levels) in <top (required)>'  
workers-1  | /usr/local/ruby-2.7.0/lib/ruby/gems/2.7.0/gems/rake-13.0.1/lib/rake/task.rb:281:in `block in execute'  
workers-1  | /usr/local/ruby-2.7.0/lib/ruby/gems/2.7.0/gems/rake-13.0.1/lib/rake/task.rb:281:in `each'  
workers-1  | /usr/local/ruby-2.7.0/lib/ruby/gems/2.7.0/gems/rake-13.0.1/lib/rake/task.rb:281:in `execute'  
workers-1  | /usr/local/ruby-2.7.0/lib/ruby/gems/2.7.0/gems/rake-13.0.1/lib/rake/task.rb:219:in `block in invoke_with_call_chain'  
workers-1  | /usr/local/ruby-2.7.0/lib/ruby/gems/2.7.0/gems/rake-13.0.1/lib/rake/task.rb:199:in `synchronize'  
workers-1  | /usr/local/ruby-2.7.0/lib/ruby/gems/2.7.0/gems/rake-13.0.1/lib/rake/task.rb:199:in `invoke_with_call_chain'  
workers-1  | /usr/local/ruby-2.7.0/lib/ruby/gems/2.7.0/gems/rake-13.0.1/lib/rake/task.rb:188:in `invoke'  
workers-1  | /usr/local/ruby-2.7.0/lib/ruby/gems/2.7.0/gems/rake-13.0.1/lib/rake/application.rb:160:in `invoke_task'  
workers-1  | /usr/local/ruby-2.7.0/lib/ruby/gems/2.7.0/gems/rake-13.0.1/lib/rake/application.rb:116:in `block (2 levels) in top_level'  
workers-1  | /usr/local/ruby-2.7.0/lib/ruby/gems/2.7.0/gems/rake-13.0.1/lib/rake/application.rb:116:in `each'  
workers-1  | /usr/local/ruby-2.7.0/lib/ruby/gems/2.7.0/gems/rake-13.0.1/lib/rake/application.rb:116:in `block in top_level'  
workers-1  | /usr/local/ruby-2.7.0/lib/ruby/gems/2.7.0/gems/rake-13.0.1/lib/rake/application.rb:125:in `run_with_threads'  
workers-1  | /usr/local/ruby-2.7.0/lib/ruby/gems/2.7.0/gems/rake-13.0.1/lib/rake/application.rb:110:in `top_level'  
workers-1  | /usr/local/ruby-2.7.0/lib/ruby/gems/2.7.0/gems/rake-13.0.1/lib/rake/application.rb:83:in `block in run'  
workers-1  | /usr/local/ruby-2.7.0/lib/ruby/gems/2.7.0/gems/rake-13.0.1/lib/rake/application.rb:186:in `standard_exception_handling'  
workers-1  | /usr/local/ruby-2.7.0/lib/ruby/gems/2.7.0/gems/rake-13.0.1/lib/rake/application.rb:80:in `run'  
workers-1  | /usr/local/ruby-2.7.0/lib/ruby/gems/2.7.0/gems/rake-13.0.1/exe/rake:27:in `<top (required)>'  
workers-1  | /usr/local/ruby-2.7.0/bin/rake:23:in `load'  
workers-1  | /usr/local/ruby-2.7.0/bin/rake:23:in `<main>'
workers-1  | /opt/.gem/gems/redis-4.1.4/lib/redis/client.rb:126:in `call'
workers-1  | /opt/.gem/gems/redis-4.1.4/lib/redis.rb:915:in `block in get'
workers-1  | /opt/.gem/gems/redis-4.1.4/lib/redis.rb:51:in `block in synchronize'
workers-1  | /opt/.gem/gems/redis-4.1.4/lib/redis.rb:51:in `synchronize'
workers-1  | /opt/.gem/gems/redis-4.1.4/lib/redis.rb:914:in `get'
workers-1  | /opt/.gem/gems/redis-namespace-1.7.0/lib/redis/namespace.rb:469:in `call_with_namespace'
workers-1  | /opt/.gem/gems/redis-namespace-1.7.0/lib/redis/namespace.rb:349:in `block (2 levels) in <class:Namespace>'
workers-1  | /opt/.gem/gems/resque-2.0.0/lib/resque/data_store.rb:231:in `get_worker_payload'
workers-1  | /opt/.gem/gems/resque-2.0.0/lib/resque/worker.rb:752:in `job'
workers-1  | /opt/.gem/gems/resque-2.0.0/lib/resque/worker.rb:670:in `unregister_worker'
workers-1  | /opt/.gem/gems/resque-2.0.0/lib/resque/worker.rb:250:in `rescue in work'
workers-1  | /opt/.gem/gems/resque-2.0.0/lib/resque/worker.rb:231:in `work'
workers-1  | /opt/.gem/gems/resque-2.0.0/lib/resque/tasks.rb:20:in `block (2 levels) in <top (required)>'
workers-1  | 
workers-1  | Caused by:
workers-1  | Redis::CommandError: NOAUTH Authentication required.
workers-1  | /opt/.gem/gems/redis-4.1.4/lib/redis/client.rb:126:in `call'
workers-1  | /opt/.gem/gems/redis-4.1.4/lib/redis.rb:915:in `block in get'
workers-1  | /opt/.gem/gems/redis-4.1.4/lib/redis.rb:51:in `block in synchronize'
workers-1  | /opt/.gem/gems/redis-4.1.4/lib/redis.rb:51:in `synchronize'
workers-1  | /opt/.gem/gems/redis-4.1.4/lib/redis.rb:914:in `get'
workers-1  | /opt/.gem/gems/redis-namespace-1.7.0/lib/redis/namespace.rb:469:in `call_with_namespace'
workers-1  | /opt/.gem/gems/redis-namespace-1.7.0/lib/redis/namespace.rb:349:in `block (2 levels) in <class:Namespace>'
workers-1  | /opt/.gem/gems/resque-2.0.0/lib/resque/data_store.rb:231:in `get_worker_payload'
workers-1  | /opt/.gem/gems/resque-2.0.0/lib/resque/worker.rb:752:in `job'
workers-1  | /opt/.gem/gems/resque-2.0.0/lib/resque/worker.rb:670:in `unregister_worker'
workers-1  | /opt/.gem/gems/resque-2.0.0/lib/resque/worker.rb:250:in `rescue in work'
workers-1  | /opt/.gem/gems/resque-2.0.0/lib/resque/worker.rb:231:in `work'
workers-1  | /opt/.gem/gems/resque-2.0.0/lib/resque/tasks.rb:20:in `block (2 levels) in <top (required)>'
workers-1  | 
workers-1  | Caused by:
workers-1  | Redis::CommandError: NOAUTH Authentication required.
workers-1  | /opt/.gem/gems/redis-4.1.4/lib/redis/client.rb:126:in `call'
workers-1  | /opt/.gem/gems/redis-4.1.4/lib/redis.rb:2216:in `block in hdel'
workers-1  | /opt/.gem/gems/redis-4.1.4/lib/redis.rb:51:in `block in synchronize'
workers-1  | /opt/.gem/gems/redis-4.1.4/lib/redis.rb:51:in `synchronize'
workers-1  | /opt/.gem/gems/redis-4.1.4/lib/redis.rb:2215:in `hdel'
workers-1  | /opt/.gem/gems/redis-namespace-1.7.0/lib/redis/namespace.rb:469:in `call_with_namespace'
workers-1  | /opt/.gem/gems/redis-namespace-1.7.0/lib/redis/namespace.rb:349:in `block (2 levels) in <class:Namespace>'
workers-1  | /opt/.gem/gems/resque-2.0.0/lib/resque/data_store.rb:261:in `remove_heartbeat'
workers-1  | /opt/.gem/gems/resque-2.0.0/lib/resque/worker.rb:475:in `remove_heartbeat'
workers-1  | /opt/.gem/gems/resque-2.0.0/lib/resque/worker.rb:507:in `start_heartbeat'
workers-1  | /opt/.gem/gems/resque-2.0.0/lib/resque/worker.rb:360:in `startup'
workers-1  | /opt/.gem/gems/resque-2.0.0/lib/resque/worker.rb:233:in `work'
workers-1  | /opt/.gem/gems/resque-2.0.0/lib/resque/tasks.rb:20:in `block (2 levels) in <top (required)>'
workers-1  | Tasks: TOP => resque:work
workers-1  | (See full trace by running task with --trace)
workers-1  | [2026-03-14-09-54-40] Workers are stopped.
workers-1  | [2026-03-14-09-54-40] Starting scheduler.
workers-1  | [2026-03-14-09-54-40] Starting workers.
workers-1  | resque-scheduler: [INFO] 2026-03-14T09:54:41+00:00: Starting
workers-1  | rake aborted!
workers-1  | Redis::CommandError: NOAUTH Authentication required.
workers-1  | /opt/.gem/gems/redis-4.1.4/lib/redis/client.rb:126:in `call'
workers-1  | /opt/.gem/gems/redis-4.1.4/lib/redis.rb:287:in `block in info'
workers-1  | /opt/.gem/gems/redis-4.1.4/lib/redis.rb:51:in `block in synchronize'
workers-1  | /opt/.gem/gems/redis-4.1.4/lib/redis.rb:51:in `synchronize'
workers-1  | /opt/.gem/gems/redis-4.1.4/lib/redis.rb:286:in `info'
workers-1  | /opt/.gem/gems/resque-scheduler-4.4.0/lib/resque/scheduler/locking.rb:100:in `redis_master_version'
workers-1  | /opt/.gem/gems/resque-scheduler-4.4.0/lib/resque/scheduler/locking.rb:62:in `supports_lua?'
workers-1  | /opt/.gem/gems/resque-scheduler-4.4.0/lib/resque/scheduler/locking.rb:86:in `build_master_lock'
workers-1  | /opt/.gem/gems/resque-scheduler-4.4.0/lib/resque/scheduler/locking.rb:58:in `master_lock'
workers-1  | /opt/.gem/gems/resque-scheduler-4.4.0/lib/resque/scheduler/locking.rb:66:in `master?'
workers-1  | /opt/.gem/gems/resque-scheduler-4.4.0/lib/resque/scheduler.rb:59:in `block in run'
workers-1  | /opt/.gem/gems/resque-scheduler-4.4.0/lib/resque/scheduler.rb:56:in `loop'
workers-1  | /opt/.gem/gems/resque-scheduler-4.4.0/lib/resque/scheduler.rb:56:in `run'
workers-1  | /opt/.gem/gems/resque-scheduler-4.4.0/lib/resque/scheduler/cli.rb:117:in `run_forever'
workers-1  | /opt/.gem/gems/resque-scheduler-4.4.0/lib/resque/scheduler/tasks.rb:18:in `block (2 levels) in <top (required)>'
workers-1  | Tasks: TOP => resque:scheduler
workers-1  | (See full trace by running task with --trace)
workers-1  | rake aborted!
workers-1  | Redis::CommandError: NOAUTH Authentication required.
workers-1  | Original Exception (Redis::CommandError): NOAUTH Authentication required.
workers-1  |   /opt/.gem/gems/redis-4.1.4/lib/redis/client.rb:126:in `call'  
workers-1  | /opt/.gem/gems/redis-4.1.4/lib/redis.rb:2216:in `block in hdel'  
workers-1  | /opt/.gem/gems/redis-4.1.4/lib/redis.rb:51:in `block in synchronize'  
workers-1  | /usr/local/ruby-2.7.0/lib/ruby/2.7.0/monitor.rb:202:in `synchronize'  
workers-1  | /usr/local/ruby-2.7.0/lib/ruby/2.7.0/monitor.rb:202:in `mon_synchronize'  
workers-1  | /opt/.gem/gems/redis-4.1.4/lib/redis.rb:51:in `synchronize'  
workers-1  | /opt/.gem/gems/redis-4.1.4/lib/redis.rb:2215:in `hdel'  
workers-1  | /opt/.gem/gems/redis-namespace-1.7.0/lib/redis/namespace.rb:469:in `call_with_namespace'  
workers-1  | /opt/.gem/gems/redis-namespace-1.7.0/lib/redis/namespace.rb:349:in `block (2 levels) in <class:Namespace>'  
workers-1  | /opt/.gem/gems/resque-2.0.0/lib/resque/data_store.rb:261:in `remove_heartbeat'  
workers-1  | /usr/local/ruby-2.7.0/lib/ruby/2.7.0/forwardable.rb:235:in `remove_heartbeat'  
workers-1  | /opt/.gem/gems/resque-2.0.0/lib/resque/worker.rb:475:in `remove_heartbeat'  
workers-1  | /opt/.gem/gems/resque-2.0.0/lib/resque/worker.rb:507:in `start_heartbeat'  
workers-1  | /opt/.gem/gems/resque-2.0.0/lib/resque/worker.rb:360:in `startup'  
workers-1  | /opt/.gem/gems/resque-2.0.0/lib/resque/worker.rb:233:in `work'  
workers-1  | /opt/.gem/gems/resque-2.0.0/lib/resque/tasks.rb:20:in `block (2 levels) in <top (required)>'  
workers-1  | /usr/local/ruby-2.7.0/lib/ruby/gems/2.7.0/gems/rake-13.0.1/lib/rake/task.rb:281:in `block in execute'  
workers-1  | /usr/local/ruby-2.7.0/lib/ruby/gems/2.7.0/gems/rake-13.0.1/lib/rake/task.rb:281:in `each'  
workers-1  | /usr/local/ruby-2.7.0/lib/ruby/gems/2.7.0/gems/rake-13.0.1/lib/rake/task.rb:281:in `execute'  
workers-1  | /usr/local/ruby-2.7.0/lib/ruby/gems/2.7.0/gems/rake-13.0.1/lib/rake/task.rb:219:in `block in invoke_with_call_chain'  
workers-1  | /usr/local/ruby-2.7.0/lib/ruby/gems/2.7.0/gems/rake-13.0.1/lib/rake/task.rb:199:in `synchronize'  
workers-1  | /usr/local/ruby-2.7.0/lib/ruby/gems/2.7.0/gems/rake-13.0.1/lib/rake/task.rb:199:in `invoke_with_call_chain'  
workers-1  | /usr/local/ruby-2.7.0/lib/ruby/gems/2.7.0/gems/rake-13.0.1/lib/rake/task.rb:188:in `invoke'  
workers-1  | /usr/local/ruby-2.7.0/lib/ruby/gems/2.7.0/gems/rake-13.0.1/lib/rake/application.rb:160:in `invoke_task'  
workers-1  | /usr/local/ruby-2.7.0/lib/ruby/gems/2.7.0/gems/rake-13.0.1/lib/rake/application.rb:116:in `block (2 levels) in top_level'  
workers-1  | /usr/local/ruby-2.7.0/lib/ruby/gems/2.7.0/gems/rake-13.0.1/lib/rake/application.rb:116:in `each'  
workers-1  | /usr/local/ruby-2.7.0/lib/ruby/gems/2.7.0/gems/rake-13.0.1/lib/rake/application.rb:116:in `block in top_level'  
workers-1  | /usr/local/ruby-2.7.0/lib/ruby/gems/2.7.0/gems/rake-13.0.1/lib/rake/application.rb:125:in `run_with_threads'  
workers-1  | /usr/local/ruby-2.7.0/lib/ruby/gems/2.7.0/gems/rake-13.0.1/lib/rake/application.rb:110:in `top_level'  
workers-1  | /usr/local/ruby-2.7.0/lib/ruby/gems/2.7.0/gems/rake-13.0.1/lib/rake/application.rb:83:in `block in run'  
workers-1  | /usr/local/ruby-2.7.0/lib/ruby/gems/2.7.0/gems/rake-13.0.1/lib/rake/application.rb:186:in `standard_exception_handling'  
workers-1  | /usr/local/ruby-2.7.0/lib/ruby/gems/2.7.0/gems/rake-13.0.1/lib/rake/application.rb:80:in `run'  
workers-1  | /usr/local/ruby-2.7.0/lib/ruby/gems/2.7.0/gems/rake-13.0.1/exe/rake:27:in `<top (required)>'  
workers-1  | /usr/local/ruby-2.7.0/bin/rake:23:in `load'  
workers-1  | /usr/local/ruby-2.7.0/bin/rake:23:in `<main>'
workers-1  | /opt/.gem/gems/redis-4.1.4/lib/redis/client.rb:126:in `call'
workers-1  | /opt/.gem/gems/redis-4.1.4/lib/redis.rb:915:in `block in get'
workers-1  | /opt/.gem/gems/redis-4.1.4/lib/redis.rb:51:in `block in synchronize'
workers-1  | /opt/.gem/gems/redis-4.1.4/lib/redis.rb:51:in `synchronize'
workers-1  | /opt/.gem/gems/redis-4.1.4/lib/redis.rb:914:in `get'
workers-1  | /opt/.gem/gems/redis-namespace-1.7.0/lib/redis/namespace.rb:469:in `call_with_namespace'
workers-1  | /opt/.gem/gems/redis-namespace-1.7.0/lib/redis/namespace.rb:349:in `block (2 levels) in <class:Namespace>'
workers-1  | /opt/.gem/gems/resque-2.0.0/lib/resque/data_store.rb:231:in `get_worker_payload'
workers-1  | /opt/.gem/gems/resque-2.0.0/lib/resque/worker.rb:752:in `job'
workers-1  | /opt/.gem/gems/resque-2.0.0/lib/resque/worker.rb:670:in `unregister_worker'
workers-1  | /opt/.gem/gems/resque-2.0.0/lib/resque/worker.rb:250:in `rescue in work'
workers-1  | /opt/.gem/gems/resque-2.0.0/lib/resque/worker.rb:231:in `work'
workers-1  | /opt/.gem/gems/resque-2.0.0/lib/resque/tasks.rb:20:in `block (2 levels) in <top (required)>'
workers-1  | 
workers-1  | Caused by:
workers-1  | Redis::CommandError: NOAUTH Authentication required.
workers-1  | /opt/.gem/gems/redis-4.1.4/lib/redis/client.rb:126:in `call'
workers-1  | /opt/.gem/gems/redis-4.1.4/lib/redis.rb:915:in `block in get'
workers-1  | /opt/.gem/gems/redis-4.1.4/lib/redis.rb:51:in `block in synchronize'
workers-1  | /opt/.gem/gems/redis-4.1.4/lib/redis.rb:51:in `synchronize'
workers-1  | /opt/.gem/gems/redis-4.1.4/lib/redis.rb:914:in `get'
workers-1  | /opt/.gem/gems/redis-namespace-1.7.0/lib/redis/namespace.rb:469:in `call_with_namespace'
workers-1  | /opt/.gem/gems/redis-namespace-1.7.0/lib/redis/namespace.rb:349:in `block (2 levels) in <class:Namespace>'
workers-1  | /opt/.gem/gems/resque-2.0.0/lib/resque/data_store.rb:231:in `get_worker_payload'
workers-1  | /opt/.gem/gems/resque-2.0.0/lib/resque/worker.rb:752:in `job'
workers-1  | /opt/.gem/gems/resque-2.0.0/lib/resque/worker.rb:670:in `unregister_worker'
workers-1  | /opt/.gem/gems/resque-2.0.0/lib/resque/worker.rb:250:in `rescue in work'
workers-1  | /opt/.gem/gems/resque-2.0.0/lib/resque/worker.rb:231:in `work'
workers-1  | /opt/.gem/gems/resque-2.0.0/lib/resque/tasks.rb:20:in `block (2 levels) in <top (required)>'
workers-1  | 
workers-1  | Caused by:
workers-1  | Redis::CommandError: NOAUTH Authentication required.
workers-1  | /opt/.gem/gems/redis-4.1.4/lib/redis/client.rb:126:in `call'
workers-1  | /opt/.gem/gems/redis-4.1.4/lib/redis.rb:2216:in `block in hdel'
workers-1  | /opt/.gem/gems/redis-4.1.4/lib/redis.rb:51:in `block in synchronize'
workers-1  | /opt/.gem/gems/redis-4.1.4/lib/redis.rb:51:in `synchronize'
workers-1  | /opt/.gem/gems/redis-4.1.4/lib/redis.rb:2215:in `hdel'
workers-1  | /opt/.gem/gems/redis-namespace-1.7.0/lib/redis/namespace.rb:469:in `call_with_namespace'
workers-1  | /opt/.gem/gems/redis-namespace-1.7.0/lib/redis/namespace.rb:349:in `block (2 levels) in <class:Namespace>'
workers-1  | /opt/.gem/gems/resque-2.0.0/lib/resque/data_store.rb:261:in `remove_heartbeat'
workers-1  | /opt/.gem/gems/resque-2.0.0/lib/resque/worker.rb:475:in `remove_heartbeat'
workers-1  | /opt/.gem/gems/resque-2.0.0/lib/resque/worker.rb:507:in `start_heartbeat'
workers-1  | /opt/.gem/gems/resque-2.0.0/lib/resque/worker.rb:360:in `startup'
workers-1  | /opt/.gem/gems/resque-2.0.0/lib/resque/worker.rb:233:in `work'
workers-1  | /opt/.gem/gems/resque-2.0.0/lib/resque/tasks.rb:20:in `block (2 levels) in <top (required)>'
workers-1  | Tasks: TOP => resque:work
workers-1  | (See full trace by running task with --trace)
workers-1  | rake aborted!
workers-1  | Redis::CommandError: NOAUTH Authentication required.
workers-1  | Original Exception (Redis::CommandError): NOAUTH Authentication required.
workers-1  |   /opt/.gem/gems/redis-4.1.4/lib/redis/client.rb:126:in `call'  
workers-1  | /opt/.gem/gems/redis-4.1.4/lib/redis.rb:2216:in `block in hdel'  
workers-1  | /opt/.gem/gems/redis-4.1.4/lib/redis.rb:51:in `block in synchronize'  
workers-1  | /usr/local/ruby-2.7.0/lib/ruby/2.7.0/monitor.rb:202:in `synchronize'  
workers-1  | /usr/local/ruby-2.7.0/lib/ruby/2.7.0/monitor.rb:202:in `mon_synchronize'  
workers-1  | /opt/.gem/gems/redis-4.1.4/lib/redis.rb:51:in `synchronize'  
workers-1  | /opt/.gem/gems/redis-4.1.4/lib/redis.rb:2215:in `hdel'  
workers-1  | /opt/.gem/gems/redis-namespace-1.7.0/lib/redis/namespace.rb:469:in `call_with_namespace'  
workers-1  | /opt/.gem/gems/redis-namespace-1.7.0/lib/redis/namespace.rb:349:in `block (2 levels) in <class:Namespace>'  
workers-1  | /opt/.gem/gems/resque-2.0.0/lib/resque/data_store.rb:261:in `remove_heartbeat'  
workers-1  | /usr/local/ruby-2.7.0/lib/ruby/2.7.0/forwardable.rb:235:in `remove_heartbeat'  
workers-1  | /opt/.gem/gems/resque-2.0.0/lib/resque/worker.rb:475:in `remove_heartbeat'  
workers-1  | /opt/.gem/gems/resque-2.0.0/lib/resque/worker.rb:507:in `start_heartbeat'  
workers-1  | /opt/.gem/gems/resque-2.0.0/lib/resque/worker.rb:360:in `startup'  
workers-1  | /opt/.gem/gems/resque-2.0.0/lib/resque/worker.rb:233:in `work'  
workers-1  | /opt/.gem/gems/resque-2.0.0/lib/resque/tasks.rb:20:in `block (2 levels) in <top (required)>'  
workers-1  | /usr/local/ruby-2.7.0/lib/ruby/gems/2.7.0/gems/rake-13.0.1/lib/rake/task.rb:281:in `block in execute'  
workers-1  | /usr/local/ruby-2.7.0/lib/ruby/gems/2.7.0/gems/rake-13.0.1/lib/rake/task.rb:281:in `each'  
workers-1  | /usr/local/ruby-2.7.0/lib/ruby/gems/2.7.0/gems/rake-13.0.1/lib/rake/task.rb:281:in `execute'  
workers-1  | /usr/local/ruby-2.7.0/lib/ruby/gems/2.7.0/gems/rake-13.0.1/lib/rake/task.rb:219:in `block in invoke_with_call_chain'  
workers-1  | /usr/local/ruby-2.7.0/lib/ruby/gems/2.7.0/gems/rake-13.0.1/lib/rake/task.rb:199:in `synchronize'  
workers-1  | /usr/local/ruby-2.7.0/lib/ruby/gems/2.7.0/gems/rake-13.0.1/lib/rake/task.rb:199:in `invoke_with_call_chain'  
workers-1  | /usr/local/ruby-2.7.0/lib/ruby/gems/2.7.0/gems/rake-13.0.1/lib/rake/task.rb:188:in `invoke'  
workers-1  | /usr/local/ruby-2.7.0/lib/ruby/gems/2.7.0/gems/rake-13.0.1/lib/rake/application.rb:160:in `invoke_task'  
workers-1  | /usr/local/ruby-2.7.0/lib/ruby/gems/2.7.0/gems/rake-13.0.1/lib/rake/application.rb:116:in `block (2 levels) in top_level'  
workers-1  | /usr/local/ruby-2.7.0/lib/ruby/gems/2.7.0/gems/rake-13.0.1/lib/rake/application.rb:116:in `each'  
workers-1  | /usr/local/ruby-2.7.0/lib/ruby/gems/2.7.0/gems/rake-13.0.1/lib/rake/application.rb:116:in `block in top_level'  
workers-1  | /usr/local/ruby-2.7.0/lib/ruby/gems/2.7.0/gems/rake-13.0.1/lib/rake/application.rb:125:in `run_with_threads'  
workers-1  | /usr/local/ruby-2.7.0/lib/ruby/gems/2.7.0/gems/rake-13.0.1/lib/rake/application.rb:110:in `top_level'  
workers-1  | /usr/local/ruby-2.7.0/lib/ruby/gems/2.7.0/gems/rake-13.0.1/lib/rake/application.rb:83:in `block in run'  
workers-1  | /usr/local/ruby-2.7.0/lib/ruby/gems/2.7.0/gems/rake-13.0.1/lib/rake/application.rb:186:in `standard_exception_handling'  
workers-1  | /usr/local/ruby-2.7.0/lib/ruby/gems/2.7.0/gems/rake-13.0.1/lib/rake/application.rb:80:in `run'  
workers-1  | /usr/local/ruby-2.7.0/lib/ruby/gems/2.7.0/gems/rake-13.0.1/exe/rake:27:in `<top (required)>'  
workers-1  | /usr/local/ruby-2.7.0/bin/rake:23:in `load'  
workers-1  | /usr/local/ruby-2.7.0/bin/rake:23:in `<main>'
workers-1  | /opt/.gem/gems/redis-4.1.4/lib/redis/client.rb:126:in `call'
workers-1  | /opt/.gem/gems/redis-4.1.4/lib/redis.rb:915:in `block in get'
workers-1  | /opt/.gem/gems/redis-4.1.4/lib/redis.rb:51:in `block in synchronize'
workers-1  | /opt/.gem/gems/redis-4.1.4/lib/redis.rb:51:in `synchronize'
workers-1  | /opt/.gem/gems/redis-4.1.4/lib/redis.rb:914:in `get'
workers-1  | /opt/.gem/gems/redis-namespace-1.7.0/lib/redis/namespace.rb:469:in `call_with_namespace'
workers-1  | /opt/.gem/gems/redis-namespace-1.7.0/lib/redis/namespace.rb:349:in `block (2 levels) in <class:Namespace>'
workers-1  | /opt/.gem/gems/resque-2.0.0/lib/resque/data_store.rb:231:in `get_worker_payload'
workers-1  | /opt/.gem/gems/resque-2.0.0/lib/resque/worker.rb:752:in `job'
workers-1  | /opt/.gem/gems/resque-2.0.0/lib/resque/worker.rb:670:in `unregister_worker'
workers-1  | /opt/.gem/gems/resque-2.0.0/lib/resque/worker.rb:250:in `rescue in work'
workers-1  | /opt/.gem/gems/resque-2.0.0/lib/resque/worker.rb:231:in `work'
workers-1  | /opt/.gem/gems/resque-2.0.0/lib/resque/tasks.rb:20:in `block (2 levels) in <top (required)>'
workers-1  | 
workers-1  | Caused by:
workers-1  | Redis::CommandError: NOAUTH Authentication required.
workers-1  | /opt/.gem/gems/redis-4.1.4/lib/redis/client.rb:126:in `call'
workers-1  | /opt/.gem/gems/redis-4.1.4/lib/redis.rb:915:in `block in get'
workers-1  | /opt/.gem/gems/redis-4.1.4/lib/redis.rb:51:in `block in synchronize'
workers-1  | /opt/.gem/gems/redis-4.1.4/lib/redis.rb:51:in `synchronize'
workers-1  | /opt/.gem/gems/redis-4.1.4/lib/redis.rb:914:in `get'
workers-1  | /opt/.gem/gems/redis-namespace-1.7.0/lib/redis/namespace.rb:469:in `call_with_namespace'
workers-1  | /opt/.gem/gems/redis-namespace-1.7.0/lib/redis/namespace.rb:349:in `block (2 levels) in <class:Namespace>'
workers-1  | /opt/.gem/gems/resque-2.0.0/lib/resque/data_store.rb:231:in `get_worker_payload'
workers-1  | /opt/.gem/gems/resque-2.0.0/lib/resque/worker.rb:752:in `job'
workers-1  | /opt/.gem/gems/resque-2.0.0/lib/resque/worker.rb:670:in `unregister_worker'
workers-1  | /opt/.gem/gems/resque-2.0.0/lib/resque/worker.rb:250:in `rescue in work'
workers-1  | /opt/.gem/gems/resque-2.0.0/lib/resque/worker.rb:231:in `work'
workers-1  | /opt/.gem/gems/resque-2.0.0/lib/resque/tasks.rb:20:in `block (2 levels) in <top (required)>'
workers-1  | 
workers-1  | Caused by:
workers-1  | Redis::CommandError: NOAUTH Authentication required.
workers-1  | /opt/.gem/gems/redis-4.1.4/lib/redis/client.rb:126:in `call'
workers-1  | /opt/.gem/gems/redis-4.1.4/lib/redis.rb:2216:in `block in hdel'
workers-1  | /opt/.gem/gems/redis-4.1.4/lib/redis.rb:51:in `block in synchronize'
workers-1  | /opt/.gem/gems/redis-4.1.4/lib/redis.rb:51:in `synchronize'
workers-1  | /opt/.gem/gems/redis-4.1.4/lib/redis.rb:2215:in `hdel'
workers-1  | /opt/.gem/gems/redis-namespace-1.7.0/lib/redis/namespace.rb:469:in `call_with_namespace'
workers-1  | /opt/.gem/gems/redis-namespace-1.7.0/lib/redis/namespace.rb:349:in `block (2 levels) in <class:Namespace>'
workers-1  | /opt/.gem/gems/resque-2.0.0/lib/resque/data_store.rb:261:in `remove_heartbeat'
workers-1  | /opt/.gem/gems/resque-2.0.0/lib/resque/worker.rb:475:in `remove_heartbeat'
workers-1  | /opt/.gem/gems/resque-2.0.0/lib/resque/worker.rb:507:in `start_heartbeat'
workers-1  | /opt/.gem/gems/resque-2.0.0/lib/resque/worker.rb:360:in `startup'
workers-1  | /opt/.gem/gems/resque-2.0.0/lib/resque/worker.rb:233:in `work'
workers-1  | /opt/.gem/gems/resque-2.0.0/lib/resque/tasks.rb:20:in `block (2 levels) in <top (required)>'
workers-1  | Tasks: TOP => resque:work
workers-1  | (See full trace by running task with --trace)
workers-1  | rake aborted!
workers-1  | Redis::CommandError: NOAUTH Authentication required.
workers-1  | Original Exception (Redis::CommandError): NOAUTH Authentication required.
workers-1  |   /opt/.gem/gems/redis-4.1.4/lib/redis/client.rb:126:in `call'  
workers-1  | /opt/.gem/gems/redis-4.1.4/lib/redis.rb:2216:in `block in hdel'  
workers-1  | /opt/.gem/gems/redis-4.1.4/lib/redis.rb:51:in `block in synchronize'  
workers-1  | /usr/local/ruby-2.7.0/lib/ruby/2.7.0/monitor.rb:202:in `synchronize'  
workers-1  | /usr/local/ruby-2.7.0/lib/ruby/2.7.0/monitor.rb:202:in `mon_synchronize'  
workers-1  | /opt/.gem/gems/redis-4.1.4/lib/redis.rb:51:in `synchronize'  
workers-1  | /opt/.gem/gems/redis-4.1.4/lib/redis.rb:2215:in `hdel'  
workers-1  | /opt/.gem/gems/redis-namespace-1.7.0/lib/redis/namespace.rb:469:in `call_with_namespace'  
workers-1  | /opt/.gem/gems/redis-namespace-1.7.0/lib/redis/namespace.rb:349:in `block (2 levels) in <class:Namespace>'  
workers-1  | /opt/.gem/gems/resque-2.0.0/lib/resque/data_store.rb:261:in `remove_heartbeat'  
workers-1  | /usr/local/ruby-2.7.0/lib/ruby/2.7.0/forwardable.rb:235:in `remove_heartbeat'  
workers-1  | /opt/.gem/gems/resque-2.0.0/lib/resque/worker.rb:475:in `remove_heartbeat'  
workers-1  | /opt/.gem/gems/resque-2.0.0/lib/resque/worker.rb:507:in `start_heartbeat'  
workers-1  | /opt/.gem/gems/resque-2.0.0/lib/resque/worker.rb:360:in `startup'  
workers-1  | /opt/.gem/gems/resque-2.0.0/lib/resque/worker.rb:233:in `work'  
workers-1  | /opt/.gem/gems/resque-2.0.0/lib/resque/tasks.rb:20:in `block (2 levels) in <top (required)>'  
workers-1  | /usr/local/ruby-2.7.0/lib/ruby/gems/2.7.0/gems/rake-13.0.1/lib/rake/task.rb:281:in `block in execute'  
workers-1  | /usr/local/ruby-2.7.0/lib/ruby/gems/2.7.0/gems/rake-13.0.1/lib/rake/task.rb:281:in `each'  
workers-1  | /usr/local/ruby-2.7.0/lib/ruby/gems/2.7.0/gems/rake-13.0.1/lib/rake/task.rb:281:in `execute'  
workers-1  | /usr/local/ruby-2.7.0/lib/ruby/gems/2.7.0/gems/rake-13.0.1/lib/rake/task.rb:219:in `block in invoke_with_call_chain'  
workers-1  | /usr/local/ruby-2.7.0/lib/ruby/gems/2.7.0/gems/rake-13.0.1/lib/rake/task.rb:199:in `synchronize'  
workers-1  | /usr/local/ruby-2.7.0/lib/ruby/gems/2.7.0/gems/rake-13.0.1/lib/rake/task.rb:199:in `invoke_with_call_chain'  
workers-1  | /usr/local/ruby-2.7.0/lib/ruby/gems/2.7.0/gems/rake-13.0.1/lib/rake/task.rb:188:in `invoke'  
workers-1  | /usr/local/ruby-2.7.0/lib/ruby/gems/2.7.0/gems/rake-13.0.1/lib/rake/application.rb:160:in `invoke_task'  
workers-1  | /usr/local/ruby-2.7.0/lib/ruby/gems/2.7.0/gems/rake-13.0.1/lib/rake/application.rb:116:in `block (2 levels) in top_level'  
workers-1  | /usr/local/ruby-2.7.0/lib/ruby/gems/2.7.0/gems/rake-13.0.1/lib/rake/application.rb:116:in `each'  
workers-1  | /usr/local/ruby-2.7.0/lib/ruby/gems/2.7.0/gems/rake-13.0.1/lib/rake/application.rb:116:in `block in top_level'  
workers-1  | /usr/local/ruby-2.7.0/lib/ruby/gems/2.7.0/gems/rake-13.0.1/lib/rake/application.rb:125:in `run_with_threads'  
workers-1  | /usr/local/ruby-2.7.0/lib/ruby/gems/2.7.0/gems/rake-13.0.1/lib/rake/application.rb:110:in `top_level'  
workers-1  | /usr/local/ruby-2.7.0/lib/ruby/gems/2.7.0/gems/rake-13.0.1/lib/rake/application.rb:83:in `block in run'  
workers-1  | /usr/local/ruby-2.7.0/lib/ruby/gems/2.7.0/gems/rake-13.0.1/lib/rake/application.rb:186:in `standard_exception_handling'  
workers-1  | /usr/local/ruby-2.7.0/lib/ruby/gems/2.7.0/gems/rake-13.0.1/lib/rake/application.rb:80:in `run'  
workers-1  | /usr/local/ruby-2.7.0/lib/ruby/gems/2.7.0/gems/rake-13.0.1/exe/rake:27:in `<top (required)>'  
workers-1  | /usr/local/ruby-2.7.0/bin/rake:23:in `load'  
workers-1  | /usr/local/ruby-2.7.0/bin/rake:23:in `<main>'
workers-1  | /opt/.gem/gems/redis-4.1.4/lib/redis/client.rb:126:in `call'
workers-1  | /opt/.gem/gems/redis-4.1.4/lib/redis.rb:915:in `block in get'
workers-1  | /opt/.gem/gems/redis-4.1.4/lib/redis.rb:51:in `block in synchronize'
workers-1  | /opt/.gem/gems/redis-4.1.4/lib/redis.rb:51:in `synchronize'
workers-1  | /opt/.gem/gems/redis-4.1.4/lib/redis.rb:914:in `get'
workers-1  | /opt/.gem/gems/redis-namespace-1.7.0/lib/redis/namespace.rb:469:in `call_with_namespace'
workers-1  | /opt/.gem/gems/redis-namespace-1.7.0/lib/redis/namespace.rb:349:in `block (2 levels) in <class:Namespace>'
workers-1  | /opt/.gem/gems/resque-2.0.0/lib/resque/data_store.rb:231:in `get_worker_payload'
workers-1  | /opt/.gem/gems/resque-2.0.0/lib/resque/worker.rb:752:in `job'
workers-1  | /opt/.gem/gems/resque-2.0.0/lib/resque/worker.rb:670:in `unregister_worker'
workers-1  | /opt/.gem/gems/resque-2.0.0/lib/resque/worker.rb:250:in `rescue in work'
workers-1  | /opt/.gem/gems/resque-2.0.0/lib/resque/worker.rb:231:in `work'
workers-1  | /opt/.gem/gems/resque-2.0.0/lib/resque/tasks.rb:20:in `block (2 levels) in <top (required)>'
workers-1  | 
workers-1  | Caused by:
workers-1  | Redis::CommandError: NOAUTH Authentication required.
workers-1  | /opt/.gem/gems/redis-4.1.4/lib/redis/client.rb:126:in `call'
workers-1  | /opt/.gem/gems/redis-4.1.4/lib/redis.rb:915:in `block in get'
workers-1  | /opt/.gem/gems/redis-4.1.4/lib/redis.rb:51:in `block in synchronize'
workers-1  | /opt/.gem/gems/redis-4.1.4/lib/redis.rb:51:in `synchronize'
workers-1  | /opt/.gem/gems/redis-4.1.4/lib/redis.rb:914:in `get'
workers-1  | /opt/.gem/gems/redis-namespace-1.7.0/lib/redis/namespace.rb:469:in `call_with_namespace'
workers-1  | /opt/.gem/gems/redis-namespace-1.7.0/lib/redis/namespace.rb:349:in `block (2 levels) in <class:Namespace>'
workers-1  | /opt/.gem/gems/resque-2.0.0/lib/resque/data_store.rb:231:in `get_worker_payload'
workers-1  | /opt/.gem/gems/resque-2.0.0/lib/resque/worker.rb:752:in `job'
workers-1  | /opt/.gem/gems/resque-2.0.0/lib/resque/worker.rb:670:in `unregister_worker'
workers-1  | /opt/.gem/gems/resque-2.0.0/lib/resque/worker.rb:250:in `rescue in work'
workers-1  | /opt/.gem/gems/resque-2.0.0/lib/resque/worker.rb:231:in `work'
workers-1  | /opt/.gem/gems/resque-2.0.0/lib/resque/tasks.rb:20:in `block (2 levels) in <top (required)>'
workers-1  | 
workers-1  | Caused by:
workers-1  | Redis::CommandError: NOAUTH Authentication required.
workers-1  | /opt/.gem/gems/redis-4.1.4/lib/redis/client.rb:126:in `call'
workers-1  | /opt/.gem/gems/redis-4.1.4/lib/redis.rb:2216:in `block in hdel'
workers-1  | /opt/.gem/gems/redis-4.1.4/lib/redis.rb:51:in `block in synchronize'
workers-1  | /opt/.gem/gems/redis-4.1.4/lib/redis.rb:51:in `synchronize'
workers-1  | /opt/.gem/gems/redis-4.1.4/lib/redis.rb:2215:in `hdel'
workers-1  | /opt/.gem/gems/redis-namespace-1.7.0/lib/redis/namespace.rb:469:in `call_with_namespace'
workers-1  | /opt/.gem/gems/redis-namespace-1.7.0/lib/redis/namespace.rb:349:in `block (2 levels) in <class:Namespace>'
workers-1  | /opt/.gem/gems/resque-2.0.0/lib/resque/data_store.rb:261:in `remove_heartbeat'
workers-1  | /opt/.gem/gems/resque-2.0.0/lib/resque/worker.rb:475:in `remove_heartbeat'
workers-1  | /opt/.gem/gems/resque-2.0.0/lib/resque/worker.rb:507:in `start_heartbeat'
workers-1  | /opt/.gem/gems/resque-2.0.0/lib/resque/worker.rb:360:in `startup'
workers-1  | /opt/.gem/gems/resque-2.0.0/lib/resque/worker.rb:233:in `work'
workers-1  | /opt/.gem/gems/resque-2.0.0/lib/resque/tasks.rb:20:in `block (2 levels) in <top (required)>'
workers-1  | Tasks: TOP => resque:work
workers-1  | (See full trace by running task with --trace)
workers-1  | rake aborted!
workers-1  | Redis::CommandError: NOAUTH Authentication required.
workers-1  | Original Exception (Redis::CommandError): NOAUTH Authentication required.
workers-1  |   /opt/.gem/gems/redis-4.1.4/lib/redis/client.rb:126:in `call'  
workers-1  | /opt/.gem/gems/redis-4.1.4/lib/redis.rb:2216:in `block in hdel'  
workers-1  | /opt/.gem/gems/redis-4.1.4/lib/redis.rb:51:in `block in synchronize'  
workers-1  | /usr/local/ruby-2.7.0/lib/ruby/2.7.0/monitor.rb:202:in `synchronize'  
workers-1  | /usr/local/ruby-2.7.0/lib/ruby/2.7.0/monitor.rb:202:in `mon_synchronize'  
workers-1  | /opt/.gem/gems/redis-4.1.4/lib/redis.rb:51:in `synchronize'  
workers-1  | /opt/.gem/gems/redis-4.1.4/lib/redis.rb:2215:in `hdel'  
workers-1  | /opt/.gem/gems/redis-namespace-1.7.0/lib/redis/namespace.rb:469:in `call_with_namespace'  
workers-1  | /opt/.gem/gems/redis-namespace-1.7.0/lib/redis/namespace.rb:349:in `block (2 levels) in <class:Namespace>'  
workers-1  | /opt/.gem/gems/resque-2.0.0/lib/resque/data_store.rb:261:in `remove_heartbeat'  
workers-1  | /usr/local/ruby-2.7.0/lib/ruby/2.7.0/forwardable.rb:235:in `remove_heartbeat'  
workers-1  | /opt/.gem/gems/resque-2.0.0/lib/resque/worker.rb:475:in `remove_heartbeat'  
workers-1  | /opt/.gem/gems/resque-2.0.0/lib/resque/worker.rb:507:in `start_heartbeat'  
workers-1  | /opt/.gem/gems/resque-2.0.0/lib/resque/worker.rb:360:in `startup'  
workers-1  | /opt/.gem/gems/resque-2.0.0/lib/resque/worker.rb:233:in `work'  
workers-1  | /opt/.gem/gems/resque-2.0.0/lib/resque/tasks.rb:20:in `block (2 levels) in <top (required)>'  
workers-1  | /usr/local/ruby-2.7.0/lib/ruby/gems/2.7.0/gems/rake-13.0.1/lib/rake/task.rb:281:in `block in execute'  
workers-1  | /usr/local/ruby-2.7.0/lib/ruby/gems/2.7.0/gems/rake-13.0.1/lib/rake/task.rb:281:in `each'  
workers-1  | /usr/local/ruby-2.7.0/lib/ruby/gems/2.7.0/gems/rake-13.0.1/lib/rake/task.rb:281:in `execute'  
workers-1  | /usr/local/ruby-2.7.0/lib/ruby/gems/2.7.0/gems/rake-13.0.1/lib/rake/task.rb:219:in `block in invoke_with_call_chain'  
workers-1  | /usr/local/ruby-2.7.0/lib/ruby/gems/2.7.0/gems/rake-13.0.1/lib/rake/task.rb:199:in `synchronize'  
workers-1  | /usr/local/ruby-2.7.0/lib/ruby/gems/2.7.0/gems/rake-13.0.1/lib/rake/task.rb:199:in `invoke_with_call_chain'  
workers-1  | /usr/local/ruby-2.7.0/lib/ruby/gems/2.7.0/gems/rake-13.0.1/lib/rake/task.rb:188:in `invoke'  
workers-1  | /usr/local/ruby-2.7.0/lib/ruby/gems/2.7.0/gems/rake-13.0.1/lib/rake/application.rb:160:in `invoke_task'  
workers-1  | /usr/local/ruby-2.7.0/lib/ruby/gems/2.7.0/gems/rake-13.0.1/lib/rake/application.rb:116:in `block (2 levels) in top_level'  
workers-1  | /usr/local/ruby-2.7.0/lib/ruby/gems/2.7.0/gems/rake-13.0.1/lib/rake/application.rb:116:in `each'  
workers-1  | /usr/local/ruby-2.7.0/lib/ruby/gems/2.7.0/gems/rake-13.0.1/lib/rake/application.rb:116:in `block in top_level'  
workers-1  | /usr/local/ruby-2.7.0/lib/ruby/gems/2.7.0/gems/rake-13.0.1/lib/rake/application.rb:125:in `run_with_threads'  
workers-1  | /usr/local/ruby-2.7.0/lib/ruby/gems/2.7.0/gems/rake-13.0.1/lib/rake/application.rb:110:in `top_level'  
workers-1  | /usr/local/ruby-2.7.0/lib/ruby/gems/2.7.0/gems/rake-13.0.1/lib/rake/application.rb:83:in `block in run'  
workers-1  | /usr/local/ruby-2.7.0/lib/ruby/gems/2.7.0/gems/rake-13.0.1/lib/rake/application.rb:186:in `standard_exception_handling'  
workers-1  | /usr/local/ruby-2.7.0/lib/ruby/gems/2.7.0/gems/rake-13.0.1/lib/rake/application.rb:80:in `run'  
workers-1  | /usr/local/ruby-2.7.0/lib/ruby/gems/2.7.0/gems/rake-13.0.1/exe/rake:27:in `<top (required)>'  
workers-1  | /usr/local/ruby-2.7.0/bin/rake:23:in `load'  
workers-1  | /usr/local/ruby-2.7.0/bin/rake:23:in `<main>'
workers-1  | /opt/.gem/gems/redis-4.1.4/lib/redis/client.rb:126:in `call'
workers-1  | /opt/.gem/gems/redis-4.1.4/lib/redis.rb:915:in `block in get'
workers-1  | /opt/.gem/gems/redis-4.1.4/lib/redis.rb:51:in `block in synchronize'
workers-1  | /opt/.gem/gems/redis-4.1.4/lib/redis.rb:51:in `synchronize'
workers-1  | /opt/.gem/gems/redis-4.1.4/lib/redis.rb:914:in `get'
workers-1  | /opt/.gem/gems/redis-namespace-1.7.0/lib/redis/namespace.rb:469:in `call_with_namespace'
workers-1  | /opt/.gem/gems/redis-namespace-1.7.0/lib/redis/namespace.rb:349:in `block (2 levels) in <class:Namespace>'
workers-1  | /opt/.gem/gems/resque-2.0.0/lib/resque/data_store.rb:231:in `get_worker_payload'
workers-1  | /opt/.gem/gems/resque-2.0.0/lib/resque/worker.rb:752:in `job'
workers-1  | /opt/.gem/gems/resque-2.0.0/lib/resque/worker.rb:670:in `unregister_worker'
workers-1  | /opt/.gem/gems/resque-2.0.0/lib/resque/worker.rb:250:in `rescue in work'
workers-1  | /opt/.gem/gems/resque-2.0.0/lib/resque/worker.rb:231:in `work'
workers-1  | /opt/.gem/gems/resque-2.0.0/lib/resque/tasks.rb:20:in `block (2 levels) in <top (required)>'
workers-1  | 
workers-1  | Caused by:
workers-1  | Redis::CommandError: NOAUTH Authentication required.
workers-1  | /opt/.gem/gems/redis-4.1.4/lib/redis/client.rb:126:in `call'
workers-1  | /opt/.gem/gems/redis-4.1.4/lib/redis.rb:915:in `block in get'
workers-1  | /opt/.gem/gems/redis-4.1.4/lib/redis.rb:51:in `block in synchronize'
workers-1  | /opt/.gem/gems/redis-4.1.4/lib/redis.rb:51:in `synchronize'
workers-1  | /opt/.gem/gems/redis-4.1.4/lib/redis.rb:914:in `get'
workers-1  | /opt/.gem/gems/redis-namespace-1.7.0/lib/redis/namespace.rb:469:in `call_with_namespace'
workers-1  | /opt/.gem/gems/redis-namespace-1.7.0/lib/redis/namespace.rb:349:in `block (2 levels) in <class:Namespace>'
workers-1  | /opt/.gem/gems/resque-2.0.0/lib/resque/data_store.rb:231:in `get_worker_payload'
workers-1  | /opt/.gem/gems/resque-2.0.0/lib/resque/worker.rb:752:in `job'
workers-1  | /opt/.gem/gems/resque-2.0.0/lib/resque/worker.rb:670:in `unregister_worker'
workers-1  | /opt/.gem/gems/resque-2.0.0/lib/resque/worker.rb:250:in `rescue in work'
workers-1  | /opt/.gem/gems/resque-2.0.0/lib/resque/worker.rb:231:in `work'
workers-1  | /opt/.gem/gems/resque-2.0.0/lib/resque/tasks.rb:20:in `block (2 levels) in <top (required)>'
workers-1  | 
workers-1  | Caused by:
workers-1  | Redis::CommandError: NOAUTH Authentication required.
workers-1  | /opt/.gem/gems/redis-4.1.4/lib/redis/client.rb:126:in `call'
workers-1  | /opt/.gem/gems/redis-4.1.4/lib/redis.rb:2216:in `block in hdel'
workers-1  | /opt/.gem/gems/redis-4.1.4/lib/redis.rb:51:in `block in synchronize'
workers-1  | /opt/.gem/gems/redis-4.1.4/lib/redis.rb:51:in `synchronize'
workers-1  | /opt/.gem/gems/redis-4.1.4/lib/redis.rb:2215:in `hdel'
workers-1  | /opt/.gem/gems/redis-namespace-1.7.0/lib/redis/namespace.rb:469:in `call_with_namespace'
workers-1  | /opt/.gem/gems/redis-namespace-1.7.0/lib/redis/namespace.rb:349:in `block (2 levels) in <class:Namespace>'
workers-1  | /opt/.gem/gems/resque-2.0.0/lib/resque/data_store.rb:261:in `remove_heartbeat'
workers-1  | /opt/.gem/gems/resque-2.0.0/lib/resque/worker.rb:475:in `remove_heartbeat'
workers-1  | /opt/.gem/gems/resque-2.0.0/lib/resque/worker.rb:507:in `start_heartbeat'
workers-1  | /opt/.gem/gems/resque-2.0.0/lib/resque/worker.rb:360:in `startup'
workers-1  | /opt/.gem/gems/resque-2.0.0/lib/resque/worker.rb:233:in `work'
workers-1  | /opt/.gem/gems/resque-2.0.0/lib/resque/tasks.rb:20:in `block (2 levels) in <top (required)>'
workers-1  | Tasks: TOP => resque:work
workers-1  | (See full trace by running task with --trace)
workers-1  | rake aborted!
workers-1  | Redis::CommandError: NOAUTH Authentication required.
workers-1  | Original Exception (Redis::CommandError): NOAUTH Authentication required.
workers-1  |   /opt/.gem/gems/redis-4.1.4/lib/redis/client.rb:126:in `call'  
workers-1  | /opt/.gem/gems/redis-4.1.4/lib/redis.rb:2216:in `block in hdel'  
workers-1  | /opt/.gem/gems/redis-4.1.4/lib/redis.rb:51:in `block in synchronize'  
workers-1  | /usr/local/ruby-2.7.0/lib/ruby/2.7.0/monitor.rb:202:in `synchronize'  
workers-1  | /usr/local/ruby-2.7.0/lib/ruby/2.7.0/monitor.rb:202:in `mon_synchronize'  
workers-1  | /opt/.gem/gems/redis-4.1.4/lib/redis.rb:51:in `synchronize'  
workers-1  | /opt/.gem/gems/redis-4.1.4/lib/redis.rb:2215:in `hdel'  
workers-1  | /opt/.gem/gems/redis-namespace-1.7.0/lib/redis/namespace.rb:469:in `call_with_namespace'  
workers-1  | /opt/.gem/gems/redis-namespace-1.7.0/lib/redis/namespace.rb:349:in `block (2 levels) in <class:Namespace>'  
workers-1  | /opt/.gem/gems/resque-2.0.0/lib/resque/data_store.rb:261:in `remove_heartbeat'  
workers-1  | /usr/local/ruby-2.7.0/lib/ruby/2.7.0/forwardable.rb:235:in `remove_heartbeat'  
workers-1  | /opt/.gem/gems/resque-2.0.0/lib/resque/worker.rb:475:in `remove_heartbeat'  
workers-1  | /opt/.gem/gems/resque-2.0.0/lib/resque/worker.rb:507:in `start_heartbeat'  
workers-1  | /opt/.gem/gems/resque-2.0.0/lib/resque/worker.rb:360:in `startup'  
workers-1  | /opt/.gem/gems/resque-2.0.0/lib/resque/worker.rb:233:in `work'  
workers-1  | /opt/.gem/gems/resque-2.0.0/lib/resque/tasks.rb:20:in `block (2 levels) in <top (required)>'  
workers-1  | /usr/local/ruby-2.7.0/lib/ruby/gems/2.7.0/gems/rake-13.0.1/lib/rake/task.rb:281:in `block in execute'  
workers-1  | /usr/local/ruby-2.7.0/lib/ruby/gems/2.7.0/gems/rake-13.0.1/lib/rake/task.rb:281:in `each'  
workers-1  | /usr/local/ruby-2.7.0/lib/ruby/gems/2.7.0/gems/rake-13.0.1/lib/rake/task.rb:281:in `execute'  
workers-1  | /usr/local/ruby-2.7.0/lib/ruby/gems/2.7.0/gems/rake-13.0.1/lib/rake/task.rb:219:in `block in invoke_with_call_chain'  
workers-1  | /usr/local/ruby-2.7.0/lib/ruby/gems/2.7.0/gems/rake-13.0.1/lib/rake/task.rb:199:in `synchronize'  
workers-1  | /usr/local/ruby-2.7.0/lib/ruby/gems/2.7.0/gems/rake-13.0.1/lib/rake/task.rb:199:in `invoke_with_call_chain'  
workers-1  | /usr/local/ruby-2.7.0/lib/ruby/gems/2.7.0/gems/rake-13.0.1/lib/rake/task.rb:188:in `invoke'  
workers-1  | /usr/local/ruby-2.7.0/lib/ruby/gems/2.7.0/gems/rake-13.0.1/lib/rake/application.rb:160:in `invoke_task'  
workers-1  | /usr/local/ruby-2.7.0/lib/ruby/gems/2.7.0/gems/rake-13.0.1/lib/rake/application.rb:116:in `block (2 levels) in top_level'  
workers-1  | /usr/local/ruby-2.7.0/lib/ruby/gems/2.7.0/gems/rake-13.0.1/lib/rake/application.rb:116:in `each'  
workers-1  | /usr/local/ruby-2.7.0/lib/ruby/gems/2.7.0/gems/rake-13.0.1/lib/rake/application.rb:116:in `block in top_level'  
workers-1  | /usr/local/ruby-2.7.0/lib/ruby/gems/2.7.0/gems/rake-13.0.1/lib/rake/application.rb:125:in `run_with_threads'  
workers-1  | /usr/local/ruby-2.7.0/lib/ruby/gems/2.7.0/gems/rake-13.0.1/lib/rake/application.rb:110:in `top_level'  
workers-1  | /usr/local/ruby-2.7.0/lib/ruby/gems/2.7.0/gems/rake-13.0.1/lib/rake/application.rb:83:in `block in run'  
workers-1  | /usr/local/ruby-2.7.0/lib/ruby/gems/2.7.0/gems/rake-13.0.1/lib/rake/application.rb:186:in `standard_exception_handling'  
workers-1  | /usr/local/ruby-2.7.0/lib/ruby/gems/2.7.0/gems/rake-13.0.1/lib/rake/application.rb:80:in `run'  
workers-1  | /usr/local/ruby-2.7.0/lib/ruby/gems/2.7.0/gems/rake-13.0.1/exe/rake:27:in `<top (required)>'  
workers-1  | /usr/local/ruby-2.7.0/bin/rake:23:in `load'  
workers-1  | /usr/local/ruby-2.7.0/bin/rake:23:in `<main>'
workers-1  | /opt/.gem/gems/redis-4.1.4/lib/redis/client.rb:126:in `call'
workers-1  | /opt/.gem/gems/redis-4.1.4/lib/redis.rb:915:in `block in get'
workers-1  | /opt/.gem/gems/redis-4.1.4/lib/redis.rb:51:in `block in synchronize'
workers-1  | /opt/.gem/gems/redis-4.1.4/lib/redis.rb:51:in `synchronize'
workers-1  | /opt/.gem/gems/redis-4.1.4/lib/redis.rb:914:in `get'
workers-1  | /opt/.gem/gems/redis-namespace-1.7.0/lib/redis/namespace.rb:469:in `call_with_namespace'
workers-1  | /opt/.gem/gems/redis-namespace-1.7.0/lib/redis/namespace.rb:349:in `block (2 levels) in <class:Namespace>'
workers-1  | /opt/.gem/gems/resque-2.0.0/lib/resque/data_store.rb:231:in `get_worker_payload'
workers-1  | /opt/.gem/gems/resque-2.0.0/lib/resque/worker.rb:752:in `job'
workers-1  | /opt/.gem/gems/resque-2.0.0/lib/resque/worker.rb:670:in `unregister_worker'
workers-1  | /opt/.gem/gems/resque-2.0.0/lib/resque/worker.rb:250:in `rescue in work'
workers-1  | /opt/.gem/gems/resque-2.0.0/lib/resque/worker.rb:231:in `work'
workers-1  | /opt/.gem/gems/resque-2.0.0/lib/resque/tasks.rb:20:in `block (2 levels) in <top (required)>'
workers-1  | 
workers-1  | Caused by:
workers-1  | Redis::CommandError: NOAUTH Authentication required.
workers-1  | /opt/.gem/gems/redis-4.1.4/lib/redis/client.rb:126:in `call'
workers-1  | /opt/.gem/gems/redis-4.1.4/lib/redis.rb:915:in `block in get'
workers-1  | /opt/.gem/gems/redis-4.1.4/lib/redis.rb:51:in `block in synchronize'
workers-1  | /opt/.gem/gems/redis-4.1.4/lib/redis.rb:51:in `synchronize'
workers-1  | /opt/.gem/gems/redis-4.1.4/lib/redis.rb:914:in `get'
workers-1  | /opt/.gem/gems/redis-namespace-1.7.0/lib/redis/namespace.rb:469:in `call_with_namespace'
workers-1  | /opt/.gem/gems/redis-namespace-1.7.0/lib/redis/namespace.rb:349:in `block (2 levels) in <class:Namespace>'
workers-1  | /opt/.gem/gems/resque-2.0.0/lib/resque/data_store.rb:231:in `get_worker_payload'
workers-1  | /opt/.gem/gems/resque-2.0.0/lib/resque/worker.rb:752:in `job'
workers-1  | /opt/.gem/gems/resque-2.0.0/lib/resque/worker.rb:670:in `unregister_worker'
workers-1  | /opt/.gem/gems/resque-2.0.0/lib/resque/worker.rb:250:in `rescue in work'
workers-1  | /opt/.gem/gems/resque-2.0.0/lib/resque/worker.rb:231:in `work'
workers-1  | /opt/.gem/gems/resque-2.0.0/lib/resque/tasks.rb:20:in `block (2 levels) in <top (required)>'
workers-1  | 
workers-1  | Caused by:
workers-1  | Redis::CommandError: NOAUTH Authentication required.
workers-1  | /opt/.gem/gems/redis-4.1.4/lib/redis/client.rb:126:in `call'
workers-1  | /opt/.gem/gems/redis-4.1.4/lib/redis.rb:2216:in `block in hdel'
workers-1  | /opt/.gem/gems/redis-4.1.4/lib/redis.rb:51:in `block in synchronize'
workers-1  | /opt/.gem/gems/redis-4.1.4/lib/redis.rb:51:in `synchronize'
workers-1  | /opt/.gem/gems/redis-4.1.4/lib/redis.rb:2215:in `hdel'
workers-1  | /opt/.gem/gems/redis-namespace-1.7.0/lib/redis/namespace.rb:469:in `call_with_namespace'
workers-1  | /opt/.gem/gems/redis-namespace-1.7.0/lib/redis/namespace.rb:349:in `block (2 levels) in <class:Namespace>'
workers-1  | /opt/.gem/gems/resque-2.0.0/lib/resque/data_store.rb:261:in `remove_heartbeat'
workers-1  | /opt/.gem/gems/resque-2.0.0/lib/resque/worker.rb:475:in `remove_heartbeat'
workers-1  | /opt/.gem/gems/resque-2.0.0/lib/resque/worker.rb:507:in `start_heartbeat'
workers-1  | /opt/.gem/gems/resque-2.0.0/lib/resque/worker.rb:360:in `startup'
workers-1  | /opt/.gem/gems/resque-2.0.0/lib/resque/worker.rb:233:in `work'
workers-1  | /opt/.gem/gems/resque-2.0.0/lib/resque/tasks.rb:20:in `block (2 levels) in <top (required)>'
workers-1  | Tasks: TOP => resque:work
workers-1  | (See full trace by running task with --trace)
workers-1  | rake aborted!
workers-1  | Redis::CommandError: NOAUTH Authentication required.
workers-1  | Original Exception (Redis::CommandError): NOAUTH Authentication required.
workers-1  |   /opt/.gem/gems/redis-4.1.4/lib/redis/client.rb:126:in `call'  
workers-1  | /opt/.gem/gems/redis-4.1.4/lib/redis.rb:2216:in `block in hdel'  
workers-1  | /opt/.gem/gems/redis-4.1.4/lib/redis.rb:51:in `block in synchronize'  
workers-1  | /usr/local/ruby-2.7.0/lib/ruby/2.7.0/monitor.rb:202:in `synchronize'  
workers-1  | /usr/local/ruby-2.7.0/lib/ruby/2.7.0/monitor.rb:202:in `mon_synchronize'  
workers-1  | /opt/.gem/gems/redis-4.1.4/lib/redis.rb:51:in `synchronize'  
workers-1  | /opt/.gem/gems/redis-4.1.4/lib/redis.rb:2215:in `hdel'  
workers-1  | /opt/.gem/gems/redis-namespace-1.7.0/lib/redis/namespace.rb:469:in `call_with_namespace'  
workers-1  | /opt/.gem/gems/redis-namespace-1.7.0/lib/redis/namespace.rb:349:in `block (2 levels) in <class:Namespace>'  
workers-1  | /opt/.gem/gems/resque-2.0.0/lib/resque/data_store.rb:261:in `remove_heartbeat'  
workers-1  | /usr/local/ruby-2.7.0/lib/ruby/2.7.0/forwardable.rb:235:in `remove_heartbeat'  
workers-1  | /opt/.gem/gems/resque-2.0.0/lib/resque/worker.rb:475:in `remove_heartbeat'  
workers-1  | /opt/.gem/gems/resque-2.0.0/lib/resque/worker.rb:507:in `start_heartbeat'  
workers-1  | /opt/.gem/gems/resque-2.0.0/lib/resque/worker.rb:360:in `startup'  
workers-1  | /opt/.gem/gems/resque-2.0.0/lib/resque/worker.rb:233:in `work'  
workers-1  | /opt/.gem/gems/resque-2.0.0/lib/resque/tasks.rb:20:in `block (2 levels) in <top (required)>'  
workers-1  | /usr/local/ruby-2.7.0/lib/ruby/gems/2.7.0/gems/rake-13.0.1/lib/rake/task.rb:281:in `block in execute'  
workers-1  | /usr/local/ruby-2.7.0/lib/ruby/gems/2.7.0/gems/rake-13.0.1/lib/rake/task.rb:281:in `each'  
workers-1  | /usr/local/ruby-2.7.0/lib/ruby/gems/2.7.0/gems/rake-13.0.1/lib/rake/task.rb:281:in `execute'  
workers-1  | /usr/local/ruby-2.7.0/lib/ruby/gems/2.7.0/gems/rake-13.0.1/lib/rake/task.rb:219:in `block in invoke_with_call_chain'  
workers-1  | /usr/local/ruby-2.7.0/lib/ruby/gems/2.7.0/gems/rake-13.0.1/lib/rake/task.rb:199:in `synchronize'  
workers-1  | /usr/local/ruby-2.7.0/lib/ruby/gems/2.7.0/gems/rake-13.0.1/lib/rake/task.rb:199:in `invoke_with_call_chain'  
workers-1  | /usr/local/ruby-2.7.0/lib/ruby/gems/2.7.0/gems/rake-13.0.1/lib/rake/task.rb:188:in `invoke'  
workers-1  | /usr/local/ruby-2.7.0/lib/ruby/gems/2.7.0/gems/rake-13.0.1/lib/rake/application.rb:160:in `invoke_task'  
workers-1  | /usr/local/ruby-2.7.0/lib/ruby/gems/2.7.0/gems/rake-13.0.1/lib/rake/application.rb:116:in `block (2 levels) in top_level'  
workers-1  | /usr/local/ruby-2.7.0/lib/ruby/gems/2.7.0/gems/rake-13.0.1/lib/rake/application.rb:116:in `each'  
workers-1  | /usr/local/ruby-2.7.0/lib/ruby/gems/2.7.0/gems/rake-13.0.1/lib/rake/application.rb:116:in `block in top_level'  
workers-1  | /usr/local/ruby-2.7.0/lib/ruby/gems/2.7.0/gems/rake-13.0.1/lib/rake/application.rb:125:in `run_with_threads'  
workers-1  | /usr/local/ruby-2.7.0/lib/ruby/gems/2.7.0/gems/rake-13.0.1/lib/rake/application.rb:110:in `top_level'  
workers-1  | /usr/local/ruby-2.7.0/lib/ruby/gems/2.7.0/gems/rake-13.0.1/lib/rake/application.rb:83:in `block in run'  
workers-1  | /usr/local/ruby-2.7.0/lib/ruby/gems/2.7.0/gems/rake-13.0.1/lib/rake/application.rb:186:in `standard_exception_handling'  
workers-1  | /usr/local/ruby-2.7.0/lib/ruby/gems/2.7.0/gems/rake-13.0.1/lib/rake/application.rb:80:in `run'  
workers-1  | /usr/local/ruby-2.7.0/lib/ruby/gems/2.7.0/gems/rake-13.0.1/exe/rake:27:in `<top (required)>'  
workers-1  | /usr/local/ruby-2.7.0/bin/rake:23:in `load'  
workers-1  | /usr/local/ruby-2.7.0/bin/rake:23:in `<main>'
workers-1  | /opt/.gem/gems/redis-4.1.4/lib/redis/client.rb:126:in `call'
workers-1  | /opt/.gem/gems/redis-4.1.4/lib/redis.rb:915:in `block in get'
workers-1  | /opt/.gem/gems/redis-4.1.4/lib/redis.rb:51:in `block in synchronize'
workers-1  | /opt/.gem/gems/redis-4.1.4/lib/redis.rb:51:in `synchronize'
workers-1  | /opt/.gem/gems/redis-4.1.4/lib/redis.rb:914:in `get'
workers-1  | /opt/.gem/gems/redis-namespace-1.7.0/lib/redis/namespace.rb:469:in `call_with_namespace'
workers-1  | /opt/.gem/gems/redis-namespace-1.7.0/lib/redis/namespace.rb:349:in `block (2 levels) in <class:Namespace>'
workers-1  | /opt/.gem/gems/resque-2.0.0/lib/resque/data_store.rb:231:in `get_worker_payload'
workers-1  | /opt/.gem/gems/resque-2.0.0/lib/resque/worker.rb:752:in `job'
workers-1  | /opt/.gem/gems/resque-2.0.0/lib/resque/worker.rb:670:in `unregister_worker'
workers-1  | /opt/.gem/gems/resque-2.0.0/lib/resque/worker.rb:250:in `rescue in work'
workers-1  | /opt/.gem/gems/resque-2.0.0/lib/resque/worker.rb:231:in `work'
workers-1  | /opt/.gem/gems/resque-2.0.0/lib/resque/tasks.rb:20:in `block (2 levels) in <top (required)>'
workers-1  | 
workers-1  | Caused by:
workers-1  | Redis::CommandError: NOAUTH Authentication required.
workers-1  | /opt/.gem/gems/redis-4.1.4/lib/redis/client.rb:126:in `call'
workers-1  | /opt/.gem/gems/redis-4.1.4/lib/redis.rb:915:in `block in get'
workers-1  | /opt/.gem/gems/redis-4.1.4/lib/redis.rb:51:in `block in synchronize'
workers-1  | /opt/.gem/gems/redis-4.1.4/lib/redis.rb:51:in `synchronize'
workers-1  | /opt/.gem/gems/redis-4.1.4/lib/redis.rb:914:in `get'
workers-1  | /opt/.gem/gems/redis-namespace-1.7.0/lib/redis/namespace.rb:469:in `call_with_namespace'
workers-1  | /opt/.gem/gems/redis-namespace-1.7.0/lib/redis/namespace.rb:349:in `block (2 levels) in <class:Namespace>'
workers-1  | /opt/.gem/gems/resque-2.0.0/lib/resque/data_store.rb:231:in `get_worker_payload'
workers-1  | /opt/.gem/gems/resque-2.0.0/lib/resque/worker.rb:752:in `job'
workers-1  | /opt/.gem/gems/resque-2.0.0/lib/resque/worker.rb:670:in `unregister_worker'
workers-1  | /opt/.gem/gems/resque-2.0.0/lib/resque/worker.rb:250:in `rescue in work'
workers-1  | /opt/.gem/gems/resque-2.0.0/lib/resque/worker.rb:231:in `work'
workers-1  | /opt/.gem/gems/resque-2.0.0/lib/resque/tasks.rb:20:in `block (2 levels) in <top (required)>'
workers-1  | 
workers-1  | Caused by:
workers-1  | Redis::CommandError: NOAUTH Authentication required.
workers-1  | /opt/.gem/gems/redis-4.1.4/lib/redis/client.rb:126:in `call'
workers-1  | /opt/.gem/gems/redis-4.1.4/lib/redis.rb:2216:in `block in hdel'
workers-1  | /opt/.gem/gems/redis-4.1.4/lib/redis.rb:51:in `block in synchronize'
workers-1  | /opt/.gem/gems/redis-4.1.4/lib/redis.rb:51:in `synchronize'
workers-1  | /opt/.gem/gems/redis-4.1.4/lib/redis.rb:2215:in `hdel'
workers-1  | /opt/.gem/gems/redis-namespace-1.7.0/lib/redis/namespace.rb:469:in `call_with_namespace'
workers-1  | /opt/.gem/gems/redis-namespace-1.7.0/lib/redis/namespace.rb:349:in `block (2 levels) in <class:Namespace>'
workers-1  | /opt/.gem/gems/resque-2.0.0/lib/resque/data_store.rb:261:in `remove_heartbeat'
workers-1  | /opt/.gem/gems/resque-2.0.0/lib/resque/worker.rb:475:in `remove_heartbeat'
workers-1  | /opt/.gem/gems/resque-2.0.0/lib/resque/worker.rb:507:in `start_heartbeat'
workers-1  | /opt/.gem/gems/resque-2.0.0/lib/resque/worker.rb:360:in `startup'
workers-1  | /opt/.gem/gems/resque-2.0.0/lib/resque/worker.rb:233:in `work'
workers-1  | /opt/.gem/gems/resque-2.0.0/lib/resque/tasks.rb:20:in `block (2 levels) in <top (required)>'
workers-1  | Tasks: TOP => resque:work
workers-1  | (See full trace by running task with --trace)
workers-1  | rake aborted!
workers-1  | Redis::CommandError: NOAUTH Authentication required.
workers-1  | Original Exception (Redis::CommandError): NOAUTH Authentication required.
workers-1  |   /opt/.gem/gems/redis-4.1.4/lib/redis/client.rb:126:in `call'  
workers-1  | /opt/.gem/gems/redis-4.1.4/lib/redis.rb:2216:in `block in hdel'  
workers-1  | /opt/.gem/gems/redis-4.1.4/lib/redis.rb:51:in `block in synchronize'  
workers-1  | /usr/local/ruby-2.7.0/lib/ruby/2.7.0/monitor.rb:202:in `synchronize'  
workers-1  | /usr/local/ruby-2.7.0/lib/ruby/2.7.0/monitor.rb:202:in `mon_synchronize'  
workers-1  | /opt/.gem/gems/redis-4.1.4/lib/redis.rb:51:in `synchronize'  
workers-1  | /opt/.gem/gems/redis-4.1.4/lib/redis.rb:2215:in `hdel'  
workers-1  | /opt/.gem/gems/redis-namespace-1.7.0/lib/redis/namespace.rb:469:in `call_with_namespace'  
workers-1  | /opt/.gem/gems/redis-namespace-1.7.0/lib/redis/namespace.rb:349:in `block (2 levels) in <class:Namespace>'  
workers-1  | /opt/.gem/gems/resque-2.0.0/lib/resque/data_store.rb:261:in `remove_heartbeat'  
workers-1  | /usr/local/ruby-2.7.0/lib/ruby/2.7.0/forwardable.rb:235:in `remove_heartbeat'  
workers-1  | /opt/.gem/gems/resque-2.0.0/lib/resque/worker.rb:475:in `remove_heartbeat'  
workers-1  | /opt/.gem/gems/resque-2.0.0/lib/resque/worker.rb:507:in `start_heartbeat'  
workers-1  | /opt/.gem/gems/resque-2.0.0/lib/resque/worker.rb:360:in `startup'  
workers-1  | /opt/.gem/gems/resque-2.0.0/lib/resque/worker.rb:233:in `work'  
workers-1  | /opt/.gem/gems/resque-2.0.0/lib/resque/tasks.rb:20:in `block (2 levels) in <top (required)>'  
workers-1  | /usr/local/ruby-2.7.0/lib/ruby/gems/2.7.0/gems/rake-13.0.1/lib/rake/task.rb:281:in `block in execute'  
workers-1  | /usr/local/ruby-2.7.0/lib/ruby/gems/2.7.0/gems/rake-13.0.1/lib/rake/task.rb:281:in `each'  
workers-1  | /usr/local/ruby-2.7.0/lib/ruby/gems/2.7.0/gems/rake-13.0.1/lib/rake/task.rb:281:in `execute'  
workers-1  | /usr/local/ruby-2.7.0/lib/ruby/gems/2.7.0/gems/rake-13.0.1/lib/rake/task.rb:219:in `block in invoke_with_call_chain'  
workers-1  | /usr/local/ruby-2.7.0/lib/ruby/gems/2.7.0/gems/rake-13.0.1/lib/rake/task.rb:199:in `synchronize'  
workers-1  | /usr/local/ruby-2.7.0/lib/ruby/gems/2.7.0/gems/rake-13.0.1/lib/rake/task.rb:199:in `invoke_with_call_chain'  
workers-1  | /usr/local/ruby-2.7.0/lib/ruby/gems/2.7.0/gems/rake-13.0.1/lib/rake/task.rb:188:in `invoke'  
workers-1  | /usr/local/ruby-2.7.0/lib/ruby/gems/2.7.0/gems/rake-13.0.1/lib/rake/application.rb:160:in `invoke_task'  
workers-1  | /usr/local/ruby-2.7.0/lib/ruby/gems/2.7.0/gems/rake-13.0.1/lib/rake/application.rb:116:in `block (2 levels) in top_level'  
workers-1  | /usr/local/ruby-2.7.0/lib/ruby/gems/2.7.0/gems/rake-13.0.1/lib/rake/application.rb:116:in `each'  
workers-1  | /usr/local/ruby-2.7.0/lib/ruby/gems/2.7.0/gems/rake-13.0.1/lib/rake/application.rb:116:in `block in top_level'  
workers-1  | /usr/local/ruby-2.7.0/lib/ruby/gems/2.7.0/gems/rake-13.0.1/lib/rake/application.rb:125:in `run_with_threads'  
workers-1  | /usr/local/ruby-2.7.0/lib/ruby/gems/2.7.0/gems/rake-13.0.1/lib/rake/application.rb:110:in `top_level'  
workers-1  | /usr/local/ruby-2.7.0/lib/ruby/gems/2.7.0/gems/rake-13.0.1/lib/rake/application.rb:83:in `block in run'  
workers-1  | /usr/local/ruby-2.7.0/lib/ruby/gems/2.7.0/gems/rake-13.0.1/lib/rake/application.rb:186:in `standard_exception_handling'  
workers-1  | /usr/local/ruby-2.7.0/lib/ruby/gems/2.7.0/gems/rake-13.0.1/lib/rake/application.rb:80:in `run'  
workers-1  | /usr/local/ruby-2.7.0/lib/ruby/gems/2.7.0/gems/rake-13.0.1/exe/rake:27:in `<top (required)>'  
workers-1  | /usr/local/ruby-2.7.0/bin/rake:23:in `load'  
workers-1  | /usr/local/ruby-2.7.0/bin/rake:23:in `<main>'
workers-1  | /opt/.gem/gems/redis-4.1.4/lib/redis/client.rb:126:in `call'
workers-1  | /opt/.gem/gems/redis-4.1.4/lib/redis.rb:915:in `block in get'
workers-1  | /opt/.gem/gems/redis-4.1.4/lib/redis.rb:51:in `block in synchronize'
workers-1  | /opt/.gem/gems/redis-4.1.4/lib/redis.rb:51:in `synchronize'
workers-1  | /opt/.gem/gems/redis-4.1.4/lib/redis.rb:914:in `get'
workers-1  | /opt/.gem/gems/redis-namespace-1.7.0/lib/redis/namespace.rb:469:in `call_with_namespace'
workers-1  | /opt/.gem/gems/redis-namespace-1.7.0/lib/redis/namespace.rb:349:in `block (2 levels) in <class:Namespace>'
workers-1  | /opt/.gem/gems/resque-2.0.0/lib/resque/data_store.rb:231:in `get_worker_payload'
workers-1  | /opt/.gem/gems/resque-2.0.0/lib/resque/worker.rb:752:in `job'
workers-1  | /opt/.gem/gems/resque-2.0.0/lib/resque/worker.rb:670:in `unregister_worker'
workers-1  | /opt/.gem/gems/resque-2.0.0/lib/resque/worker.rb:250:in `rescue in work'
workers-1  | /opt/.gem/gems/resque-2.0.0/lib/resque/worker.rb:231:in `work'
workers-1  | /opt/.gem/gems/resque-2.0.0/lib/resque/tasks.rb:20:in `block (2 levels) in <top (required)>'
workers-1  | 
workers-1  | Caused by:
workers-1  | Redis::CommandError: NOAUTH Authentication required.
workers-1  | /opt/.gem/gems/redis-4.1.4/lib/redis/client.rb:126:in `call'
workers-1  | /opt/.gem/gems/redis-4.1.4/lib/redis.rb:915:in `block in get'
workers-1  | /opt/.gem/gems/redis-4.1.4/lib/redis.rb:51:in `block in synchronize'
workers-1  | /opt/.gem/gems/redis-4.1.4/lib/redis.rb:51:in `synchronize'
workers-1  | /opt/.gem/gems/redis-4.1.4/lib/redis.rb:914:in `get'
workers-1  | /opt/.gem/gems/redis-namespace-1.7.0/lib/redis/namespace.rb:469:in `call_with_namespace'
workers-1  | /opt/.gem/gems/redis-namespace-1.7.0/lib/redis/namespace.rb:349:in `block (2 levels) in <class:Namespace>'
workers-1  | /opt/.gem/gems/resque-2.0.0/lib/resque/data_store.rb:231:in `get_worker_payload'
workers-1  | /opt/.gem/gems/resque-2.0.0/lib/resque/worker.rb:752:in `job'
workers-1  | /opt/.gem/gems/resque-2.0.0/lib/resque/worker.rb:670:in `unregister_worker'
workers-1  | /opt/.gem/gems/resque-2.0.0/lib/resque/worker.rb:250:in `rescue in work'
workers-1  | /opt/.gem/gems/resque-2.0.0/lib/resque/worker.rb:231:in `work'
workers-1  | /opt/.gem/gems/resque-2.0.0/lib/resque/tasks.rb:20:in `block (2 levels) in <top (required)>'
workers-1  | 
workers-1  | Caused by:
workers-1  | Redis::CommandError: NOAUTH Authentication required.
workers-1  | /opt/.gem/gems/redis-4.1.4/lib/redis/client.rb:126:in `call'
workers-1  | /opt/.gem/gems/redis-4.1.4/lib/redis.rb:2216:in `block in hdel'
workers-1  | /opt/.gem/gems/redis-4.1.4/lib/redis.rb:51:in `block in synchronize'
workers-1  | /opt/.gem/gems/redis-4.1.4/lib/redis.rb:51:in `synchronize'
workers-1  | /opt/.gem/gems/redis-4.1.4/lib/redis.rb:2215:in `hdel'
workers-1  | /opt/.gem/gems/redis-namespace-1.7.0/lib/redis/namespace.rb:469:in `call_with_namespace'
workers-1  | /opt/.gem/gems/redis-namespace-1.7.0/lib/redis/namespace.rb:349:in `block (2 levels) in <class:Namespace>'
workers-1  | /opt/.gem/gems/resque-2.0.0/lib/resque/data_store.rb:261:in `remove_heartbeat'
workers-1  | /opt/.gem/gems/resque-2.0.0/lib/resque/worker.rb:475:in `remove_heartbeat'
workers-1  | /opt/.gem/gems/resque-2.0.0/lib/resque/worker.rb:507:in `start_heartbeat'
workers-1  | /opt/.gem/gems/resque-2.0.0/lib/resque/worker.rb:360:in `startup'
workers-1  | /opt/.gem/gems/resque-2.0.0/lib/resque/worker.rb:233:in `work'
workers-1  | /opt/.gem/gems/resque-2.0.0/lib/resque/tasks.rb:20:in `block (2 levels) in <top (required)>'
workers-1  | Tasks: TOP => resque:work
workers-1  | (See full trace by running task with --trace)
workers-1  | rake aborted!
workers-1  | Redis::CommandError: NOAUTH Authentication required.
workers-1  | Original Exception (Redis::CommandError): NOAUTH Authentication required.
workers-1  |   /opt/.gem/gems/redis-4.1.4/lib/redis/client.rb:126:in `call'  
workers-1  | /opt/.gem/gems/redis-4.1.4/lib/redis.rb:2216:in `block in hdel'  
workers-1  | /opt/.gem/gems/redis-4.1.4/lib/redis.rb:51:in `block in synchronize'  
workers-1  | /usr/local/ruby-2.7.0/lib/ruby/2.7.0/monitor.rb:202:in `synchronize'  
workers-1  | /usr/local/ruby-2.7.0/lib/ruby/2.7.0/monitor.rb:202:in `mon_synchronize'  
workers-1  | /opt/.gem/gems/redis-4.1.4/lib/redis.rb:51:in `synchronize'  
workers-1  | /opt/.gem/gems/redis-4.1.4/lib/redis.rb:2215:in `hdel'  
workers-1  | /opt/.gem/gems/redis-namespace-1.7.0/lib/redis/namespace.rb:469:in `call_with_namespace'  
workers-1  | /opt/.gem/gems/redis-namespace-1.7.0/lib/redis/namespace.rb:349:in `block (2 levels) in <class:Namespace>'  
workers-1  | /opt/.gem/gems/resque-2.0.0/lib/resque/data_store.rb:261:in `remove_heartbeat'  
workers-1  | /usr/local/ruby-2.7.0/lib/ruby/2.7.0/forwardable.rb:235:in `remove_heartbeat'  
workers-1  | /opt/.gem/gems/resque-2.0.0/lib/resque/worker.rb:475:in `remove_heartbeat'  
workers-1  | /opt/.gem/gems/resque-2.0.0/lib/resque/worker.rb:507:in `start_heartbeat'  
workers-1  | /opt/.gem/gems/resque-2.0.0/lib/resque/worker.rb:360:in `startup'  
workers-1  | /opt/.gem/gems/resque-2.0.0/lib/resque/worker.rb:233:in `work'  
workers-1  | /opt/.gem/gems/resque-2.0.0/lib/resque/tasks.rb:20:in `block (2 levels) in <top (required)>'  
workers-1  | /usr/local/ruby-2.7.0/lib/ruby/gems/2.7.0/gems/rake-13.0.1/lib/rake/task.rb:281:in `block in execute'  
workers-1  | /usr/local/ruby-2.7.0/lib/ruby/gems/2.7.0/gems/rake-13.0.1/lib/rake/task.rb:281:in `each'  
workers-1  | /usr/local/ruby-2.7.0/lib/ruby/gems/2.7.0/gems/rake-13.0.1/lib/rake/task.rb:281:in `execute'  
workers-1  | /usr/local/ruby-2.7.0/lib/ruby/gems/2.7.0/gems/rake-13.0.1/lib/rake/task.rb:219:in `block in invoke_with_call_chain'  
workers-1  | /usr/local/ruby-2.7.0/lib/ruby/gems/2.7.0/gems/rake-13.0.1/lib/rake/task.rb:199:in `synchronize'  
workers-1  | /usr/local/ruby-2.7.0/lib/ruby/gems/2.7.0/gems/rake-13.0.1/lib/rake/task.rb:199:in `invoke_with_call_chain'  
workers-1  | /usr/local/ruby-2.7.0/lib/ruby/gems/2.7.0/gems/rake-13.0.1/lib/rake/task.rb:188:in `invoke'  
workers-1  | /usr/local/ruby-2.7.0/lib/ruby/gems/2.7.0/gems/rake-13.0.1/lib/rake/application.rb:160:in `invoke_task'  
workers-1  | /usr/local/ruby-2.7.0/lib/ruby/gems/2.7.0/gems/rake-13.0.1/lib/rake/application.rb:116:in `block (2 levels) in top_level'  
workers-1  | /usr/local/ruby-2.7.0/lib/ruby/gems/2.7.0/gems/rake-13.0.1/lib/rake/application.rb:116:in `each'  
workers-1  | /usr/local/ruby-2.7.0/lib/ruby/gems/2.7.0/gems/rake-13.0.1/lib/rake/application.rb:116:in `block in top_level'  
workers-1  | /usr/local/ruby-2.7.0/lib/ruby/gems/2.7.0/gems/rake-13.0.1/lib/rake/application.rb:125:in `run_with_threads'  
workers-1  | /usr/local/ruby-2.7.0/lib/ruby/gems/2.7.0/gems/rake-13.0.1/lib/rake/application.rb:110:in `top_level'  
workers-1  | /usr/local/ruby-2.7.0/lib/ruby/gems/2.7.0/gems/rake-13.0.1/lib/rake/application.rb:83:in `block in run'  
workers-1  | /usr/local/ruby-2.7.0/lib/ruby/gems/2.7.0/gems/rake-13.0.1/lib/rake/application.rb:186:in `standard_exception_handling'  
workers-1  | /usr/local/ruby-2.7.0/lib/ruby/gems/2.7.0/gems/rake-13.0.1/lib/rake/application.rb:80:in `run'  
workers-1  | /usr/local/ruby-2.7.0/lib/ruby/gems/2.7.0/gems/rake-13.0.1/exe/rake:27:in `<top (required)>'  
workers-1  | /usr/local/ruby-2.7.0/bin/rake:23:in `load'  
workers-1  | /usr/local/ruby-2.7.0/bin/rake:23:in `<main>'
workers-1  | /opt/.gem/gems/redis-4.1.4/lib/redis/client.rb:126:in `call'
workers-1  | /opt/.gem/gems/redis-4.1.4/lib/redis.rb:915:in `block in get'
workers-1  | /opt/.gem/gems/redis-4.1.4/lib/redis.rb:51:in `block in synchronize'
workers-1  | /opt/.gem/gems/redis-4.1.4/lib/redis.rb:51:in `synchronize'
workers-1  | /opt/.gem/gems/redis-4.1.4/lib/redis.rb:914:in `get'
workers-1  | /opt/.gem/gems/redis-namespace-1.7.0/lib/redis/namespace.rb:469:in `call_with_namespace'
workers-1  | /opt/.gem/gems/redis-namespace-1.7.0/lib/redis/namespace.rb:349:in `block (2 levels) in <class:Namespace>'
workers-1  | /opt/.gem/gems/resque-2.0.0/lib/resque/data_store.rb:231:in `get_worker_payload'
workers-1  | /opt/.gem/gems/resque-2.0.0/lib/resque/worker.rb:752:in `job'
workers-1  | /opt/.gem/gems/resque-2.0.0/lib/resque/worker.rb:670:in `unregister_worker'
workers-1  | /opt/.gem/gems/resque-2.0.0/lib/resque/worker.rb:250:in `rescue in work'
workers-1  | /opt/.gem/gems/resque-2.0.0/lib/resque/worker.rb:231:in `work'
workers-1  | /opt/.gem/gems/resque-2.0.0/lib/resque/tasks.rb:20:in `block (2 levels) in <top (required)>'
workers-1  | 
workers-1  | Caused by:
workers-1  | Redis::CommandError: NOAUTH Authentication required.
workers-1  | /opt/.gem/gems/redis-4.1.4/lib/redis/client.rb:126:in `call'
workers-1  | /opt/.gem/gems/redis-4.1.4/lib/redis.rb:915:in `block in get'
workers-1  | /opt/.gem/gems/redis-4.1.4/lib/redis.rb:51:in `block in synchronize'
workers-1  | /opt/.gem/gems/redis-4.1.4/lib/redis.rb:51:in `synchronize'
workers-1  | /opt/.gem/gems/redis-4.1.4/lib/redis.rb:914:in `get'
workers-1  | /opt/.gem/gems/redis-namespace-1.7.0/lib/redis/namespace.rb:469:in `call_with_namespace'
workers-1  | /opt/.gem/gems/redis-namespace-1.7.0/lib/redis/namespace.rb:349:in `block (2 levels) in <class:Namespace>'
workers-1  | /opt/.gem/gems/resque-2.0.0/lib/resque/data_store.rb:231:in `get_worker_payload'
workers-1  | /opt/.gem/gems/resque-2.0.0/lib/resque/worker.rb:752:in `job'
workers-1  | /opt/.gem/gems/resque-2.0.0/lib/resque/worker.rb:670:in `unregister_worker'
workers-1  | /opt/.gem/gems/resque-2.0.0/lib/resque/worker.rb:250:in `rescue in work'
workers-1  | /opt/.gem/gems/resque-2.0.0/lib/resque/worker.rb:231:in `work'
workers-1  | /opt/.gem/gems/resque-2.0.0/lib/resque/tasks.rb:20:in `block (2 levels) in <top (required)>'
workers-1  | 
workers-1  | Caused by:
workers-1  | Redis::CommandError: NOAUTH Authentication required.
workers-1  | /opt/.gem/gems/redis-4.1.4/lib/redis/client.rb:126:in `call'
workers-1  | /opt/.gem/gems/redis-4.1.4/lib/redis.rb:2216:in `block in hdel'
workers-1  | /opt/.gem/gems/redis-4.1.4/lib/redis.rb:51:in `block in synchronize'
workers-1  | /opt/.gem/gems/redis-4.1.4/lib/redis.rb:51:in `synchronize'
workers-1  | /opt/.gem/gems/redis-4.1.4/lib/redis.rb:2215:in `hdel'
workers-1  | /opt/.gem/gems/redis-namespace-1.7.0/lib/redis/namespace.rb:469:in `call_with_namespace'
workers-1  | /opt/.gem/gems/redis-namespace-1.7.0/lib/redis/namespace.rb:349:in `block (2 levels) in <class:Namespace>'
workers-1  | /opt/.gem/gems/resque-2.0.0/lib/resque/data_store.rb:261:in `remove_heartbeat'
workers-1  | /opt/.gem/gems/resque-2.0.0/lib/resque/worker.rb:475:in `remove_heartbeat'
workers-1  | /opt/.gem/gems/resque-2.0.0/lib/resque/worker.rb:507:in `start_heartbeat'
workers-1  | /opt/.gem/gems/resque-2.0.0/lib/resque/worker.rb:360:in `startup'
workers-1  | /opt/.gem/gems/resque-2.0.0/lib/resque/worker.rb:233:in `work'
workers-1  | /opt/.gem/gems/resque-2.0.0/lib/resque/tasks.rb:20:in `block (2 levels) in <top (required)>'
workers-1  | Tasks: TOP => resque:work
workers-1  | (See full trace by running task with --trace)
workers-1  | rake aborted!
workers-1  | Redis::CommandError: NOAUTH Authentication required.
workers-1  | Original Exception (Redis::CommandError): NOAUTH Authentication required.
workers-1  |   /opt/.gem/gems/redis-4.1.4/lib/redis/client.rb:126:in `call'  
workers-1  | /opt/.gem/gems/redis-4.1.4/lib/redis.rb:2216:in `block in hdel'  
workers-1  | /opt/.gem/gems/redis-4.1.4/lib/redis.rb:51:in `block in synchronize'  
workers-1  | /usr/local/ruby-2.7.0/lib/ruby/2.7.0/monitor.rb:202:in `synchronize'  
workers-1  | /usr/local/ruby-2.7.0/lib/ruby/2.7.0/monitor.rb:202:in `mon_synchronize'  
workers-1  | /opt/.gem/gems/redis-4.1.4/lib/redis.rb:51:in `synchronize'  
workers-1  | /opt/.gem/gems/redis-4.1.4/lib/redis.rb:2215:in `hdel'  
workers-1  | /opt/.gem/gems/redis-namespace-1.7.0/lib/redis/namespace.rb:469:in `call_with_namespace'  
workers-1  | /opt/.gem/gems/redis-namespace-1.7.0/lib/redis/namespace.rb:349:in `block (2 levels) in <class:Namespace>'  
workers-1  | /opt/.gem/gems/resque-2.0.0/lib/resque/data_store.rb:261:in `remove_heartbeat'  
workers-1  | /usr/local/ruby-2.7.0/lib/ruby/2.7.0/forwardable.rb:235:in `remove_heartbeat'  
workers-1  | /opt/.gem/gems/resque-2.0.0/lib/resque/worker.rb:475:in `remove_heartbeat'  
workers-1  | /opt/.gem/gems/resque-2.0.0/lib/resque/worker.rb:507:in `start_heartbeat'  
workers-1  | /opt/.gem/gems/resque-2.0.0/lib/resque/worker.rb:360:in `startup'  
workers-1  | /opt/.gem/gems/resque-2.0.0/lib/resque/worker.rb:233:in `work'  
workers-1  | /opt/.gem/gems/resque-2.0.0/lib/resque/tasks.rb:20:in `block (2 levels) in <top (required)>'  
workers-1  | /usr/local/ruby-2.7.0/lib/ruby/gems/2.7.0/gems/rake-13.0.1/lib/rake/task.rb:281:in `block in execute'  
workers-1  | /usr/local/ruby-2.7.0/lib/ruby/gems/2.7.0/gems/rake-13.0.1/lib/rake/task.rb:281:in `each'  
workers-1  | /usr/local/ruby-2.7.0/lib/ruby/gems/2.7.0/gems/rake-13.0.1/lib/rake/task.rb:281:in `execute'  
workers-1  | /usr/local/ruby-2.7.0/lib/ruby/gems/2.7.0/gems/rake-13.0.1/lib/rake/task.rb:219:in `block in invoke_with_call_chain'  
workers-1  | /usr/local/ruby-2.7.0/lib/ruby/gems/2.7.0/gems/rake-13.0.1/lib/rake/task.rb:199:in `synchronize'  
workers-1  | /usr/local/ruby-2.7.0/lib/ruby/gems/2.7.0/gems/rake-13.0.1/lib/rake/task.rb:199:in `invoke_with_call_chain'  
workers-1  | /usr/local/ruby-2.7.0/lib/ruby/gems/2.7.0/gems/rake-13.0.1/lib/rake/task.rb:188:in `invoke'  
workers-1  | /usr/local/ruby-2.7.0/lib/ruby/gems/2.7.0/gems/rake-13.0.1/lib/rake/application.rb:160:in `invoke_task'  
workers-1  | /usr/local/ruby-2.7.0/lib/ruby/gems/2.7.0/gems/rake-13.0.1/lib/rake/application.rb:116:in `block (2 levels) in top_level'  
workers-1  | /usr/local/ruby-2.7.0/lib/ruby/gems/2.7.0/gems/rake-13.0.1/lib/rake/application.rb:116:in `each'  
workers-1  | /usr/local/ruby-2.7.0/lib/ruby/gems/2.7.0/gems/rake-13.0.1/lib/rake/application.rb:116:in `block in top_level'  
workers-1  | /usr/local/ruby-2.7.0/lib/ruby/gems/2.7.0/gems/rake-13.0.1/lib/rake/application.rb:125:in `run_with_threads'  
workers-1  | /usr/local/ruby-2.7.0/lib/ruby/gems/2.7.0/gems/rake-13.0.1/lib/rake/application.rb:110:in `top_level'  
workers-1  | /usr/local/ruby-2.7.0/lib/ruby/gems/2.7.0/gems/rake-13.0.1/lib/rake/application.rb:83:in `block in run'  
workers-1  | /usr/local/ruby-2.7.0/lib/ruby/gems/2.7.0/gems/rake-13.0.1/lib/rake/application.rb:186:in `standard_exception_handling'  
workers-1  | /usr/local/ruby-2.7.0/lib/ruby/gems/2.7.0/gems/rake-13.0.1/lib/rake/application.rb:80:in `run'  
workers-1  | /usr/local/ruby-2.7.0/lib/ruby/gems/2.7.0/gems/rake-13.0.1/exe/rake:27:in `<top (required)>'  
workers-1  | /usr/local/ruby-2.7.0/bin/rake:23:in `load'  
workers-1  | /usr/local/ruby-2.7.0/bin/rake:23:in `<main>'
workers-1  | /opt/.gem/gems/redis-4.1.4/lib/redis/client.rb:126:in `call'
workers-1  | /opt/.gem/gems/redis-4.1.4/lib/redis.rb:915:in `block in get'
workers-1  | /opt/.gem/gems/redis-4.1.4/lib/redis.rb:51:in `block in synchronize'
workers-1  | /opt/.gem/gems/redis-4.1.4/lib/redis.rb:51:in `synchronize'
workers-1  | /opt/.gem/gems/redis-4.1.4/lib/redis.rb:914:in `get'
workers-1  | /opt/.gem/gems/redis-namespace-1.7.0/lib/redis/namespace.rb:469:in `call_with_namespace'
workers-1  | /opt/.gem/gems/redis-namespace-1.7.0/lib/redis/namespace.rb:349:in `block (2 levels) in <class:Namespace>'
workers-1  | /opt/.gem/gems/resque-2.0.0/lib/resque/data_store.rb:231:in `get_worker_payload'
workers-1  | /opt/.gem/gems/resque-2.0.0/lib/resque/worker.rb:752:in `job'
workers-1  | /opt/.gem/gems/resque-2.0.0/lib/resque/worker.rb:670:in `unregister_worker'
workers-1  | /opt/.gem/gems/resque-2.0.0/lib/resque/worker.rb:250:in `rescue in work'
workers-1  | /opt/.gem/gems/resque-2.0.0/lib/resque/worker.rb:231:in `work'
workers-1  | /opt/.gem/gems/resque-2.0.0/lib/resque/tasks.rb:20:in `block (2 levels) in <top (required)>'
workers-1  | 
workers-1  | Caused by:
workers-1  | Redis::CommandError: NOAUTH Authentication required.
workers-1  | /opt/.gem/gems/redis-4.1.4/lib/redis/client.rb:126:in `call'
workers-1  | /opt/.gem/gems/redis-4.1.4/lib/redis.rb:915:in `block in get'
workers-1  | /opt/.gem/gems/redis-4.1.4/lib/redis.rb:51:in `block in synchronize'
workers-1  | /opt/.gem/gems/redis-4.1.4/lib/redis.rb:51:in `synchronize'
workers-1  | /opt/.gem/gems/redis-4.1.4/lib/redis.rb:914:in `get'
workers-1  | /opt/.gem/gems/redis-namespace-1.7.0/lib/redis/namespace.rb:469:in `call_with_namespace'
workers-1  | /opt/.gem/gems/redis-namespace-1.7.0/lib/redis/namespace.rb:349:in `block (2 levels) in <class:Namespace>'
workers-1  | /opt/.gem/gems/resque-2.0.0/lib/resque/data_store.rb:231:in `get_worker_payload'
workers-1  | /opt/.gem/gems/resque-2.0.0/lib/resque/worker.rb:752:in `job'
workers-1  | /opt/.gem/gems/resque-2.0.0/lib/resque/worker.rb:670:in `unregister_worker'
workers-1  | /opt/.gem/gems/resque-2.0.0/lib/resque/worker.rb:250:in `rescue in work'
workers-1  | /opt/.gem/gems/resque-2.0.0/lib/resque/worker.rb:231:in `work'
workers-1  | /opt/.gem/gems/resque-2.0.0/lib/resque/tasks.rb:20:in `block (2 levels) in <top (required)>'
workers-1  | 
workers-1  | Caused by:
workers-1  | Redis::CommandError: NOAUTH Authentication required.
workers-1  | /opt/.gem/gems/redis-4.1.4/lib/redis/client.rb:126:in `call'
workers-1  | /opt/.gem/gems/redis-4.1.4/lib/redis.rb:2216:in `block in hdel'
workers-1  | /opt/.gem/gems/redis-4.1.4/lib/redis.rb:51:in `block in synchronize'
workers-1  | /opt/.gem/gems/redis-4.1.4/lib/redis.rb:51:in `synchronize'
workers-1  | /opt/.gem/gems/redis-4.1.4/lib/redis.rb:2215:in `hdel'
workers-1  | /opt/.gem/gems/redis-namespace-1.7.0/lib/redis/namespace.rb:469:in `call_with_namespace'
workers-1  | /opt/.gem/gems/redis-namespace-1.7.0/lib/redis/namespace.rb:349:in `block (2 levels) in <class:Namespace>'
workers-1  | /opt/.gem/gems/resque-2.0.0/lib/resque/data_store.rb:261:in `remove_heartbeat'
workers-1  | /opt/.gem/gems/resque-2.0.0/lib/resque/worker.rb:475:in `remove_heartbeat'
workers-1  | /opt/.gem/gems/resque-2.0.0/lib/resque/worker.rb:507:in `start_heartbeat'
workers-1  | /opt/.gem/gems/resque-2.0.0/lib/resque/worker.rb:360:in `startup'
workers-1  | /opt/.gem/gems/resque-2.0.0/lib/resque/worker.rb:233:in `work'
workers-1  | /opt/.gem/gems/resque-2.0.0/lib/resque/tasks.rb:20:in `block (2 levels) in <top (required)>'
workers-1  | Tasks: TOP => resque:work
workers-1  | (See full trace by running task with --trace)
workers-1  | rake aborted!
workers-1  | Redis::CommandError: NOAUTH Authentication required.
workers-1  | Original Exception (Redis::CommandError): NOAUTH Authentication required.
workers-1  |   /opt/.gem/gems/redis-4.1.4/lib/redis/client.rb:126:in `call'  
workers-1  | /opt/.gem/gems/redis-4.1.4/lib/redis.rb:2216:in `block in hdel'  
workers-1  | /opt/.gem/gems/redis-4.1.4/lib/redis.rb:51:in `block in synchronize'  
workers-1  | /usr/local/ruby-2.7.0/lib/ruby/2.7.0/monitor.rb:202:in `synchronize'  
workers-1  | /usr/local/ruby-2.7.0/lib/ruby/2.7.0/monitor.rb:202:in `mon_synchronize'  
workers-1  | /opt/.gem/gems/redis-4.1.4/lib/redis.rb:51:in `synchronize'  
workers-1  | /opt/.gem/gems/redis-4.1.4/lib/redis.rb:2215:in `hdel'  
workers-1  | /opt/.gem/gems/redis-namespace-1.7.0/lib/redis/namespace.rb:469:in `call_with_namespace'  
workers-1  | /opt/.gem/gems/redis-namespace-1.7.0/lib/redis/namespace.rb:349:in `block (2 levels) in <class:Namespace>'  
workers-1  | /opt/.gem/gems/resque-2.0.0/lib/resque/data_store.rb:261:in `remove_heartbeat'  
workers-1  | /usr/local/ruby-2.7.0/lib/ruby/2.7.0/forwardable.rb:235:in `remove_heartbeat'  
workers-1  | /opt/.gem/gems/resque-2.0.0/lib/resque/worker.rb:475:in `remove_heartbeat'  
workers-1  | /opt/.gem/gems/resque-2.0.0/lib/resque/worker.rb:507:in `start_heartbeat'  
workers-1  | /opt/.gem/gems/resque-2.0.0/lib/resque/worker.rb:360:in `startup'  
workers-1  | /opt/.gem/gems/resque-2.0.0/lib/resque/worker.rb:233:in `work'  
workers-1  | /opt/.gem/gems/resque-2.0.0/lib/resque/tasks.rb:20:in `block (2 levels) in <top (required)>'  
workers-1  | /usr/local/ruby-2.7.0/lib/ruby/gems/2.7.0/gems/rake-13.0.1/lib/rake/task.rb:281:in `block in execute'  
workers-1  | /usr/local/ruby-2.7.0/lib/ruby/gems/2.7.0/gems/rake-13.0.1/lib/rake/task.rb:281:in `each'  
workers-1  | /usr/local/ruby-2.7.0/lib/ruby/gems/2.7.0/gems/rake-13.0.1/lib/rake/task.rb:281:in `execute'  
workers-1  | /usr/local/ruby-2.7.0/lib/ruby/gems/2.7.0/gems/rake-13.0.1/lib/rake/task.rb:219:in `block in invoke_with_call_chain'  
workers-1  | /usr/local/ruby-2.7.0/lib/ruby/gems/2.7.0/gems/rake-13.0.1/lib/rake/task.rb:199:in `synchronize'  
workers-1  | /usr/local/ruby-2.7.0/lib/ruby/gems/2.7.0/gems/rake-13.0.1/lib/rake/task.rb:199:in `invoke_with_call_chain'  
workers-1  | /usr/local/ruby-2.7.0/lib/ruby/gems/2.7.0/gems/rake-13.0.1/lib/rake/task.rb:188:in `invoke'  
workers-1  | /usr/local/ruby-2.7.0/lib/ruby/gems/2.7.0/gems/rake-13.0.1/lib/rake/application.rb:160:in `invoke_task'  
workers-1  | /usr/local/ruby-2.7.0/lib/ruby/gems/2.7.0/gems/rake-13.0.1/lib/rake/application.rb:116:in `block (2 levels) in top_level'  
workers-1  | /usr/local/ruby-2.7.0/lib/ruby/gems/2.7.0/gems/rake-13.0.1/lib/rake/application.rb:116:in `each'  
workers-1  | /usr/local/ruby-2.7.0/lib/ruby/gems/2.7.0/gems/rake-13.0.1/lib/rake/application.rb:116:in `block in top_level'  
workers-1  | /usr/local/ruby-2.7.0/lib/ruby/gems/2.7.0/gems/rake-13.0.1/lib/rake/application.rb:125:in `run_with_threads'  
workers-1  | /usr/local/ruby-2.7.0/lib/ruby/gems/2.7.0/gems/rake-13.0.1/lib/rake/application.rb:110:in `top_level'  
workers-1  | /usr/local/ruby-2.7.0/lib/ruby/gems/2.7.0/gems/rake-13.0.1/lib/rake/application.rb:83:in `block in run'  
workers-1  | /usr/local/ruby-2.7.0/lib/ruby/gems/2.7.0/gems/rake-13.0.1/lib/rake/application.rb:186:in `standard_exception_handling'  
workers-1  | /usr/local/ruby-2.7.0/lib/ruby/gems/2.7.0/gems/rake-13.0.1/lib/rake/application.rb:80:in `run'  
workers-1  | /usr/local/ruby-2.7.0/lib/ruby/gems/2.7.0/gems/rake-13.0.1/exe/rake:27:in `<top (required)>'  
workers-1  | /usr/local/ruby-2.7.0/bin/rake:23:in `load'  
workers-1  | /usr/local/ruby-2.7.0/bin/rake:23:in `<main>'
workers-1  | /opt/.gem/gems/redis-4.1.4/lib/redis/client.rb:126:in `call'
workers-1  | /opt/.gem/gems/redis-4.1.4/lib/redis.rb:915:in `block in get'
workers-1  | /opt/.gem/gems/redis-4.1.4/lib/redis.rb:51:in `block in synchronize'
workers-1  | /opt/.gem/gems/redis-4.1.4/lib/redis.rb:51:in `synchronize'
workers-1  | /opt/.gem/gems/redis-4.1.4/lib/redis.rb:914:in `get'
workers-1  | /opt/.gem/gems/redis-namespace-1.7.0/lib/redis/namespace.rb:469:in `call_with_namespace'
workers-1  | /opt/.gem/gems/redis-namespace-1.7.0/lib/redis/namespace.rb:349:in `block (2 levels) in <class:Namespace>'
workers-1  | /opt/.gem/gems/resque-2.0.0/lib/resque/data_store.rb:231:in `get_worker_payload'
workers-1  | /opt/.gem/gems/resque-2.0.0/lib/resque/worker.rb:752:in `job'
workers-1  | /opt/.gem/gems/resque-2.0.0/lib/resque/worker.rb:670:in `unregister_worker'
workers-1  | /opt/.gem/gems/resque-2.0.0/lib/resque/worker.rb:250:in `rescue in work'
workers-1  | /opt/.gem/gems/resque-2.0.0/lib/resque/worker.rb:231:in `work'
workers-1  | /opt/.gem/gems/resque-2.0.0/lib/resque/tasks.rb:20:in `block (2 levels) in <top (required)>'
workers-1  | 
workers-1  | Caused by:
workers-1  | Redis::CommandError: NOAUTH Authentication required.
workers-1  | /opt/.gem/gems/redis-4.1.4/lib/redis/client.rb:126:in `call'
workers-1  | /opt/.gem/gems/redis-4.1.4/lib/redis.rb:915:in `block in get'
workers-1  | /opt/.gem/gems/redis-4.1.4/lib/redis.rb:51:in `block in synchronize'
workers-1  | /opt/.gem/gems/redis-4.1.4/lib/redis.rb:51:in `synchronize'
workers-1  | /opt/.gem/gems/redis-4.1.4/lib/redis.rb:914:in `get'
workers-1  | /opt/.gem/gems/redis-namespace-1.7.0/lib/redis/namespace.rb:469:in `call_with_namespace'
workers-1  | /opt/.gem/gems/redis-namespace-1.7.0/lib/redis/namespace.rb:349:in `block (2 levels) in <class:Namespace>'
workers-1  | /opt/.gem/gems/resque-2.0.0/lib/resque/data_store.rb:231:in `get_worker_payload'
workers-1  | /opt/.gem/gems/resque-2.0.0/lib/resque/worker.rb:752:in `job'
workers-1  | /opt/.gem/gems/resque-2.0.0/lib/resque/worker.rb:670:in `unregister_worker'
workers-1  | /opt/.gem/gems/resque-2.0.0/lib/resque/worker.rb:250:in `rescue in work'
workers-1  | /opt/.gem/gems/resque-2.0.0/lib/resque/worker.rb:231:in `work'
workers-1  | /opt/.gem/gems/resque-2.0.0/lib/resque/tasks.rb:20:in `block (2 levels) in <top (required)>'
workers-1  | 
workers-1  | Caused by:
workers-1  | Redis::CommandError: NOAUTH Authentication required.
workers-1  | /opt/.gem/gems/redis-4.1.4/lib/redis/client.rb:126:in `call'
workers-1  | /opt/.gem/gems/redis-4.1.4/lib/redis.rb:2216:in `block in hdel'
workers-1  | /opt/.gem/gems/redis-4.1.4/lib/redis.rb:51:in `block in synchronize'
workers-1  | /opt/.gem/gems/redis-4.1.4/lib/redis.rb:51:in `synchronize'
workers-1  | /opt/.gem/gems/redis-4.1.4/lib/redis.rb:2215:in `hdel'
workers-1  | /opt/.gem/gems/redis-namespace-1.7.0/lib/redis/namespace.rb:469:in `call_with_namespace'
workers-1  | /opt/.gem/gems/redis-namespace-1.7.0/lib/redis/namespace.rb:349:in `block (2 levels) in <class:Namespace>'
workers-1  | /opt/.gem/gems/resque-2.0.0/lib/resque/data_store.rb:261:in `remove_heartbeat'
workers-1  | /opt/.gem/gems/resque-2.0.0/lib/resque/worker.rb:475:in `remove_heartbeat'
workers-1  | /opt/.gem/gems/resque-2.0.0/lib/resque/worker.rb:507:in `start_heartbeat'
workers-1  | /opt/.gem/gems/resque-2.0.0/lib/resque/worker.rb:360:in `startup'
workers-1  | /opt/.gem/gems/resque-2.0.0/lib/resque/worker.rb:233:in `work'
workers-1  | /opt/.gem/gems/resque-2.0.0/lib/resque/tasks.rb:20:in `block (2 levels) in <top (required)>'
workers-1  | Tasks: TOP => resque:work
workers-1  | (See full trace by running task with --trace)
workers-1  | rake aborted!
workers-1  | Redis::CommandError: NOAUTH Authentication required.
workers-1  | Original Exception (Redis::CommandError): NOAUTH Authentication required.
workers-1  |   /opt/.gem/gems/redis-4.1.4/lib/redis/client.rb:126:in `call'  
workers-1  | /opt/.gem/gems/redis-4.1.4/lib/redis.rb:2216:in `block in hdel'  
workers-1  | /opt/.gem/gems/redis-4.1.4/lib/redis.rb:51:in `block in synchronize'  
workers-1  | /usr/local/ruby-2.7.0/lib/ruby/2.7.0/monitor.rb:202:in `synchronize'  
workers-1  | /usr/local/ruby-2.7.0/lib/ruby/2.7.0/monitor.rb:202:in `mon_synchronize'  
workers-1  | /opt/.gem/gems/redis-4.1.4/lib/redis.rb:51:in `synchronize'  
workers-1  | /opt/.gem/gems/redis-4.1.4/lib/redis.rb:2215:in `hdel'  
workers-1  | /opt/.gem/gems/redis-namespace-1.7.0/lib/redis/namespace.rb:469:in `call_with_namespace'  
workers-1  | /opt/.gem/gems/redis-namespace-1.7.0/lib/redis/namespace.rb:349:in `block (2 levels) in <class:Namespace>'  
workers-1  | /opt/.gem/gems/resque-2.0.0/lib/resque/data_store.rb:261:in `remove_heartbeat'  
workers-1  | /usr/local/ruby-2.7.0/lib/ruby/2.7.0/forwardable.rb:235:in `remove_heartbeat'  
workers-1  | /opt/.gem/gems/resque-2.0.0/lib/resque/worker.rb:475:in `remove_heartbeat'  
workers-1  | /opt/.gem/gems/resque-2.0.0/lib/resque/worker.rb:507:in `start_heartbeat'  
workers-1  | /opt/.gem/gems/resque-2.0.0/lib/resque/worker.rb:360:in `startup'  
workers-1  | /opt/.gem/gems/resque-2.0.0/lib/resque/worker.rb:233:in `work'  
workers-1  | /opt/.gem/gems/resque-2.0.0/lib/resque/tasks.rb:20:in `block (2 levels) in <top (required)>'  
workers-1  | /usr/local/ruby-2.7.0/lib/ruby/gems/2.7.0/gems/rake-13.0.1/lib/rake/task.rb:281:in `block in execute'  
workers-1  | /usr/local/ruby-2.7.0/lib/ruby/gems/2.7.0/gems/rake-13.0.1/lib/rake/task.rb:281:in `each'  
workers-1  | /usr/local/ruby-2.7.0/lib/ruby/gems/2.7.0/gems/rake-13.0.1/lib/rake/task.rb:281:in `execute'  
workers-1  | /usr/local/ruby-2.7.0/lib/ruby/gems/2.7.0/gems/rake-13.0.1/lib/rake/task.rb:219:in `block in invoke_with_call_chain'  
workers-1  | /usr/local/ruby-2.7.0/lib/ruby/gems/2.7.0/gems/rake-13.0.1/lib/rake/task.rb:199:in `synchronize'  
workers-1  | /usr/local/ruby-2.7.0/lib/ruby/gems/2.7.0/gems/rake-13.0.1/lib/rake/task.rb:199:in `invoke_with_call_chain'  
workers-1  | /usr/local/ruby-2.7.0/lib/ruby/gems/2.7.0/gems/rake-13.0.1/lib/rake/task.rb:188:in `invoke'  
workers-1  | /usr/local/ruby-2.7.0/lib/ruby/gems/2.7.0/gems/rake-13.0.1/lib/rake/application.rb:160:in `invoke_task'  
workers-1  | /usr/local/ruby-2.7.0/lib/ruby/gems/2.7.0/gems/rake-13.0.1/lib/rake/application.rb:116:in `block (2 levels) in top_level'  
workers-1  | /usr/local/ruby-2.7.0/lib/ruby/gems/2.7.0/gems/rake-13.0.1/lib/rake/application.rb:116:in `each'  
workers-1  | /usr/local/ruby-2.7.0/lib/ruby/gems/2.7.0/gems/rake-13.0.1/lib/rake/application.rb:116:in `block in top_level'  
workers-1  | /usr/local/ruby-2.7.0/lib/ruby/gems/2.7.0/gems/rake-13.0.1/lib/rake/application.rb:125:in `run_with_threads'  
workers-1  | /usr/local/ruby-2.7.0/lib/ruby/gems/2.7.0/gems/rake-13.0.1/lib/rake/application.rb:110:in `top_level'  
workers-1  | /usr/local/ruby-2.7.0/lib/ruby/gems/2.7.0/gems/rake-13.0.1/lib/rake/application.rb:83:in `block in run'  
workers-1  | /usr/local/ruby-2.7.0/lib/ruby/gems/2.7.0/gems/rake-13.0.1/lib/rake/application.rb:186:in `standard_exception_handling'  
workers-1  | /usr/local/ruby-2.7.0/lib/ruby/gems/2.7.0/gems/rake-13.0.1/lib/rake/application.rb:80:in `run'  
workers-1  | /usr/local/ruby-2.7.0/lib/ruby/gems/2.7.0/gems/rake-13.0.1/exe/rake:27:in `<top (required)>'  
workers-1  | /usr/local/ruby-2.7.0/bin/rake:23:in `load'  
workers-1  | /usr/local/ruby-2.7.0/bin/rake:23:in `<main>'
workers-1  | /opt/.gem/gems/redis-4.1.4/lib/redis/client.rb:126:in `call'
workers-1  | /opt/.gem/gems/redis-4.1.4/lib/redis.rb:915:in `block in get'
workers-1  | /opt/.gem/gems/redis-4.1.4/lib/redis.rb:51:in `block in synchronize'
workers-1  | /opt/.gem/gems/redis-4.1.4/lib/redis.rb:51:in `synchronize'
workers-1  | /opt/.gem/gems/redis-4.1.4/lib/redis.rb:914:in `get'
workers-1  | /opt/.gem/gems/redis-namespace-1.7.0/lib/redis/namespace.rb:469:in `call_with_namespace'
workers-1  | /opt/.gem/gems/redis-namespace-1.7.0/lib/redis/namespace.rb:349:in `block (2 levels) in <class:Namespace>'
workers-1  | /opt/.gem/gems/resque-2.0.0/lib/resque/data_store.rb:231:in `get_worker_payload'
workers-1  | /opt/.gem/gems/resque-2.0.0/lib/resque/worker.rb:752:in `job'
workers-1  | /opt/.gem/gems/resque-2.0.0/lib/resque/worker.rb:670:in `unregister_worker'
workers-1  | /opt/.gem/gems/resque-2.0.0/lib/resque/worker.rb:250:in `rescue in work'
workers-1  | /opt/.gem/gems/resque-2.0.0/lib/resque/worker.rb:231:in `work'
workers-1  | /opt/.gem/gems/resque-2.0.0/lib/resque/tasks.rb:20:in `block (2 levels) in <top (required)>'
workers-1  | 
workers-1  | Caused by:
workers-1  | Redis::CommandError: NOAUTH Authentication required.
workers-1  | /opt/.gem/gems/redis-4.1.4/lib/redis/client.rb:126:in `call'
workers-1  | /opt/.gem/gems/redis-4.1.4/lib/redis.rb:915:in `block in get'
workers-1  | /opt/.gem/gems/redis-4.1.4/lib/redis.rb:51:in `block in synchronize'
workers-1  | /opt/.gem/gems/redis-4.1.4/lib/redis.rb:51:in `synchronize'
workers-1  | /opt/.gem/gems/redis-4.1.4/lib/redis.rb:914:in `get'
workers-1  | /opt/.gem/gems/redis-namespace-1.7.0/lib/redis/namespace.rb:469:in `call_with_namespace'
workers-1  | /opt/.gem/gems/redis-namespace-1.7.0/lib/redis/namespace.rb:349:in `block (2 levels) in <class:Namespace>'
workers-1  | /opt/.gem/gems/resque-2.0.0/lib/resque/data_store.rb:231:in `get_worker_payload'
workers-1  | /opt/.gem/gems/resque-2.0.0/lib/resque/worker.rb:752:in `job'
workers-1  | /opt/.gem/gems/resque-2.0.0/lib/resque/worker.rb:670:in `unregister_worker'
workers-1  | /opt/.gem/gems/resque-2.0.0/lib/resque/worker.rb:250:in `rescue in work'
workers-1  | /opt/.gem/gems/resque-2.0.0/lib/resque/worker.rb:231:in `work'
workers-1  | /opt/.gem/gems/resque-2.0.0/lib/resque/tasks.rb:20:in `block (2 levels) in <top (required)>'
workers-1  | 
workers-1  | Caused by:
workers-1  | Redis::CommandError: NOAUTH Authentication required.
workers-1  | /opt/.gem/gems/redis-4.1.4/lib/redis/client.rb:126:in `call'
workers-1  | /opt/.gem/gems/redis-4.1.4/lib/redis.rb:2216:in `block in hdel'
workers-1  | /opt/.gem/gems/redis-4.1.4/lib/redis.rb:51:in `block in synchronize'
workers-1  | /opt/.gem/gems/redis-4.1.4/lib/redis.rb:51:in `synchronize'
workers-1  | /opt/.gem/gems/redis-4.1.4/lib/redis.rb:2215:in `hdel'
workers-1  | /opt/.gem/gems/redis-namespace-1.7.0/lib/redis/namespace.rb:469:in `call_with_namespace'
workers-1  | /opt/.gem/gems/redis-namespace-1.7.0/lib/redis/namespace.rb:349:in `block (2 levels) in <class:Namespace>'
workers-1  | /opt/.gem/gems/resque-2.0.0/lib/resque/data_store.rb:261:in `remove_heartbeat'
workers-1  | /opt/.gem/gems/resque-2.0.0/lib/resque/worker.rb:475:in `remove_heartbeat'
workers-1  | /opt/.gem/gems/resque-2.0.0/lib/resque/worker.rb:507:in `start_heartbeat'
workers-1  | /opt/.gem/gems/resque-2.0.0/lib/resque/worker.rb:360:in `startup'
workers-1  | /opt/.gem/gems/resque-2.0.0/lib/resque/worker.rb:233:in `work'
workers-1  | /opt/.gem/gems/resque-2.0.0/lib/resque/tasks.rb:20:in `block (2 levels) in <top (required)>'
workers-1  | Tasks: TOP => resque:work
workers-1  | (See full trace by running task with --trace)
workers-1  | rake aborted!
workers-1  | Redis::CommandError: NOAUTH Authentication required.
workers-1  | Original Exception (Redis::CommandError): NOAUTH Authentication required.
workers-1  |   /opt/.gem/gems/redis-4.1.4/lib/redis/client.rb:126:in `call'  
workers-1  | /opt/.gem/gems/redis-4.1.4/lib/redis.rb:2216:in `block in hdel'  
workers-1  | /opt/.gem/gems/redis-4.1.4/lib/redis.rb:51:in `block in synchronize'  
workers-1  | /usr/local/ruby-2.7.0/lib/ruby/2.7.0/monitor.rb:202:in `synchronize'  
workers-1  | /usr/local/ruby-2.7.0/lib/ruby/2.7.0/monitor.rb:202:in `mon_synchronize'  
workers-1  | /opt/.gem/gems/redis-4.1.4/lib/redis.rb:51:in `synchronize'  
workers-1  | /opt/.gem/gems/redis-4.1.4/lib/redis.rb:2215:in `hdel'  
workers-1  | /opt/.gem/gems/redis-namespace-1.7.0/lib/redis/namespace.rb:469:in `call_with_namespace'  
workers-1  | /opt/.gem/gems/redis-namespace-1.7.0/lib/redis/namespace.rb:349:in `block (2 levels) in <class:Namespace>'  
workers-1  | /opt/.gem/gems/resque-2.0.0/lib/resque/data_store.rb:261:in `remove_heartbeat'  
workers-1  | /usr/local/ruby-2.7.0/lib/ruby/2.7.0/forwardable.rb:235:in `remove_heartbeat'  
workers-1  | /opt/.gem/gems/resque-2.0.0/lib/resque/worker.rb:475:in `remove_heartbeat'  
workers-1  | /opt/.gem/gems/resque-2.0.0/lib/resque/worker.rb:507:in `start_heartbeat'  
workers-1  | /opt/.gem/gems/resque-2.0.0/lib/resque/worker.rb:360:in `startup'  
workers-1  | /opt/.gem/gems/resque-2.0.0/lib/resque/worker.rb:233:in `work'  
workers-1  | /opt/.gem/gems/resque-2.0.0/lib/resque/tasks.rb:20:in `block (2 levels) in <top (required)>'  
workers-1  | /usr/local/ruby-2.7.0/lib/ruby/gems/2.7.0/gems/rake-13.0.1/lib/rake/task.rb:281:in `block in execute'  
workers-1  | /usr/local/ruby-2.7.0/lib/ruby/gems/2.7.0/gems/rake-13.0.1/lib/rake/task.rb:281:in `each'  
workers-1  | /usr/local/ruby-2.7.0/lib/ruby/gems/2.7.0/gems/rake-13.0.1/lib/rake/task.rb:281:in `execute'  
workers-1  | /usr/local/ruby-2.7.0/lib/ruby/gems/2.7.0/gems/rake-13.0.1/lib/rake/task.rb:219:in `block in invoke_with_call_chain'  
workers-1  | /usr/local/ruby-2.7.0/lib/ruby/gems/2.7.0/gems/rake-13.0.1/lib/rake/task.rb:199:in `synchronize'  
workers-1  | /usr/local/ruby-2.7.0/lib/ruby/gems/2.7.0/gems/rake-13.0.1/lib/rake/task.rb:199:in `invoke_with_call_chain'  
workers-1  | /usr/local/ruby-2.7.0/lib/ruby/gems/2.7.0/gems/rake-13.0.1/lib/rake/task.rb:188:in `invoke'  
workers-1  | /usr/local/ruby-2.7.0/lib/ruby/gems/2.7.0/gems/rake-13.0.1/lib/rake/application.rb:160:in `invoke_task'  
workers-1  | /usr/local/ruby-2.7.0/lib/ruby/gems/2.7.0/gems/rake-13.0.1/lib/rake/application.rb:116:in `block (2 levels) in top_level'  
workers-1  | /usr/local/ruby-2.7.0/lib/ruby/gems/2.7.0/gems/rake-13.0.1/lib/rake/application.rb:116:in `each'  
workers-1  | /usr/local/ruby-2.7.0/lib/ruby/gems/2.7.0/gems/rake-13.0.1/lib/rake/application.rb:116:in `block in top_level'  
workers-1  | /usr/local/ruby-2.7.0/lib/ruby/gems/2.7.0/gems/rake-13.0.1/lib/rake/application.rb:125:in `run_with_threads'  
workers-1  | /usr/local/ruby-2.7.0/lib/ruby/gems/2.7.0/gems/rake-13.0.1/lib/rake/application.rb:110:in `top_level'  
workers-1  | /usr/local/ruby-2.7.0/lib/ruby/gems/2.7.0/gems/rake-13.0.1/lib/rake/application.rb:83:in `block in run'  
workers-1  | /usr/local/ruby-2.7.0/lib/ruby/gems/2.7.0/gems/rake-13.0.1/lib/rake/application.rb:186:in `standard_exception_handling'  
workers-1  | /usr/local/ruby-2.7.0/lib/ruby/gems/2.7.0/gems/rake-13.0.1/lib/rake/application.rb:80:in `run'  
workers-1  | /usr/local/ruby-2.7.0/lib/ruby/gems/2.7.0/gems/rake-13.0.1/exe/rake:27:in `<top (required)>'  
workers-1  | /usr/local/ruby-2.7.0/bin/rake:23:in `load'  
workers-1  | /usr/local/ruby-2.7.0/bin/rake:23:in `<main>'
workers-1  | /opt/.gem/gems/redis-4.1.4/lib/redis/client.rb:126:in `call'
workers-1  | /opt/.gem/gems/redis-4.1.4/lib/redis.rb:915:in `block in get'
workers-1  | /opt/.gem/gems/redis-4.1.4/lib/redis.rb:51:in `block in synchronize'
workers-1  | /opt/.gem/gems/redis-4.1.4/lib/redis.rb:51:in `synchronize'
workers-1  | /opt/.gem/gems/redis-4.1.4/lib/redis.rb:914:in `get'
workers-1  | /opt/.gem/gems/redis-namespace-1.7.0/lib/redis/namespace.rb:469:in `call_with_namespace'
workers-1  | /opt/.gem/gems/redis-namespace-1.7.0/lib/redis/namespace.rb:349:in `block (2 levels) in <class:Namespace>'
workers-1  | /opt/.gem/gems/resque-2.0.0/lib/resque/data_store.rb:231:in `get_worker_payload'
workers-1  | /opt/.gem/gems/resque-2.0.0/lib/resque/worker.rb:752:in `job'
workers-1  | /opt/.gem/gems/resque-2.0.0/lib/resque/worker.rb:670:in `unregister_worker'
workers-1  | /opt/.gem/gems/resque-2.0.0/lib/resque/worker.rb:250:in `rescue in work'
workers-1  | /opt/.gem/gems/resque-2.0.0/lib/resque/worker.rb:231:in `work'
workers-1  | /opt/.gem/gems/resque-2.0.0/lib/resque/tasks.rb:20:in `block (2 levels) in <top (required)>'
workers-1  | 
workers-1  | Caused by:
workers-1  | Redis::CommandError: NOAUTH Authentication required.
workers-1  | /opt/.gem/gems/redis-4.1.4/lib/redis/client.rb:126:in `call'
workers-1  | /opt/.gem/gems/redis-4.1.4/lib/redis.rb:915:in `block in get'
workers-1  | /opt/.gem/gems/redis-4.1.4/lib/redis.rb:51:in `block in synchronize'
workers-1  | /opt/.gem/gems/redis-4.1.4/lib/redis.rb:51:in `synchronize'
workers-1  | /opt/.gem/gems/redis-4.1.4/lib/redis.rb:914:in `get'
workers-1  | /opt/.gem/gems/redis-namespace-1.7.0/lib/redis/namespace.rb:469:in `call_with_namespace'
workers-1  | /opt/.gem/gems/redis-namespace-1.7.0/lib/redis/namespace.rb:349:in `block (2 levels) in <class:Namespace>'
workers-1  | /opt/.gem/gems/resque-2.0.0/lib/resque/data_store.rb:231:in `get_worker_payload'
workers-1  | /opt/.gem/gems/resque-2.0.0/lib/resque/worker.rb:752:in `job'
workers-1  | /opt/.gem/gems/resque-2.0.0/lib/resque/worker.rb:670:in `unregister_worker'
workers-1  | /opt/.gem/gems/resque-2.0.0/lib/resque/worker.rb:250:in `rescue in work'
workers-1  | /opt/.gem/gems/resque-2.0.0/lib/resque/worker.rb:231:in `work'
workers-1  | /opt/.gem/gems/resque-2.0.0/lib/resque/tasks.rb:20:in `block (2 levels) in <top (required)>'
workers-1  | 
workers-1  | Caused by:
workers-1  | Redis::CommandError: NOAUTH Authentication required.
workers-1  | /opt/.gem/gems/redis-4.1.4/lib/redis/client.rb:126:in `call'
workers-1  | /opt/.gem/gems/redis-4.1.4/lib/redis.rb:2216:in `block in hdel'
workers-1  | /opt/.gem/gems/redis-4.1.4/lib/redis.rb:51:in `block in synchronize'
workers-1  | /opt/.gem/gems/redis-4.1.4/lib/redis.rb:51:in `synchronize'
workers-1  | /opt/.gem/gems/redis-4.1.4/lib/redis.rb:2215:in `hdel'
workers-1  | /opt/.gem/gems/redis-namespace-1.7.0/lib/redis/namespace.rb:469:in `call_with_namespace'
workers-1  | /opt/.gem/gems/redis-namespace-1.7.0/lib/redis/namespace.rb:349:in `block (2 levels) in <class:Namespace>'
workers-1  | /opt/.gem/gems/resque-2.0.0/lib/resque/data_store.rb:261:in `remove_heartbeat'
workers-1  | /opt/.gem/gems/resque-2.0.0/lib/resque/worker.rb:475:in `remove_heartbeat'
workers-1  | /opt/.gem/gems/resque-2.0.0/lib/resque/worker.rb:507:in `start_heartbeat'
workers-1  | /opt/.gem/gems/resque-2.0.0/lib/resque/worker.rb:360:in `startup'
workers-1  | /opt/.gem/gems/resque-2.0.0/lib/resque/worker.rb:233:in `work'
workers-1  | /opt/.gem/gems/resque-2.0.0/lib/resque/tasks.rb:20:in `block (2 levels) in <top (required)>'
workers-1  | Tasks: TOP => resque:work
workers-1  | (See full trace by running task with --trace)
workers-1  | rake aborted!
workers-1  | Redis::CommandError: NOAUTH Authentication required.
workers-1  | Original Exception (Redis::CommandError): NOAUTH Authentication required.
workers-1  |   /opt/.gem/gems/redis-4.1.4/lib/redis/client.rb:126:in `call'  
workers-1  | /opt/.gem/gems/redis-4.1.4/lib/redis.rb:2216:in `block in hdel'  
workers-1  | /opt/.gem/gems/redis-4.1.4/lib/redis.rb:51:in `block in synchronize'  
workers-1  | /usr/local/ruby-2.7.0/lib/ruby/2.7.0/monitor.rb:202:in `synchronize'  
workers-1  | /usr/local/ruby-2.7.0/lib/ruby/2.7.0/monitor.rb:202:in `mon_synchronize'  
workers-1  | /opt/.gem/gems/redis-4.1.4/lib/redis.rb:51:in `synchronize'  
workers-1  | /opt/.gem/gems/redis-4.1.4/lib/redis.rb:2215:in `hdel'  
workers-1  | /opt/.gem/gems/redis-namespace-1.7.0/lib/redis/namespace.rb:469:in `call_with_namespace'  
workers-1  | /opt/.gem/gems/redis-namespace-1.7.0/lib/redis/namespace.rb:349:in `block (2 levels) in <class:Namespace>'  
workers-1  | /opt/.gem/gems/resque-2.0.0/lib/resque/data_store.rb:261:in `remove_heartbeat'  
workers-1  | /usr/local/ruby-2.7.0/lib/ruby/2.7.0/forwardable.rb:235:in `remove_heartbeat'  
workers-1  | /opt/.gem/gems/resque-2.0.0/lib/resque/worker.rb:475:in `remove_heartbeat'  
workers-1  | /opt/.gem/gems/resque-2.0.0/lib/resque/worker.rb:507:in `start_heartbeat'  
workers-1  | /opt/.gem/gems/resque-2.0.0/lib/resque/worker.rb:360:in `startup'  
workers-1  | /opt/.gem/gems/resque-2.0.0/lib/resque/worker.rb:233:in `work'  
workers-1  | /opt/.gem/gems/resque-2.0.0/lib/resque/tasks.rb:20:in `block (2 levels) in <top (required)>'  
workers-1  | /usr/local/ruby-2.7.0/lib/ruby/gems/2.7.0/gems/rake-13.0.1/lib/rake/task.rb:281:in `block in execute'  
workers-1  | /usr/local/ruby-2.7.0/lib/ruby/gems/2.7.0/gems/rake-13.0.1/lib/rake/task.rb:281:in `each'  
workers-1  | /usr/local/ruby-2.7.0/lib/ruby/gems/2.7.0/gems/rake-13.0.1/lib/rake/task.rb:281:in `execute'  
workers-1  | /usr/local/ruby-2.7.0/lib/ruby/gems/2.7.0/gems/rake-13.0.1/lib/rake/task.rb:219:in `block in invoke_with_call_chain'  
workers-1  | /usr/local/ruby-2.7.0/lib/ruby/gems/2.7.0/gems/rake-13.0.1/lib/rake/task.rb:199:in `synchronize'  
workers-1  | /usr/local/ruby-2.7.0/lib/ruby/gems/2.7.0/gems/rake-13.0.1/lib/rake/task.rb:199:in `invoke_with_call_chain'  
workers-1  | /usr/local/ruby-2.7.0/lib/ruby/gems/2.7.0/gems/rake-13.0.1/lib/rake/task.rb:188:in `invoke'  
workers-1  | /usr/local/ruby-2.7.0/lib/ruby/gems/2.7.0/gems/rake-13.0.1/lib/rake/application.rb:160:in `invoke_task'  
workers-1  | /usr/local/ruby-2.7.0/lib/ruby/gems/2.7.0/gems/rake-13.0.1/lib/rake/application.rb:116:in `block (2 levels) in top_level'  
workers-1  | /usr/local/ruby-2.7.0/lib/ruby/gems/2.7.0/gems/rake-13.0.1/lib/rake/application.rb:116:in `each'  
workers-1  | /usr/local/ruby-2.7.0/lib/ruby/gems/2.7.0/gems/rake-13.0.1/lib/rake/application.rb:116:in `block in top_level'  
workers-1  | /usr/local/ruby-2.7.0/lib/ruby/gems/2.7.0/gems/rake-13.0.1/lib/rake/application.rb:125:in `run_with_threads'  
workers-1  | /usr/local/ruby-2.7.0/lib/ruby/gems/2.7.0/gems/rake-13.0.1/lib/rake/application.rb:110:in `top_level'  
workers-1  | /usr/local/ruby-2.7.0/lib/ruby/gems/2.7.0/gems/rake-13.0.1/lib/rake/application.rb:83:in `block in run'  
workers-1  | /usr/local/ruby-2.7.0/lib/ruby/gems/2.7.0/gems/rake-13.0.1/lib/rake/application.rb:186:in `standard_exception_handling'  
workers-1  | /usr/local/ruby-2.7.0/lib/ruby/gems/2.7.0/gems/rake-13.0.1/lib/rake/application.rb:80:in `run'  
workers-1  | /usr/local/ruby-2.7.0/lib/ruby/gems/2.7.0/gems/rake-13.0.1/exe/rake:27:in `<top (required)>'  
workers-1  | /usr/local/ruby-2.7.0/bin/rake:23:in `load'  
workers-1  | /usr/local/ruby-2.7.0/bin/rake:23:in `<main>'
workers-1  | /opt/.gem/gems/redis-4.1.4/lib/redis/client.rb:126:in `call'
workers-1  | /opt/.gem/gems/redis-4.1.4/lib/redis.rb:915:in `block in get'
workers-1  | /opt/.gem/gems/redis-4.1.4/lib/redis.rb:51:in `block in synchronize'
workers-1  | /opt/.gem/gems/redis-4.1.4/lib/redis.rb:51:in `synchronize'
workers-1  | /opt/.gem/gems/redis-4.1.4/lib/redis.rb:914:in `get'
workers-1  | /opt/.gem/gems/redis-namespace-1.7.0/lib/redis/namespace.rb:469:in `call_with_namespace'
workers-1  | /opt/.gem/gems/redis-namespace-1.7.0/lib/redis/namespace.rb:349:in `block (2 levels) in <class:Namespace>'
workers-1  | /opt/.gem/gems/resque-2.0.0/lib/resque/data_store.rb:231:in `get_worker_payload'
workers-1  | /opt/.gem/gems/resque-2.0.0/lib/resque/worker.rb:752:in `job'
workers-1  | /opt/.gem/gems/resque-2.0.0/lib/resque/worker.rb:670:in `unregister_worker'
workers-1  | /opt/.gem/gems/resque-2.0.0/lib/resque/worker.rb:250:in `rescue in work'
workers-1  | /opt/.gem/gems/resque-2.0.0/lib/resque/worker.rb:231:in `work'
workers-1  | /opt/.gem/gems/resque-2.0.0/lib/resque/tasks.rb:20:in `block (2 levels) in <top (required)>'
workers-1  | 
workers-1  | Caused by:
workers-1  | Redis::CommandError: NOAUTH Authentication required.
workers-1  | /opt/.gem/gems/redis-4.1.4/lib/redis/client.rb:126:in `call'
workers-1  | /opt/.gem/gems/redis-4.1.4/lib/redis.rb:915:in `block in get'
workers-1  | /opt/.gem/gems/redis-4.1.4/lib/redis.rb:51:in `block in synchronize'
workers-1  | /opt/.gem/gems/redis-4.1.4/lib/redis.rb:51:in `synchronize'
workers-1  | /opt/.gem/gems/redis-4.1.4/lib/redis.rb:914:in `get'
workers-1  | /opt/.gem/gems/redis-namespace-1.7.0/lib/redis/namespace.rb:469:in `call_with_namespace'
workers-1  | /opt/.gem/gems/redis-namespace-1.7.0/lib/redis/namespace.rb:349:in `block (2 levels) in <class:Namespace>'
workers-1  | /opt/.gem/gems/resque-2.0.0/lib/resque/data_store.rb:231:in `get_worker_payload'
workers-1  | /opt/.gem/gems/resque-2.0.0/lib/resque/worker.rb:752:in `job'
workers-1  | /opt/.gem/gems/resque-2.0.0/lib/resque/worker.rb:670:in `unregister_worker'
workers-1  | /opt/.gem/gems/resque-2.0.0/lib/resque/worker.rb:250:in `rescue in work'
workers-1  | /opt/.gem/gems/resque-2.0.0/lib/resque/worker.rb:231:in `work'
workers-1  | /opt/.gem/gems/resque-2.0.0/lib/resque/tasks.rb:20:in `block (2 levels) in <top (required)>'
workers-1  | 
workers-1  | Caused by:
workers-1  | Redis::CommandError: NOAUTH Authentication required.
workers-1  | /opt/.gem/gems/redis-4.1.4/lib/redis/client.rb:126:in `call'
workers-1  | /opt/.gem/gems/redis-4.1.4/lib/redis.rb:2216:in `block in hdel'
workers-1  | /opt/.gem/gems/redis-4.1.4/lib/redis.rb:51:in `block in synchronize'
workers-1  | /opt/.gem/gems/redis-4.1.4/lib/redis.rb:51:in `synchronize'
workers-1  | /opt/.gem/gems/redis-4.1.4/lib/redis.rb:2215:in `hdel'
workers-1  | /opt/.gem/gems/redis-namespace-1.7.0/lib/redis/namespace.rb:469:in `call_with_namespace'
workers-1  | /opt/.gem/gems/redis-namespace-1.7.0/lib/redis/namespace.rb:349:in `block (2 levels) in <class:Namespace>'
workers-1  | /opt/.gem/gems/resque-2.0.0/lib/resque/data_store.rb:261:in `remove_heartbeat'
workers-1  | /opt/.gem/gems/resque-2.0.0/lib/resque/worker.rb:475:in `remove_heartbeat'
workers-1  | /opt/.gem/gems/resque-2.0.0/lib/resque/worker.rb:507:in `start_heartbeat'
workers-1  | /opt/.gem/gems/resque-2.0.0/lib/resque/worker.rb:360:in `startup'
workers-1  | /opt/.gem/gems/resque-2.0.0/lib/resque/worker.rb:233:in `work'
workers-1  | /opt/.gem/gems/resque-2.0.0/lib/resque/tasks.rb:20:in `block (2 levels) in <top (required)>'
workers-1  | Tasks: TOP => resque:work
workers-1  | (See full trace by running task with --trace)
workers-1  | rake aborted!
workers-1  | Redis::CommandError: NOAUTH Authentication required.
workers-1  | Original Exception (Redis::CommandError): NOAUTH Authentication required.
workers-1  |   /opt/.gem/gems/redis-4.1.4/lib/redis/client.rb:126:in `call'  
workers-1  | /opt/.gem/gems/redis-4.1.4/lib/redis.rb:2216:in `block in hdel'  
workers-1  | /opt/.gem/gems/redis-4.1.4/lib/redis.rb:51:in `block in synchronize'  
workers-1  | /usr/local/ruby-2.7.0/lib/ruby/2.7.0/monitor.rb:202:in `synchronize'  
workers-1  | /usr/local/ruby-2.7.0/lib/ruby/2.7.0/monitor.rb:202:in `mon_synchronize'  
workers-1  | /opt/.gem/gems/redis-4.1.4/lib/redis.rb:51:in `synchronize'  
workers-1  | /opt/.gem/gems/redis-4.1.4/lib/redis.rb:2215:in `hdel'  
workers-1  | /opt/.gem/gems/redis-namespace-1.7.0/lib/redis/namespace.rb:469:in `call_with_namespace'  
workers-1  | /opt/.gem/gems/redis-namespace-1.7.0/lib/redis/namespace.rb:349:in `block (2 levels) in <class:Namespace>'  
workers-1  | /opt/.gem/gems/resque-2.0.0/lib/resque/data_store.rb:261:in `remove_heartbeat'  
workers-1  | /usr/local/ruby-2.7.0/lib/ruby/2.7.0/forwardable.rb:235:in `remove_heartbeat'  
workers-1  | /opt/.gem/gems/resque-2.0.0/lib/resque/worker.rb:475:in `remove_heartbeat'  
workers-1  | /opt/.gem/gems/resque-2.0.0/lib/resque/worker.rb:507:in `start_heartbeat'  
workers-1  | /opt/.gem/gems/resque-2.0.0/lib/resque/worker.rb:360:in `startup'  
workers-1  | /opt/.gem/gems/resque-2.0.0/lib/resque/worker.rb:233:in `work'  
workers-1  | /opt/.gem/gems/resque-2.0.0/lib/resque/tasks.rb:20:in `block (2 levels) in <top (required)>'  
workers-1  | /usr/local/ruby-2.7.0/lib/ruby/gems/2.7.0/gems/rake-13.0.1/lib/rake/task.rb:281:in `block in execute'  
workers-1  | /usr/local/ruby-2.7.0/lib/ruby/gems/2.7.0/gems/rake-13.0.1/lib/rake/task.rb:281:in `each'  
workers-1  | /usr/local/ruby-2.7.0/lib/ruby/gems/2.7.0/gems/rake-13.0.1/lib/rake/task.rb:281:in `execute'  
workers-1  | /usr/local/ruby-2.7.0/lib/ruby/gems/2.7.0/gems/rake-13.0.1/lib/rake/task.rb:219:in `block in invoke_with_call_chain'  
workers-1  | /usr/local/ruby-2.7.0/lib/ruby/gems/2.7.0/gems/rake-13.0.1/lib/rake/task.rb:199:in `synchronize'  
workers-1  | /usr/local/ruby-2.7.0/lib/ruby/gems/2.7.0/gems/rake-13.0.1/lib/rake/task.rb:199:in `invoke_with_call_chain'  
workers-1  | /usr/local/ruby-2.7.0/lib/ruby/gems/2.7.0/gems/rake-13.0.1/lib/rake/task.rb:188:in `invoke'  
workers-1  | /usr/local/ruby-2.7.0/lib/ruby/gems/2.7.0/gems/rake-13.0.1/lib/rake/application.rb:160:in `invoke_task'  
workers-1  | /usr/local/ruby-2.7.0/lib/ruby/gems/2.7.0/gems/rake-13.0.1/lib/rake/application.rb:116:in `block (2 levels) in top_level'  
workers-1  | /usr/local/ruby-2.7.0/lib/ruby/gems/2.7.0/gems/rake-13.0.1/lib/rake/application.rb:116:in `each'  
workers-1  | /usr/local/ruby-2.7.0/lib/ruby/gems/2.7.0/gems/rake-13.0.1/lib/rake/application.rb:116:in `block in top_level'  
workers-1  | /usr/local/ruby-2.7.0/lib/ruby/gems/2.7.0/gems/rake-13.0.1/lib/rake/application.rb:125:in `run_with_threads'  
workers-1  | /usr/local/ruby-2.7.0/lib/ruby/gems/2.7.0/gems/rake-13.0.1/lib/rake/application.rb:110:in `top_level'  
workers-1  | /usr/local/ruby-2.7.0/lib/ruby/gems/2.7.0/gems/rake-13.0.1/lib/rake/application.rb:83:in `block in run'  
workers-1  | /usr/local/ruby-2.7.0/lib/ruby/gems/2.7.0/gems/rake-13.0.1/lib/rake/application.rb:186:in `standard_exception_handling'  
workers-1  | /usr/local/ruby-2.7.0/lib/ruby/gems/2.7.0/gems/rake-13.0.1/lib/rake/application.rb:80:in `run'  
workers-1  | /usr/local/ruby-2.7.0/lib/ruby/gems/2.7.0/gems/rake-13.0.1/exe/rake:27:in `<top (required)>'  
workers-1  | /usr/local/ruby-2.7.0/bin/rake:23:in `load'  
workers-1  | /usr/local/ruby-2.7.0/bin/rake:23:in `<main>'
workers-1  | /opt/.gem/gems/redis-4.1.4/lib/redis/client.rb:126:in `call'
workers-1  | /opt/.gem/gems/redis-4.1.4/lib/redis.rb:915:in `block in get'
workers-1  | /opt/.gem/gems/redis-4.1.4/lib/redis.rb:51:in `block in synchronize'
workers-1  | /opt/.gem/gems/redis-4.1.4/lib/redis.rb:51:in `synchronize'
workers-1  | /opt/.gem/gems/redis-4.1.4/lib/redis.rb:914:in `get'
workers-1  | /opt/.gem/gems/redis-namespace-1.7.0/lib/redis/namespace.rb:469:in `call_with_namespace'
workers-1  | /opt/.gem/gems/redis-namespace-1.7.0/lib/redis/namespace.rb:349:in `block (2 levels) in <class:Namespace>'
workers-1  | /opt/.gem/gems/resque-2.0.0/lib/resque/data_store.rb:231:in `get_worker_payload'
workers-1  | /opt/.gem/gems/resque-2.0.0/lib/resque/worker.rb:752:in `job'
workers-1  | /opt/.gem/gems/resque-2.0.0/lib/resque/worker.rb:670:in `unregister_worker'
workers-1  | /opt/.gem/gems/resque-2.0.0/lib/resque/worker.rb:250:in `rescue in work'
workers-1  | /opt/.gem/gems/resque-2.0.0/lib/resque/worker.rb:231:in `work'
workers-1  | /opt/.gem/gems/resque-2.0.0/lib/resque/tasks.rb:20:in `block (2 levels) in <top (required)>'
workers-1  | 
workers-1  | Caused by:
workers-1  | Redis::CommandError: NOAUTH Authentication required.
workers-1  | /opt/.gem/gems/redis-4.1.4/lib/redis/client.rb:126:in `call'
workers-1  | /opt/.gem/gems/redis-4.1.4/lib/redis.rb:915:in `block in get'
workers-1  | /opt/.gem/gems/redis-4.1.4/lib/redis.rb:51:in `block in synchronize'
workers-1  | /opt/.gem/gems/redis-4.1.4/lib/redis.rb:51:in `synchronize'
workers-1  | /opt/.gem/gems/redis-4.1.4/lib/redis.rb:914:in `get'
workers-1  | /opt/.gem/gems/redis-namespace-1.7.0/lib/redis/namespace.rb:469:in `call_with_namespace'
workers-1  | /opt/.gem/gems/redis-namespace-1.7.0/lib/redis/namespace.rb:349:in `block (2 levels) in <class:Namespace>'
workers-1  | /opt/.gem/gems/resque-2.0.0/lib/resque/data_store.rb:231:in `get_worker_payload'
workers-1  | /opt/.gem/gems/resque-2.0.0/lib/resque/worker.rb:752:in `job'
workers-1  | /opt/.gem/gems/resque-2.0.0/lib/resque/worker.rb:670:in `unregister_worker'
workers-1  | /opt/.gem/gems/resque-2.0.0/lib/resque/worker.rb:250:in `rescue in work'
workers-1  | /opt/.gem/gems/resque-2.0.0/lib/resque/worker.rb:231:in `work'
workers-1  | /opt/.gem/gems/resque-2.0.0/lib/resque/tasks.rb:20:in `block (2 levels) in <top (required)>'
workers-1  | 
workers-1  | Caused by:
workers-1  | Redis::CommandError: NOAUTH Authentication required.
workers-1  | /opt/.gem/gems/redis-4.1.4/lib/redis/client.rb:126:in `call'
workers-1  | /opt/.gem/gems/redis-4.1.4/lib/redis.rb:2216:in `block in hdel'
workers-1  | /opt/.gem/gems/redis-4.1.4/lib/redis.rb:51:in `block in synchronize'
workers-1  | /opt/.gem/gems/redis-4.1.4/lib/redis.rb:51:in `synchronize'
workers-1  | /opt/.gem/gems/redis-4.1.4/lib/redis.rb:2215:in `hdel'
workers-1  | /opt/.gem/gems/redis-namespace-1.7.0/lib/redis/namespace.rb:469:in `call_with_namespace'
workers-1  | /opt/.gem/gems/redis-namespace-1.7.0/lib/redis/namespace.rb:349:in `block (2 levels) in <class:Namespace>'
workers-1  | /opt/.gem/gems/resque-2.0.0/lib/resque/data_store.rb:261:in `remove_heartbeat'
workers-1  | /opt/.gem/gems/resque-2.0.0/lib/resque/worker.rb:475:in `remove_heartbeat'
workers-1  | /opt/.gem/gems/resque-2.0.0/lib/resque/worker.rb:507:in `start_heartbeat'
workers-1  | /opt/.gem/gems/resque-2.0.0/lib/resque/worker.rb:360:in `startup'
workers-1  | /opt/.gem/gems/resque-2.0.0/lib/resque/worker.rb:233:in `work'
workers-1  | /opt/.gem/gems/resque-2.0.0/lib/resque/tasks.rb:20:in `block (2 levels) in <top (required)>'
workers-1  | Tasks: TOP => resque:work
workers-1  | (See full trace by running task with --trace)
workers-1  | rake aborted!
workers-1  | Redis::CommandError: NOAUTH Authentication required.
workers-1  | Original Exception (Redis::CommandError): NOAUTH Authentication required.
workers-1  |   /opt/.gem/gems/redis-4.1.4/lib/redis/client.rb:126:in `call'  
workers-1  | /opt/.gem/gems/redis-4.1.4/lib/redis.rb:2216:in `block in hdel'  
workers-1  | /opt/.gem/gems/redis-4.1.4/lib/redis.rb:51:in `block in synchronize'  
workers-1  | /usr/local/ruby-2.7.0/lib/ruby/2.7.0/monitor.rb:202:in `synchronize'  
workers-1  | /usr/local/ruby-2.7.0/lib/ruby/2.7.0/monitor.rb:202:in `mon_synchronize'  
workers-1  | /opt/.gem/gems/redis-4.1.4/lib/redis.rb:51:in `synchronize'  
workers-1  | /opt/.gem/gems/redis-4.1.4/lib/redis.rb:2215:in `hdel'  
workers-1  | /opt/.gem/gems/redis-namespace-1.7.0/lib/redis/namespace.rb:469:in `call_with_namespace'  
workers-1  | /opt/.gem/gems/redis-namespace-1.7.0/lib/redis/namespace.rb:349:in `block (2 levels) in <class:Namespace>'  
workers-1  | /opt/.gem/gems/resque-2.0.0/lib/resque/data_store.rb:261:in `remove_heartbeat'  
workers-1  | /usr/local/ruby-2.7.0/lib/ruby/2.7.0/forwardable.rb:235:in `remove_heartbeat'  
workers-1  | /opt/.gem/gems/resque-2.0.0/lib/resque/worker.rb:475:in `remove_heartbeat'  
workers-1  | /opt/.gem/gems/resque-2.0.0/lib/resque/worker.rb:507:in `start_heartbeat'  
workers-1  | /opt/.gem/gems/resque-2.0.0/lib/resque/worker.rb:360:in `startup'  
workers-1  | /opt/.gem/gems/resque-2.0.0/lib/resque/worker.rb:233:in `work'  
workers-1  | /opt/.gem/gems/resque-2.0.0/lib/resque/tasks.rb:20:in `block (2 levels) in <top (required)>'  
workers-1  | /usr/local/ruby-2.7.0/lib/ruby/gems/2.7.0/gems/rake-13.0.1/lib/rake/task.rb:281:in `block in execute'  
workers-1  | /usr/local/ruby-2.7.0/lib/ruby/gems/2.7.0/gems/rake-13.0.1/lib/rake/task.rb:281:in `each'  
workers-1  | /usr/local/ruby-2.7.0/lib/ruby/gems/2.7.0/gems/rake-13.0.1/lib/rake/task.rb:281:in `execute'  
workers-1  | /usr/local/ruby-2.7.0/lib/ruby/gems/2.7.0/gems/rake-13.0.1/lib/rake/task.rb:219:in `block in invoke_with_call_chain'  
workers-1  | /usr/local/ruby-2.7.0/lib/ruby/gems/2.7.0/gems/rake-13.0.1/lib/rake/task.rb:199:in `synchronize'  
workers-1  | /usr/local/ruby-2.7.0/lib/ruby/gems/2.7.0/gems/rake-13.0.1/lib/rake/task.rb:199:in `invoke_with_call_chain'  
workers-1  | /usr/local/ruby-2.7.0/lib/ruby/gems/2.7.0/gems/rake-13.0.1/lib/rake/task.rb:188:in `invoke'  
workers-1  | /usr/local/ruby-2.7.0/lib/ruby/gems/2.7.0/gems/rake-13.0.1/lib/rake/application.rb:160:in `invoke_task'  
workers-1  | /usr/local/ruby-2.7.0/lib/ruby/gems/2.7.0/gems/rake-13.0.1/lib/rake/application.rb:116:in `block (2 levels) in top_level'  
workers-1  | /usr/local/ruby-2.7.0/lib/ruby/gems/2.7.0/gems/rake-13.0.1/lib/rake/application.rb:116:in `each'  
workers-1  | /usr/local/ruby-2.7.0/lib/ruby/gems/2.7.0/gems/rake-13.0.1/lib/rake/application.rb:116:in `block in top_level'  
workers-1  | /usr/local/ruby-2.7.0/lib/ruby/gems/2.7.0/gems/rake-13.0.1/lib/rake/application.rb:125:in `run_with_threads'  
workers-1  | /usr/local/ruby-2.7.0/lib/ruby/gems/2.7.0/gems/rake-13.0.1/lib/rake/application.rb:110:in `top_level'  
workers-1  | /usr/local/ruby-2.7.0/lib/ruby/gems/2.7.0/gems/rake-13.0.1/lib/rake/application.rb:83:in `block in run'  
workers-1  | /usr/local/ruby-2.7.0/lib/ruby/gems/2.7.0/gems/rake-13.0.1/lib/rake/application.rb:186:in `standard_exception_handling'  
workers-1  | /usr/local/ruby-2.7.0/lib/ruby/gems/2.7.0/gems/rake-13.0.1/lib/rake/application.rb:80:in `run'  
workers-1  | /usr/local/ruby-2.7.0/lib/ruby/gems/2.7.0/gems/rake-13.0.1/exe/rake:27:in `<top (required)>'  
workers-1  | /usr/local/ruby-2.7.0/bin/rake:23:in `load'  
workers-1  | /usr/local/ruby-2.7.0/bin/rake:23:in `<main>'
workers-1  | /opt/.gem/gems/redis-4.1.4/lib/redis/client.rb:126:in `call'
workers-1  | /opt/.gem/gems/redis-4.1.4/lib/redis.rb:915:in `block in get'
workers-1  | /opt/.gem/gems/redis-4.1.4/lib/redis.rb:51:in `block in synchronize'
workers-1  | /opt/.gem/gems/redis-4.1.4/lib/redis.rb:51:in `synchronize'
workers-1  | /opt/.gem/gems/redis-4.1.4/lib/redis.rb:914:in `get'
workers-1  | /opt/.gem/gems/redis-namespace-1.7.0/lib/redis/namespace.rb:469:in `call_with_namespace'
workers-1  | /opt/.gem/gems/redis-namespace-1.7.0/lib/redis/namespace.rb:349:in `block (2 levels) in <class:Namespace>'
workers-1  | /opt/.gem/gems/resque-2.0.0/lib/resque/data_store.rb:231:in `get_worker_payload'
workers-1  | /opt/.gem/gems/resque-2.0.0/lib/resque/worker.rb:752:in `job'
workers-1  | /opt/.gem/gems/resque-2.0.0/lib/resque/worker.rb:670:in `unregister_worker'
workers-1  | /opt/.gem/gems/resque-2.0.0/lib/resque/worker.rb:250:in `rescue in work'
workers-1  | /opt/.gem/gems/resque-2.0.0/lib/resque/worker.rb:231:in `work'
workers-1  | /opt/.gem/gems/resque-2.0.0/lib/resque/tasks.rb:20:in `block (2 levels) in <top (required)>'
workers-1  | 
workers-1  | Caused by:
workers-1  | Redis::CommandError: NOAUTH Authentication required.
workers-1  | /opt/.gem/gems/redis-4.1.4/lib/redis/client.rb:126:in `call'
workers-1  | /opt/.gem/gems/redis-4.1.4/lib/redis.rb:915:in `block in get'
workers-1  | /opt/.gem/gems/redis-4.1.4/lib/redis.rb:51:in `block in synchronize'
workers-1  | /opt/.gem/gems/redis-4.1.4/lib/redis.rb:51:in `synchronize'
workers-1  | /opt/.gem/gems/redis-4.1.4/lib/redis.rb:914:in `get'
workers-1  | /opt/.gem/gems/redis-namespace-1.7.0/lib/redis/namespace.rb:469:in `call_with_namespace'
workers-1  | /opt/.gem/gems/redis-namespace-1.7.0/lib/redis/namespace.rb:349:in `block (2 levels) in <class:Namespace>'
workers-1  | /opt/.gem/gems/resque-2.0.0/lib/resque/data_store.rb:231:in `get_worker_payload'
workers-1  | /opt/.gem/gems/resque-2.0.0/lib/resque/worker.rb:752:in `job'
workers-1  | /opt/.gem/gems/resque-2.0.0/lib/resque/worker.rb:670:in `unregister_worker'
workers-1  | /opt/.gem/gems/resque-2.0.0/lib/resque/worker.rb:250:in `rescue in work'
workers-1  | /opt/.gem/gems/resque-2.0.0/lib/resque/worker.rb:231:in `work'
workers-1  | /opt/.gem/gems/resque-2.0.0/lib/resque/tasks.rb:20:in `block (2 levels) in <top (required)>'
workers-1  | 
workers-1  | Caused by:
workers-1  | Redis::CommandError: NOAUTH Authentication required.
workers-1  | /opt/.gem/gems/redis-4.1.4/lib/redis/client.rb:126:in `call'
workers-1  | /opt/.gem/gems/redis-4.1.4/lib/redis.rb:2216:in `block in hdel'
workers-1  | /opt/.gem/gems/redis-4.1.4/lib/redis.rb:51:in `block in synchronize'
workers-1  | /opt/.gem/gems/redis-4.1.4/lib/redis.rb:51:in `synchronize'
workers-1  | /opt/.gem/gems/redis-4.1.4/lib/redis.rb:2215:in `hdel'
workers-1  | /opt/.gem/gems/redis-namespace-1.7.0/lib/redis/namespace.rb:469:in `call_with_namespace'
workers-1  | /opt/.gem/gems/redis-namespace-1.7.0/lib/redis/namespace.rb:349:in `block (2 levels) in <class:Namespace>'
workers-1  | /opt/.gem/gems/resque-2.0.0/lib/resque/data_store.rb:261:in `remove_heartbeat'
workers-1  | /opt/.gem/gems/resque-2.0.0/lib/resque/worker.rb:475:in `remove_heartbeat'
workers-1  | /opt/.gem/gems/resque-2.0.0/lib/resque/worker.rb:507:in `start_heartbeat'
workers-1  | /opt/.gem/gems/resque-2.0.0/lib/resque/worker.rb:360:in `startup'
workers-1  | /opt/.gem/gems/resque-2.0.0/lib/resque/worker.rb:233:in `work'
workers-1  | /opt/.gem/gems/resque-2.0.0/lib/resque/tasks.rb:20:in `block (2 levels) in <top (required)>'
workers-1  | Tasks: TOP => resque:work
workers-1  | (See full trace by running task with --trace)
workers-1  | rake aborted!
workers-1  | Redis::CommandError: NOAUTH Authentication required.
workers-1  | Original Exception (Redis::CommandError): NOAUTH Authentication required.
workers-1  |   /opt/.gem/gems/redis-4.1.4/lib/redis/client.rb:126:in `call'  
workers-1  | /opt/.gem/gems/redis-4.1.4/lib/redis.rb:2216:in `block in hdel'  
workers-1  | /opt/.gem/gems/redis-4.1.4/lib/redis.rb:51:in `block in synchronize'  
workers-1  | /usr/local/ruby-2.7.0/lib/ruby/2.7.0/monitor.rb:202:in `synchronize'  
workers-1  | /usr/local/ruby-2.7.0/lib/ruby/2.7.0/monitor.rb:202:in `mon_synchronize'  
workers-1  | /opt/.gem/gems/redis-4.1.4/lib/redis.rb:51:in `synchronize'  
workers-1  | /opt/.gem/gems/redis-4.1.4/lib/redis.rb:2215:in `hdel'  
workers-1  | /opt/.gem/gems/redis-namespace-1.7.0/lib/redis/namespace.rb:469:in `call_with_namespace'  
workers-1  | /opt/.gem/gems/redis-namespace-1.7.0/lib/redis/namespace.rb:349:in `block (2 levels) in <class:Namespace>'  
workers-1  | /opt/.gem/gems/resque-2.0.0/lib/resque/data_store.rb:261:in `remove_heartbeat'  
workers-1  | /usr/local/ruby-2.7.0/lib/ruby/2.7.0/forwardable.rb:235:in `remove_heartbeat'  
workers-1  | /opt/.gem/gems/resque-2.0.0/lib/resque/worker.rb:475:in `remove_heartbeat'  
workers-1  | /opt/.gem/gems/resque-2.0.0/lib/resque/worker.rb:507:in `start_heartbeat'  
workers-1  | /opt/.gem/gems/resque-2.0.0/lib/resque/worker.rb:360:in `startup'  
workers-1  | /opt/.gem/gems/resque-2.0.0/lib/resque/worker.rb:233:in `work'  
workers-1  | /opt/.gem/gems/resque-2.0.0/lib/resque/tasks.rb:20:in `block (2 levels) in <top (required)>'  
workers-1  | /usr/local/ruby-2.7.0/lib/ruby/gems/2.7.0/gems/rake-13.0.1/lib/rake/task.rb:281:in `block in execute'  
workers-1  | /usr/local/ruby-2.7.0/lib/ruby/gems/2.7.0/gems/rake-13.0.1/lib/rake/task.rb:281:in `each'  
workers-1  | /usr/local/ruby-2.7.0/lib/ruby/gems/2.7.0/gems/rake-13.0.1/lib/rake/task.rb:281:in `execute'  
workers-1  | /usr/local/ruby-2.7.0/lib/ruby/gems/2.7.0/gems/rake-13.0.1/lib/rake/task.rb:219:in `block in invoke_with_call_chain'  
workers-1  | /usr/local/ruby-2.7.0/lib/ruby/gems/2.7.0/gems/rake-13.0.1/lib/rake/task.rb:199:in `synchronize'  
workers-1  | /usr/local/ruby-2.7.0/lib/ruby/gems/2.7.0/gems/rake-13.0.1/lib/rake/task.rb:199:in `invoke_with_call_chain'  
workers-1  | /usr/local/ruby-2.7.0/lib/ruby/gems/2.7.0/gems/rake-13.0.1/lib/rake/task.rb:188:in `invoke'  
workers-1  | /usr/local/ruby-2.7.0/lib/ruby/gems/2.7.0/gems/rake-13.0.1/lib/rake/application.rb:160:in `invoke_task'  
workers-1  | /usr/local/ruby-2.7.0/lib/ruby/gems/2.7.0/gems/rake-13.0.1/lib/rake/application.rb:116:in `block (2 levels) in top_level'  
workers-1  | /usr/local/ruby-2.7.0/lib/ruby/gems/2.7.0/gems/rake-13.0.1/lib/rake/application.rb:116:in `each'  
workers-1  | /usr/local/ruby-2.7.0/lib/ruby/gems/2.7.0/gems/rake-13.0.1/lib/rake/application.rb:116:in `block in top_level'  
workers-1  | /usr/local/ruby-2.7.0/lib/ruby/gems/2.7.0/gems/rake-13.0.1/lib/rake/application.rb:125:in `run_with_threads'  
workers-1  | /usr/local/ruby-2.7.0/lib/ruby/gems/2.7.0/gems/rake-13.0.1/lib/rake/application.rb:110:in `top_level'  
workers-1  | /usr/local/ruby-2.7.0/lib/ruby/gems/2.7.0/gems/rake-13.0.1/lib/rake/application.rb:83:in `block in run'  
workers-1  | /usr/local/ruby-2.7.0/lib/ruby/gems/2.7.0/gems/rake-13.0.1/lib/rake/application.rb:186:in `standard_exception_handling'  
workers-1  | /usr/local/ruby-2.7.0/lib/ruby/gems/2.7.0/gems/rake-13.0.1/lib/rake/application.rb:80:in `run'  
workers-1  | /usr/local/ruby-2.7.0/lib/ruby/gems/2.7.0/gems/rake-13.0.1/exe/rake:27:in `<top (required)>'  
workers-1  | /usr/local/ruby-2.7.0/bin/rake:23:in `load'  
workers-1  | /usr/local/ruby-2.7.0/bin/rake:23:in `<main>'
workers-1  | /opt/.gem/gems/redis-4.1.4/lib/redis/client.rb:126:in `call'
workers-1  | /opt/.gem/gems/redis-4.1.4/lib/redis.rb:915:in `block in get'
workers-1  | /opt/.gem/gems/redis-4.1.4/lib/redis.rb:51:in `block in synchronize'
workers-1  | /opt/.gem/gems/redis-4.1.4/lib/redis.rb:51:in `synchronize'
workers-1  | /opt/.gem/gems/redis-4.1.4/lib/redis.rb:914:in `get'
workers-1  | /opt/.gem/gems/redis-namespace-1.7.0/lib/redis/namespace.rb:469:in `call_with_namespace'
workers-1  | /opt/.gem/gems/redis-namespace-1.7.0/lib/redis/namespace.rb:349:in `block (2 levels) in <class:Namespace>'
workers-1  | /opt/.gem/gems/resque-2.0.0/lib/resque/data_store.rb:231:in `get_worker_payload'
workers-1  | /opt/.gem/gems/resque-2.0.0/lib/resque/worker.rb:752:in `job'
workers-1  | /opt/.gem/gems/resque-2.0.0/lib/resque/worker.rb:670:in `unregister_worker'
workers-1  | /opt/.gem/gems/resque-2.0.0/lib/resque/worker.rb:250:in `rescue in work'
workers-1  | /opt/.gem/gems/resque-2.0.0/lib/resque/worker.rb:231:in `work'
workers-1  | /opt/.gem/gems/resque-2.0.0/lib/resque/tasks.rb:20:in `block (2 levels) in <top (required)>'
workers-1  | 
workers-1  | Caused by:
workers-1  | Redis::CommandError: NOAUTH Authentication required.
workers-1  | /opt/.gem/gems/redis-4.1.4/lib/redis/client.rb:126:in `call'
workers-1  | /opt/.gem/gems/redis-4.1.4/lib/redis.rb:915:in `block in get'
workers-1  | /opt/.gem/gems/redis-4.1.4/lib/redis.rb:51:in `block in synchronize'
workers-1  | /opt/.gem/gems/redis-4.1.4/lib/redis.rb:51:in `synchronize'
workers-1  | /opt/.gem/gems/redis-4.1.4/lib/redis.rb:914:in `get'
workers-1  | /opt/.gem/gems/redis-namespace-1.7.0/lib/redis/namespace.rb:469:in `call_with_namespace'
workers-1  | /opt/.gem/gems/redis-namespace-1.7.0/lib/redis/namespace.rb:349:in `block (2 levels) in <class:Namespace>'
workers-1  | /opt/.gem/gems/resque-2.0.0/lib/resque/data_store.rb:231:in `get_worker_payload'
workers-1  | /opt/.gem/gems/resque-2.0.0/lib/resque/worker.rb:752:in `job'
workers-1  | /opt/.gem/gems/resque-2.0.0/lib/resque/worker.rb:670:in `unregister_worker'
workers-1  | /opt/.gem/gems/resque-2.0.0/lib/resque/worker.rb:250:in `rescue in work'
workers-1  | /opt/.gem/gems/resque-2.0.0/lib/resque/worker.rb:231:in `work'
workers-1  | /opt/.gem/gems/resque-2.0.0/lib/resque/tasks.rb:20:in `block (2 levels) in <top (required)>'
workers-1  | 
workers-1  | Caused by:
workers-1  | Redis::CommandError: NOAUTH Authentication required.
workers-1  | /opt/.gem/gems/redis-4.1.4/lib/redis/client.rb:126:in `call'
workers-1  | /opt/.gem/gems/redis-4.1.4/lib/redis.rb:2216:in `block in hdel'
workers-1  | /opt/.gem/gems/redis-4.1.4/lib/redis.rb:51:in `block in synchronize'
workers-1  | /opt/.gem/gems/redis-4.1.4/lib/redis.rb:51:in `synchronize'
workers-1  | /opt/.gem/gems/redis-4.1.4/lib/redis.rb:2215:in `hdel'
workers-1  | /opt/.gem/gems/redis-namespace-1.7.0/lib/redis/namespace.rb:469:in `call_with_namespace'
workers-1  | /opt/.gem/gems/redis-namespace-1.7.0/lib/redis/namespace.rb:349:in `block (2 levels) in <class:Namespace>'
workers-1  | /opt/.gem/gems/resque-2.0.0/lib/resque/data_store.rb:261:in `remove_heartbeat'
workers-1  | /opt/.gem/gems/resque-2.0.0/lib/resque/worker.rb:475:in `remove_heartbeat'
workers-1  | /opt/.gem/gems/resque-2.0.0/lib/resque/worker.rb:507:in `start_heartbeat'
workers-1  | /opt/.gem/gems/resque-2.0.0/lib/resque/worker.rb:360:in `startup'
workers-1  | /opt/.gem/gems/resque-2.0.0/lib/resque/worker.rb:233:in `work'
workers-1  | /opt/.gem/gems/resque-2.0.0/lib/resque/tasks.rb:20:in `block (2 levels) in <top (required)>'
workers-1  | Tasks: TOP => resque:work
workers-1  | (See full trace by running task with --trace)
workers-1  | rake aborted!
workers-1  | Redis::CommandError: NOAUTH Authentication required.
workers-1  | Original Exception (Redis::CommandError): NOAUTH Authentication required.
workers-1  |   /opt/.gem/gems/redis-4.1.4/lib/redis/client.rb:126:in `call'  
workers-1  | /opt/.gem/gems/redis-4.1.4/lib/redis.rb:2216:in `block in hdel'  
workers-1  | /opt/.gem/gems/redis-4.1.4/lib/redis.rb:51:in `block in synchronize'  
workers-1  | /usr/local/ruby-2.7.0/lib/ruby/2.7.0/monitor.rb:202:in `synchronize'  
workers-1  | /usr/local/ruby-2.7.0/lib/ruby/2.7.0/monitor.rb:202:in `mon_synchronize'  
workers-1  | /opt/.gem/gems/redis-4.1.4/lib/redis.rb:51:in `synchronize'  
workers-1  | /opt/.gem/gems/redis-4.1.4/lib/redis.rb:2215:in `hdel'  
workers-1  | /opt/.gem/gems/redis-namespace-1.7.0/lib/redis/namespace.rb:469:in `call_with_namespace'  
workers-1  | /opt/.gem/gems/redis-namespace-1.7.0/lib/redis/namespace.rb:349:in `block (2 levels) in <class:Namespace>'  
workers-1  | /opt/.gem/gems/resque-2.0.0/lib/resque/data_store.rb:261:in `remove_heartbeat'  
workers-1  | /usr/local/ruby-2.7.0/lib/ruby/2.7.0/forwardable.rb:235:in `remove_heartbeat'  
workers-1  | /opt/.gem/gems/resque-2.0.0/lib/resque/worker.rb:475:in `remove_heartbeat'  
workers-1  | /opt/.gem/gems/resque-2.0.0/lib/resque/worker.rb:507:in `start_heartbeat'  
workers-1  | /opt/.gem/gems/resque-2.0.0/lib/resque/worker.rb:360:in `startup'  
workers-1  | /opt/.gem/gems/resque-2.0.0/lib/resque/worker.rb:233:in `work'  
workers-1  | /opt/.gem/gems/resque-2.0.0/lib/resque/tasks.rb:20:in `block (2 levels) in <top (required)>'  
workers-1  | /usr/local/ruby-2.7.0/lib/ruby/gems/2.7.0/gems/rake-13.0.1/lib/rake/task.rb:281:in `block in execute'  
workers-1  | /usr/local/ruby-2.7.0/lib/ruby/gems/2.7.0/gems/rake-13.0.1/lib/rake/task.rb:281:in `each'  
workers-1  | /usr/local/ruby-2.7.0/lib/ruby/gems/2.7.0/gems/rake-13.0.1/lib/rake/task.rb:281:in `execute'  
workers-1  | /usr/local/ruby-2.7.0/lib/ruby/gems/2.7.0/gems/rake-13.0.1/lib/rake/task.rb:219:in `block in invoke_with_call_chain'  
workers-1  | /usr/local/ruby-2.7.0/lib/ruby/gems/2.7.0/gems/rake-13.0.1/lib/rake/task.rb:199:in `synchronize'  
workers-1  | /usr/local/ruby-2.7.0/lib/ruby/gems/2.7.0/gems/rake-13.0.1/lib/rake/task.rb:199:in `invoke_with_call_chain'  
workers-1  | /usr/local/ruby-2.7.0/lib/ruby/gems/2.7.0/gems/rake-13.0.1/lib/rake/task.rb:188:in `invoke'  
workers-1  | /usr/local/ruby-2.7.0/lib/ruby/gems/2.7.0/gems/rake-13.0.1/lib/rake/application.rb:160:in `invoke_task'  
workers-1  | /usr/local/ruby-2.7.0/lib/ruby/gems/2.7.0/gems/rake-13.0.1/lib/rake/application.rb:116:in `block (2 levels) in top_level'  
workers-1  | /usr/local/ruby-2.7.0/lib/ruby/gems/2.7.0/gems/rake-13.0.1/lib/rake/application.rb:116:in `each'  
workers-1  | /usr/local/ruby-2.7.0/lib/ruby/gems/2.7.0/gems/rake-13.0.1/lib/rake/application.rb:116:in `block in top_level'  
workers-1  | /usr/local/ruby-2.7.0/lib/ruby/gems/2.7.0/gems/rake-13.0.1/lib/rake/application.rb:125:in `run_with_threads'  
workers-1  | /usr/local/ruby-2.7.0/lib/ruby/gems/2.7.0/gems/rake-13.0.1/lib/rake/application.rb:110:in `top_level'  
workers-1  | /usr/local/ruby-2.7.0/lib/ruby/gems/2.7.0/gems/rake-13.0.1/lib/rake/application.rb:83:in `block in run'  
workers-1  | /usr/local/ruby-2.7.0/lib/ruby/gems/2.7.0/gems/rake-13.0.1/lib/rake/application.rb:186:in `standard_exception_handling'  
workers-1  | /usr/local/ruby-2.7.0/lib/ruby/gems/2.7.0/gems/rake-13.0.1/lib/rake/application.rb:80:in `run'  
workers-1  | /usr/local/ruby-2.7.0/lib/ruby/gems/2.7.0/gems/rake-13.0.1/exe/rake:27:in `<top (required)>'  
workers-1  | /usr/local/ruby-2.7.0/bin/rake:23:in `load'  
workers-1  | /usr/local/ruby-2.7.0/bin/rake:23:in `<main>'
workers-1  | /opt/.gem/gems/redis-4.1.4/lib/redis/client.rb:126:in `call'
workers-1  | /opt/.gem/gems/redis-4.1.4/lib/redis.rb:915:in `block in get'
workers-1  | /opt/.gem/gems/redis-4.1.4/lib/redis.rb:51:in `block in synchronize'
workers-1  | /opt/.gem/gems/redis-4.1.4/lib/redis.rb:51:in `synchronize'
workers-1  | /opt/.gem/gems/redis-4.1.4/lib/redis.rb:914:in `get'
workers-1  | /opt/.gem/gems/redis-namespace-1.7.0/lib/redis/namespace.rb:469:in `call_with_namespace'
workers-1  | /opt/.gem/gems/redis-namespace-1.7.0/lib/redis/namespace.rb:349:in `block (2 levels) in <class:Namespace>'
workers-1  | /opt/.gem/gems/resque-2.0.0/lib/resque/data_store.rb:231:in `get_worker_payload'
workers-1  | /opt/.gem/gems/resque-2.0.0/lib/resque/worker.rb:752:in `job'
workers-1  | /opt/.gem/gems/resque-2.0.0/lib/resque/worker.rb:670:in `unregister_worker'
workers-1  | /opt/.gem/gems/resque-2.0.0/lib/resque/worker.rb:250:in `rescue in work'
workers-1  | /opt/.gem/gems/resque-2.0.0/lib/resque/worker.rb:231:in `work'
workers-1  | /opt/.gem/gems/resque-2.0.0/lib/resque/tasks.rb:20:in `block (2 levels) in <top (required)>'
workers-1  | 
workers-1  | Caused by:
workers-1  | Redis::CommandError: NOAUTH Authentication required.
workers-1  | /opt/.gem/gems/redis-4.1.4/lib/redis/client.rb:126:in `call'
workers-1  | /opt/.gem/gems/redis-4.1.4/lib/redis.rb:915:in `block in get'
workers-1  | /opt/.gem/gems/redis-4.1.4/lib/redis.rb:51:in `block in synchronize'
workers-1  | /opt/.gem/gems/redis-4.1.4/lib/redis.rb:51:in `synchronize'
workers-1  | /opt/.gem/gems/redis-4.1.4/lib/redis.rb:914:in `get'
workers-1  | /opt/.gem/gems/redis-namespace-1.7.0/lib/redis/namespace.rb:469:in `call_with_namespace'
workers-1  | /opt/.gem/gems/redis-namespace-1.7.0/lib/redis/namespace.rb:349:in `block (2 levels) in <class:Namespace>'
workers-1  | /opt/.gem/gems/resque-2.0.0/lib/resque/data_store.rb:231:in `get_worker_payload'
workers-1  | /opt/.gem/gems/resque-2.0.0/lib/resque/worker.rb:752:in `job'
workers-1  | /opt/.gem/gems/resque-2.0.0/lib/resque/worker.rb:670:in `unregister_worker'
workers-1  | /opt/.gem/gems/resque-2.0.0/lib/resque/worker.rb:250:in `rescue in work'
workers-1  | /opt/.gem/gems/resque-2.0.0/lib/resque/worker.rb:231:in `work'
workers-1  | /opt/.gem/gems/resque-2.0.0/lib/resque/tasks.rb:20:in `block (2 levels) in <top (required)>'
workers-1  | 
workers-1  | Caused by:
workers-1  | Redis::CommandError: NOAUTH Authentication required.
workers-1  | /opt/.gem/gems/redis-4.1.4/lib/redis/client.rb:126:in `call'
workers-1  | /opt/.gem/gems/redis-4.1.4/lib/redis.rb:2216:in `block in hdel'
workers-1  | /opt/.gem/gems/redis-4.1.4/lib/redis.rb:51:in `block in synchronize'
workers-1  | /opt/.gem/gems/redis-4.1.4/lib/redis.rb:51:in `synchronize'
workers-1  | /opt/.gem/gems/redis-4.1.4/lib/redis.rb:2215:in `hdel'
workers-1  | /opt/.gem/gems/redis-namespace-1.7.0/lib/redis/namespace.rb:469:in `call_with_namespace'
workers-1  | /opt/.gem/gems/redis-namespace-1.7.0/lib/redis/namespace.rb:349:in `block (2 levels) in <class:Namespace>'
workers-1  | /opt/.gem/gems/resque-2.0.0/lib/resque/data_store.rb:261:in `remove_heartbeat'
workers-1  | /opt/.gem/gems/resque-2.0.0/lib/resque/worker.rb:475:in `remove_heartbeat'
workers-1  | /opt/.gem/gems/resque-2.0.0/lib/resque/worker.rb:507:in `start_heartbeat'
workers-1  | /opt/.gem/gems/resque-2.0.0/lib/resque/worker.rb:360:in `startup'
workers-1  | /opt/.gem/gems/resque-2.0.0/lib/resque/worker.rb:233:in `work'
workers-1  | /opt/.gem/gems/resque-2.0.0/lib/resque/tasks.rb:20:in `block (2 levels) in <top (required)>'
workers-1  | Tasks: TOP => resque:work
workers-1  | (See full trace by running task with --trace)
workers-1  | rake aborted!
workers-1  | Redis::CommandError: NOAUTH Authentication required.
workers-1  | Original Exception (Redis::CommandError): NOAUTH Authentication required.
workers-1  |   /opt/.gem/gems/redis-4.1.4/lib/redis/client.rb:126:in `call'  
workers-1  | /opt/.gem/gems/redis-4.1.4/lib/redis.rb:2216:in `block in hdel'  
workers-1  | /opt/.gem/gems/redis-4.1.4/lib/redis.rb:51:in `block in synchronize'  
workers-1  | /usr/local/ruby-2.7.0/lib/ruby/2.7.0/monitor.rb:202:in `synchronize'  
workers-1  | /usr/local/ruby-2.7.0/lib/ruby/2.7.0/monitor.rb:202:in `mon_synchronize'  
workers-1  | /opt/.gem/gems/redis-4.1.4/lib/redis.rb:51:in `synchronize'  
workers-1  | /opt/.gem/gems/redis-4.1.4/lib/redis.rb:2215:in `hdel'  
workers-1  | /opt/.gem/gems/redis-namespace-1.7.0/lib/redis/namespace.rb:469:in `call_with_namespace'  
workers-1  | /opt/.gem/gems/redis-namespace-1.7.0/lib/redis/namespace.rb:349:in `block (2 levels) in <class:Namespace>'  
workers-1  | /opt/.gem/gems/resque-2.0.0/lib/resque/data_store.rb:261:in `remove_heartbeat'  
workers-1  | /usr/local/ruby-2.7.0/lib/ruby/2.7.0/forwardable.rb:235:in `remove_heartbeat'  
workers-1  | /opt/.gem/gems/resque-2.0.0/lib/resque/worker.rb:475:in `remove_heartbeat'  
workers-1  | /opt/.gem/gems/resque-2.0.0/lib/resque/worker.rb:507:in `start_heartbeat'  
workers-1  | /opt/.gem/gems/resque-2.0.0/lib/resque/worker.rb:360:in `startup'  
workers-1  | /opt/.gem/gems/resque-2.0.0/lib/resque/worker.rb:233:in `work'  
workers-1  | /opt/.gem/gems/resque-2.0.0/lib/resque/tasks.rb:20:in `block (2 levels) in <top (required)>'  
workers-1  | /usr/local/ruby-2.7.0/lib/ruby/gems/2.7.0/gems/rake-13.0.1/lib/rake/task.rb:281:in `block in execute'  
workers-1  | /usr/local/ruby-2.7.0/lib/ruby/gems/2.7.0/gems/rake-13.0.1/lib/rake/task.rb:281:in `each'  
workers-1  | /usr/local/ruby-2.7.0/lib/ruby/gems/2.7.0/gems/rake-13.0.1/lib/rake/task.rb:281:in `execute'  
workers-1  | /usr/local/ruby-2.7.0/lib/ruby/gems/2.7.0/gems/rake-13.0.1/lib/rake/task.rb:219:in `block in invoke_with_call_chain'  
workers-1  | /usr/local/ruby-2.7.0/lib/ruby/gems/2.7.0/gems/rake-13.0.1/lib/rake/task.rb:199:in `synchronize'  
workers-1  | /usr/local/ruby-2.7.0/lib/ruby/gems/2.7.0/gems/rake-13.0.1/lib/rake/task.rb:199:in `invoke_with_call_chain'  
workers-1  | /usr/local/ruby-2.7.0/lib/ruby/gems/2.7.0/gems/rake-13.0.1/lib/rake/task.rb:188:in `invoke'  
workers-1  | /usr/local/ruby-2.7.0/lib/ruby/gems/2.7.0/gems/rake-13.0.1/lib/rake/application.rb:160:in `invoke_task'  
workers-1  | /usr/local/ruby-2.7.0/lib/ruby/gems/2.7.0/gems/rake-13.0.1/lib/rake/application.rb:116:in `block (2 levels) in top_level'  
workers-1  | /usr/local/ruby-2.7.0/lib/ruby/gems/2.7.0/gems/rake-13.0.1/lib/rake/application.rb:116:in `each'  
workers-1  | /usr/local/ruby-2.7.0/lib/ruby/gems/2.7.0/gems/rake-13.0.1/lib/rake/application.rb:116:in `block in top_level'  
workers-1  | /usr/local/ruby-2.7.0/lib/ruby/gems/2.7.0/gems/rake-13.0.1/lib/rake/application.rb:125:in `run_with_threads'  
workers-1  | /usr/local/ruby-2.7.0/lib/ruby/gems/2.7.0/gems/rake-13.0.1/lib/rake/application.rb:110:in `top_level'  
workers-1  | /usr/local/ruby-2.7.0/lib/ruby/gems/2.7.0/gems/rake-13.0.1/lib/rake/application.rb:83:in `block in run'  
workers-1  | /usr/local/ruby-2.7.0/lib/ruby/gems/2.7.0/gems/rake-13.0.1/lib/rake/application.rb:186:in `standard_exception_handling'  
workers-1  | /usr/local/ruby-2.7.0/lib/ruby/gems/2.7.0/gems/rake-13.0.1/lib/rake/application.rb:80:in `run'  
workers-1  | /usr/local/ruby-2.7.0/lib/ruby/gems/2.7.0/gems/rake-13.0.1/exe/rake:27:in `<top (required)>'  
workers-1  | /usr/local/ruby-2.7.0/bin/rake:23:in `load'  
workers-1  | /usr/local/ruby-2.7.0/bin/rake:23:in `<main>'
workers-1  | /opt/.gem/gems/redis-4.1.4/lib/redis/client.rb:126:in `call'
workers-1  | /opt/.gem/gems/redis-4.1.4/lib/redis.rb:915:in `block in get'
workers-1  | /opt/.gem/gems/redis-4.1.4/lib/redis.rb:51:in `block in synchronize'
workers-1  | /opt/.gem/gems/redis-4.1.4/lib/redis.rb:51:in `synchronize'
workers-1  | /opt/.gem/gems/redis-4.1.4/lib/redis.rb:914:in `get'
workers-1  | /opt/.gem/gems/redis-namespace-1.7.0/lib/redis/namespace.rb:469:in `call_with_namespace'
workers-1  | /opt/.gem/gems/redis-namespace-1.7.0/lib/redis/namespace.rb:349:in `block (2 levels) in <class:Namespace>'
workers-1  | /opt/.gem/gems/resque-2.0.0/lib/resque/data_store.rb:231:in `get_worker_payload'
workers-1  | /opt/.gem/gems/resque-2.0.0/lib/resque/worker.rb:752:in `job'
workers-1  | /opt/.gem/gems/resque-2.0.0/lib/resque/worker.rb:670:in `unregister_worker'
workers-1  | /opt/.gem/gems/resque-2.0.0/lib/resque/worker.rb:250:in `rescue in work'
workers-1  | /opt/.gem/gems/resque-2.0.0/lib/resque/worker.rb:231:in `work'
workers-1  | /opt/.gem/gems/resque-2.0.0/lib/resque/tasks.rb:20:in `block (2 levels) in <top (required)>'
workers-1  | 
workers-1  | Caused by:
workers-1  | Redis::CommandError: NOAUTH Authentication required.
workers-1  | /opt/.gem/gems/redis-4.1.4/lib/redis/client.rb:126:in `call'
workers-1  | /opt/.gem/gems/redis-4.1.4/lib/redis.rb:915:in `block in get'
workers-1  | /opt/.gem/gems/redis-4.1.4/lib/redis.rb:51:in `block in synchronize'
workers-1  | /opt/.gem/gems/redis-4.1.4/lib/redis.rb:51:in `synchronize'
workers-1  | /opt/.gem/gems/redis-4.1.4/lib/redis.rb:914:in `get'
workers-1  | /opt/.gem/gems/redis-namespace-1.7.0/lib/redis/namespace.rb:469:in `call_with_namespace'
workers-1  | /opt/.gem/gems/redis-namespace-1.7.0/lib/redis/namespace.rb:349:in `block (2 levels) in <class:Namespace>'
workers-1  | /opt/.gem/gems/resque-2.0.0/lib/resque/data_store.rb:231:in `get_worker_payload'
workers-1  | /opt/.gem/gems/resque-2.0.0/lib/resque/worker.rb:752:in `job'
workers-1  | /opt/.gem/gems/resque-2.0.0/lib/resque/worker.rb:670:in `unregister_worker'
workers-1  | /opt/.gem/gems/resque-2.0.0/lib/resque/worker.rb:250:in `rescue in work'
workers-1  | /opt/.gem/gems/resque-2.0.0/lib/resque/worker.rb:231:in `work'
workers-1  | /opt/.gem/gems/resque-2.0.0/lib/resque/tasks.rb:20:in `block (2 levels) in <top (required)>'
workers-1  | 
workers-1  | Caused by:
workers-1  | Redis::CommandError: NOAUTH Authentication required.
workers-1  | /opt/.gem/gems/redis-4.1.4/lib/redis/client.rb:126:in `call'
workers-1  | /opt/.gem/gems/redis-4.1.4/lib/redis.rb:2216:in `block in hdel'
workers-1  | /opt/.gem/gems/redis-4.1.4/lib/redis.rb:51:in `block in synchronize'
workers-1  | /opt/.gem/gems/redis-4.1.4/lib/redis.rb:51:in `synchronize'
workers-1  | /opt/.gem/gems/redis-4.1.4/lib/redis.rb:2215:in `hdel'
workers-1  | /opt/.gem/gems/redis-namespace-1.7.0/lib/redis/namespace.rb:469:in `call_with_namespace'
workers-1  | /opt/.gem/gems/redis-namespace-1.7.0/lib/redis/namespace.rb:349:in `block (2 levels) in <class:Namespace>'
workers-1  | /opt/.gem/gems/resque-2.0.0/lib/resque/data_store.rb:261:in `remove_heartbeat'
workers-1  | /opt/.gem/gems/resque-2.0.0/lib/resque/worker.rb:475:in `remove_heartbeat'
workers-1  | /opt/.gem/gems/resque-2.0.0/lib/resque/worker.rb:507:in `start_heartbeat'
workers-1  | /opt/.gem/gems/resque-2.0.0/lib/resque/worker.rb:360:in `startup'
workers-1  | /opt/.gem/gems/resque-2.0.0/lib/resque/worker.rb:233:in `work'
workers-1  | /opt/.gem/gems/resque-2.0.0/lib/resque/tasks.rb:20:in `block (2 levels) in <top (required)>'
workers-1  | Tasks: TOP => resque:work
workers-1  | (See full trace by running task with --trace)
workers-1  | rake aborted!
workers-1  | Redis::CommandError: NOAUTH Authentication required.
workers-1  | Original Exception (Redis::CommandError): NOAUTH Authentication required.
workers-1  |   /opt/.gem/gems/redis-4.1.4/lib/redis/client.rb:126:in `call'  
workers-1  | /opt/.gem/gems/redis-4.1.4/lib/redis.rb:2216:in `block in hdel'  
workers-1  | /opt/.gem/gems/redis-4.1.4/lib/redis.rb:51:in `block in synchronize'  
workers-1  | /usr/local/ruby-2.7.0/lib/ruby/2.7.0/monitor.rb:202:in `synchronize'  
workers-1  | /usr/local/ruby-2.7.0/lib/ruby/2.7.0/monitor.rb:202:in `mon_synchronize'  
workers-1  | /opt/.gem/gems/redis-4.1.4/lib/redis.rb:51:in `synchronize'  
workers-1  | /opt/.gem/gems/redis-4.1.4/lib/redis.rb:2215:in `hdel'  
workers-1  | /opt/.gem/gems/redis-namespace-1.7.0/lib/redis/namespace.rb:469:in `call_with_namespace'  
workers-1  | /opt/.gem/gems/redis-namespace-1.7.0/lib/redis/namespace.rb:349:in `block (2 levels) in <class:Namespace>'  
workers-1  | /opt/.gem/gems/resque-2.0.0/lib/resque/data_store.rb:261:in `remove_heartbeat'  
workers-1  | /usr/local/ruby-2.7.0/lib/ruby/2.7.0/forwardable.rb:235:in `remove_heartbeat'  
workers-1  | /opt/.gem/gems/resque-2.0.0/lib/resque/worker.rb:475:in `remove_heartbeat'  
workers-1  | /opt/.gem/gems/resque-2.0.0/lib/resque/worker.rb:507:in `start_heartbeat'  
workers-1  | /opt/.gem/gems/resque-2.0.0/lib/resque/worker.rb:360:in `startup'  
workers-1  | /opt/.gem/gems/resque-2.0.0/lib/resque/worker.rb:233:in `work'  
workers-1  | /opt/.gem/gems/resque-2.0.0/lib/resque/tasks.rb:20:in `block (2 levels) in <top (required)>'  
workers-1  | /usr/local/ruby-2.7.0/lib/ruby/gems/2.7.0/gems/rake-13.0.1/lib/rake/task.rb:281:in `block in execute'  
workers-1  | /usr/local/ruby-2.7.0/lib/ruby/gems/2.7.0/gems/rake-13.0.1/lib/rake/task.rb:281:in `each'  
workers-1  | /usr/local/ruby-2.7.0/lib/ruby/gems/2.7.0/gems/rake-13.0.1/lib/rake/task.rb:281:in `execute'  
workers-1  | /usr/local/ruby-2.7.0/lib/ruby/gems/2.7.0/gems/rake-13.0.1/lib/rake/task.rb:219:in `block in invoke_with_call_chain'  
workers-1  | /usr/local/ruby-2.7.0/lib/ruby/gems/2.7.0/gems/rake-13.0.1/lib/rake/task.rb:199:in `synchronize'  
workers-1  | /usr/local/ruby-2.7.0/lib/ruby/gems/2.7.0/gems/rake-13.0.1/lib/rake/task.rb:199:in `invoke_with_call_chain'  
workers-1  | /usr/local/ruby-2.7.0/lib/ruby/gems/2.7.0/gems/rake-13.0.1/lib/rake/task.rb:188:in `invoke'  
workers-1  | /usr/local/ruby-2.7.0/lib/ruby/gems/2.7.0/gems/rake-13.0.1/lib/rake/application.rb:160:in `invoke_task'  
workers-1  | /usr/local/ruby-2.7.0/lib/ruby/gems/2.7.0/gems/rake-13.0.1/lib/rake/application.rb:116:in `block (2 levels) in top_level'  
workers-1  | /usr/local/ruby-2.7.0/lib/ruby/gems/2.7.0/gems/rake-13.0.1/lib/rake/application.rb:116:in `each'  
workers-1  | /usr/local/ruby-2.7.0/lib/ruby/gems/2.7.0/gems/rake-13.0.1/lib/rake/application.rb:116:in `block in top_level'  
workers-1  | /usr/local/ruby-2.7.0/lib/ruby/gems/2.7.0/gems/rake-13.0.1/lib/rake/application.rb:125:in `run_with_threads'  
workers-1  | /usr/local/ruby-2.7.0/lib/ruby/gems/2.7.0/gems/rake-13.0.1/lib/rake/application.rb:110:in `top_level'  
workers-1  | /usr/local/ruby-2.7.0/lib/ruby/gems/2.7.0/gems/rake-13.0.1/lib/rake/application.rb:83:in `block in run'  
workers-1  | /usr/local/ruby-2.7.0/lib/ruby/gems/2.7.0/gems/rake-13.0.1/lib/rake/application.rb:186:in `standard_exception_handling'  
workers-1  | /usr/local/ruby-2.7.0/lib/ruby/gems/2.7.0/gems/rake-13.0.1/lib/rake/application.rb:80:in `run'  
workers-1  | /usr/local/ruby-2.7.0/lib/ruby/gems/2.7.0/gems/rake-13.0.1/exe/rake:27:in `<top (required)>'  
workers-1  | /usr/local/ruby-2.7.0/bin/rake:23:in `load'  
workers-1  | /usr/local/ruby-2.7.0/bin/rake:23:in `<main>'
workers-1  | /opt/.gem/gems/redis-4.1.4/lib/redis/client.rb:126:in `call'
workers-1  | /opt/.gem/gems/redis-4.1.4/lib/redis.rb:915:in `block in get'
workers-1  | /opt/.gem/gems/redis-4.1.4/lib/redis.rb:51:in `block in synchronize'
workers-1  | /opt/.gem/gems/redis-4.1.4/lib/redis.rb:51:in `synchronize'
workers-1  | /opt/.gem/gems/redis-4.1.4/lib/redis.rb:914:in `get'
workers-1  | /opt/.gem/gems/redis-namespace-1.7.0/lib/redis/namespace.rb:469:in `call_with_namespace'
workers-1  | /opt/.gem/gems/redis-namespace-1.7.0/lib/redis/namespace.rb:349:in `block (2 levels) in <class:Namespace>'
workers-1  | /opt/.gem/gems/resque-2.0.0/lib/resque/data_store.rb:231:in `get_worker_payload'
workers-1  | /opt/.gem/gems/resque-2.0.0/lib/resque/worker.rb:752:in `job'
workers-1  | /opt/.gem/gems/resque-2.0.0/lib/resque/worker.rb:670:in `unregister_worker'
workers-1  | /opt/.gem/gems/resque-2.0.0/lib/resque/worker.rb:250:in `rescue in work'
workers-1  | /opt/.gem/gems/resque-2.0.0/lib/resque/worker.rb:231:in `work'
workers-1  | /opt/.gem/gems/resque-2.0.0/lib/resque/tasks.rb:20:in `block (2 levels) in <top (required)>'
workers-1  | 
workers-1  | Caused by:
workers-1  | Redis::CommandError: NOAUTH Authentication required.
workers-1  | /opt/.gem/gems/redis-4.1.4/lib/redis/client.rb:126:in `call'
workers-1  | /opt/.gem/gems/redis-4.1.4/lib/redis.rb:915:in `block in get'
workers-1  | /opt/.gem/gems/redis-4.1.4/lib/redis.rb:51:in `block in synchronize'
workers-1  | /opt/.gem/gems/redis-4.1.4/lib/redis.rb:51:in `synchronize'
workers-1  | /opt/.gem/gems/redis-4.1.4/lib/redis.rb:914:in `get'
workers-1  | /opt/.gem/gems/redis-namespace-1.7.0/lib/redis/namespace.rb:469:in `call_with_namespace'
workers-1  | /opt/.gem/gems/redis-namespace-1.7.0/lib/redis/namespace.rb:349:in `block (2 levels) in <class:Namespace>'
workers-1  | /opt/.gem/gems/resque-2.0.0/lib/resque/data_store.rb:231:in `get_worker_payload'
workers-1  | /opt/.gem/gems/resque-2.0.0/lib/resque/worker.rb:752:in `job'
workers-1  | /opt/.gem/gems/resque-2.0.0/lib/resque/worker.rb:670:in `unregister_worker'
workers-1  | /opt/.gem/gems/resque-2.0.0/lib/resque/worker.rb:250:in `rescue in work'
workers-1  | /opt/.gem/gems/resque-2.0.0/lib/resque/worker.rb:231:in `work'
workers-1  | /opt/.gem/gems/resque-2.0.0/lib/resque/tasks.rb:20:in `block (2 levels) in <top (required)>'
workers-1  | 
workers-1  | Caused by:
workers-1  | Redis::CommandError: NOAUTH Authentication required.
workers-1  | /opt/.gem/gems/redis-4.1.4/lib/redis/client.rb:126:in `call'
workers-1  | /opt/.gem/gems/redis-4.1.4/lib/redis.rb:2216:in `block in hdel'
workers-1  | /opt/.gem/gems/redis-4.1.4/lib/redis.rb:51:in `block in synchronize'
workers-1  | /opt/.gem/gems/redis-4.1.4/lib/redis.rb:51:in `synchronize'
workers-1  | /opt/.gem/gems/redis-4.1.4/lib/redis.rb:2215:in `hdel'
workers-1  | /opt/.gem/gems/redis-namespace-1.7.0/lib/redis/namespace.rb:469:in `call_with_namespace'
workers-1  | /opt/.gem/gems/redis-namespace-1.7.0/lib/redis/namespace.rb:349:in `block (2 levels) in <class:Namespace>'
workers-1  | /opt/.gem/gems/resque-2.0.0/lib/resque/data_store.rb:261:in `remove_heartbeat'
workers-1  | /opt/.gem/gems/resque-2.0.0/lib/resque/worker.rb:475:in `remove_heartbeat'
workers-1  | /opt/.gem/gems/resque-2.0.0/lib/resque/worker.rb:507:in `start_heartbeat'
workers-1  | /opt/.gem/gems/resque-2.0.0/lib/resque/worker.rb:360:in `startup'
workers-1  | /opt/.gem/gems/resque-2.0.0/lib/resque/worker.rb:233:in `work'
workers-1  | /opt/.gem/gems/resque-2.0.0/lib/resque/tasks.rb:20:in `block (2 levels) in <top (required)>'
workers-1  | Tasks: TOP => resque:work
workers-1  | (See full trace by running task with --trace)
workers-1  | rake aborted!
workers-1  | Redis::CommandError: NOAUTH Authentication required.
workers-1  | Original Exception (Redis::CommandError): NOAUTH Authentication required.
workers-1  |   /opt/.gem/gems/redis-4.1.4/lib/redis/client.rb:126:in `call'  
workers-1  | /opt/.gem/gems/redis-4.1.4/lib/redis.rb:2216:in `block in hdel'  
workers-1  | /opt/.gem/gems/redis-4.1.4/lib/redis.rb:51:in `block in synchronize'  
workers-1  | /usr/local/ruby-2.7.0/lib/ruby/2.7.0/monitor.rb:202:in `synchronize'  
workers-1  | /usr/local/ruby-2.7.0/lib/ruby/2.7.0/monitor.rb:202:in `mon_synchronize'  
workers-1  | /opt/.gem/gems/redis-4.1.4/lib/redis.rb:51:in `synchronize'  
workers-1  | /opt/.gem/gems/redis-4.1.4/lib/redis.rb:2215:in `hdel'  
workers-1  | /opt/.gem/gems/redis-namespace-1.7.0/lib/redis/namespace.rb:469:in `call_with_namespace'  
workers-1  | /opt/.gem/gems/redis-namespace-1.7.0/lib/redis/namespace.rb:349:in `block (2 levels) in <class:Namespace>'  
workers-1  | /opt/.gem/gems/resque-2.0.0/lib/resque/data_store.rb:261:in `remove_heartbeat'  
workers-1  | /usr/local/ruby-2.7.0/lib/ruby/2.7.0/forwardable.rb:235:in `remove_heartbeat'  
workers-1  | /opt/.gem/gems/resque-2.0.0/lib/resque/worker.rb:475:in `remove_heartbeat'  
workers-1  | /opt/.gem/gems/resque-2.0.0/lib/resque/worker.rb:507:in `start_heartbeat'  
workers-1  | /opt/.gem/gems/resque-2.0.0/lib/resque/worker.rb:360:in `startup'  
workers-1  | /opt/.gem/gems/resque-2.0.0/lib/resque/worker.rb:233:in `work'  
workers-1  | /opt/.gem/gems/resque-2.0.0/lib/resque/tasks.rb:20:in `block (2 levels) in <top (required)>'  
workers-1  | /usr/local/ruby-2.7.0/lib/ruby/gems/2.7.0/gems/rake-13.0.1/lib/rake/task.rb:281:in `block in execute'  
workers-1  | /usr/local/ruby-2.7.0/lib/ruby/gems/2.7.0/gems/rake-13.0.1/lib/rake/task.rb:281:in `each'  
workers-1  | /usr/local/ruby-2.7.0/lib/ruby/gems/2.7.0/gems/rake-13.0.1/lib/rake/task.rb:281:in `execute'  
workers-1  | /usr/local/ruby-2.7.0/lib/ruby/gems/2.7.0/gems/rake-13.0.1/lib/rake/task.rb:219:in `block in invoke_with_call_chain'  
workers-1  | /usr/local/ruby-2.7.0/lib/ruby/gems/2.7.0/gems/rake-13.0.1/lib/rake/task.rb:199:in `synchronize'  
workers-1  | /usr/local/ruby-2.7.0/lib/ruby/gems/2.7.0/gems/rake-13.0.1/lib/rake/task.rb:199:in `invoke_with_call_chain'  
workers-1  | /usr/local/ruby-2.7.0/lib/ruby/gems/2.7.0/gems/rake-13.0.1/lib/rake/task.rb:188:in `invoke'  
workers-1  | /usr/local/ruby-2.7.0/lib/ruby/gems/2.7.0/gems/rake-13.0.1/lib/rake/application.rb:160:in `invoke_task'  
workers-1  | /usr/local/ruby-2.7.0/lib/ruby/gems/2.7.0/gems/rake-13.0.1/lib/rake/application.rb:116:in `block (2 levels) in top_level'  
workers-1  | /usr/local/ruby-2.7.0/lib/ruby/gems/2.7.0/gems/rake-13.0.1/lib/rake/application.rb:116:in `each'  
workers-1  | /usr/local/ruby-2.7.0/lib/ruby/gems/2.7.0/gems/rake-13.0.1/lib/rake/application.rb:116:in `block in top_level'  
workers-1  | /usr/local/ruby-2.7.0/lib/ruby/gems/2.7.0/gems/rake-13.0.1/lib/rake/application.rb:125:in `run_with_threads'  
workers-1  | /usr/local/ruby-2.7.0/lib/ruby/gems/2.7.0/gems/rake-13.0.1/lib/rake/application.rb:110:in `top_level'  
workers-1  | /usr/local/ruby-2.7.0/lib/ruby/gems/2.7.0/gems/rake-13.0.1/lib/rake/application.rb:83:in `block in run'  
workers-1  | /usr/local/ruby-2.7.0/lib/ruby/gems/2.7.0/gems/rake-13.0.1/lib/rake/application.rb:186:in `standard_exception_handling'  
workers-1  | /usr/local/ruby-2.7.0/lib/ruby/gems/2.7.0/gems/rake-13.0.1/lib/rake/application.rb:80:in `run'  
workers-1  | /usr/local/ruby-2.7.0/lib/ruby/gems/2.7.0/gems/rake-13.0.1/exe/rake:27:in `<top (required)>'  
workers-1  | /usr/local/ruby-2.7.0/bin/rake:23:in `load'  
workers-1  | /usr/local/ruby-2.7.0/bin/rake:23:in `<main>'
workers-1  | /opt/.gem/gems/redis-4.1.4/lib/redis/client.rb:126:in `call'
workers-1  | /opt/.gem/gems/redis-4.1.4/lib/redis.rb:915:in `block in get'
workers-1  | /opt/.gem/gems/redis-4.1.4/lib/redis.rb:51:in `block in synchronize'
workers-1  | /opt/.gem/gems/redis-4.1.4/lib/redis.rb:51:in `synchronize'
workers-1  | /opt/.gem/gems/redis-4.1.4/lib/redis.rb:914:in `get'
workers-1  | /opt/.gem/gems/redis-namespace-1.7.0/lib/redis/namespace.rb:469:in `call_with_namespace'
workers-1  | /opt/.gem/gems/redis-namespace-1.7.0/lib/redis/namespace.rb:349:in `block (2 levels) in <class:Namespace>'
workers-1  | /opt/.gem/gems/resque-2.0.0/lib/resque/data_store.rb:231:in `get_worker_payload'
workers-1  | /opt/.gem/gems/resque-2.0.0/lib/resque/worker.rb:752:in `job'
workers-1  | /opt/.gem/gems/resque-2.0.0/lib/resque/worker.rb:670:in `unregister_worker'
workers-1  | /opt/.gem/gems/resque-2.0.0/lib/resque/worker.rb:250:in `rescue in work'
workers-1  | /opt/.gem/gems/resque-2.0.0/lib/resque/worker.rb:231:in `work'
workers-1  | /opt/.gem/gems/resque-2.0.0/lib/resque/tasks.rb:20:in `block (2 levels) in <top (required)>'
workers-1  | 
workers-1  | Caused by:
workers-1  | Redis::CommandError: NOAUTH Authentication required.
workers-1  | /opt/.gem/gems/redis-4.1.4/lib/redis/client.rb:126:in `call'
workers-1  | /opt/.gem/gems/redis-4.1.4/lib/redis.rb:915:in `block in get'
workers-1  | /opt/.gem/gems/redis-4.1.4/lib/redis.rb:51:in `block in synchronize'
workers-1  | /opt/.gem/gems/redis-4.1.4/lib/redis.rb:51:in `synchronize'
workers-1  | /opt/.gem/gems/redis-4.1.4/lib/redis.rb:914:in `get'
workers-1  | /opt/.gem/gems/redis-namespace-1.7.0/lib/redis/namespace.rb:469:in `call_with_namespace'
workers-1  | /opt/.gem/gems/redis-namespace-1.7.0/lib/redis/namespace.rb:349:in `block (2 levels) in <class:Namespace>'
workers-1  | /opt/.gem/gems/resque-2.0.0/lib/resque/data_store.rb:231:in `get_worker_payload'
workers-1  | /opt/.gem/gems/resque-2.0.0/lib/resque/worker.rb:752:in `job'
workers-1  | /opt/.gem/gems/resque-2.0.0/lib/resque/worker.rb:670:in `unregister_worker'
workers-1  | /opt/.gem/gems/resque-2.0.0/lib/resque/worker.rb:250:in `rescue in work'
workers-1  | /opt/.gem/gems/resque-2.0.0/lib/resque/worker.rb:231:in `work'
workers-1  | /opt/.gem/gems/resque-2.0.0/lib/resque/tasks.rb:20:in `block (2 levels) in <top (required)>'
workers-1  | 
workers-1  | Caused by:
workers-1  | Redis::CommandError: NOAUTH Authentication required.
workers-1  | /opt/.gem/gems/redis-4.1.4/lib/redis/client.rb:126:in `call'
workers-1  | /opt/.gem/gems/redis-4.1.4/lib/redis.rb:2216:in `block in hdel'
workers-1  | /opt/.gem/gems/redis-4.1.4/lib/redis.rb:51:in `block in synchronize'
workers-1  | /opt/.gem/gems/redis-4.1.4/lib/redis.rb:51:in `synchronize'
workers-1  | /opt/.gem/gems/redis-4.1.4/lib/redis.rb:2215:in `hdel'
workers-1  | /opt/.gem/gems/redis-namespace-1.7.0/lib/redis/namespace.rb:469:in `call_with_namespace'
workers-1  | /opt/.gem/gems/redis-namespace-1.7.0/lib/redis/namespace.rb:349:in `block (2 levels) in <class:Namespace>'
workers-1  | /opt/.gem/gems/resque-2.0.0/lib/resque/data_store.rb:261:in `remove_heartbeat'
workers-1  | /opt/.gem/gems/resque-2.0.0/lib/resque/worker.rb:475:in `remove_heartbeat'
workers-1  | /opt/.gem/gems/resque-2.0.0/lib/resque/worker.rb:507:in `start_heartbeat'
workers-1  | /opt/.gem/gems/resque-2.0.0/lib/resque/worker.rb:360:in `startup'
workers-1  | /opt/.gem/gems/resque-2.0.0/lib/resque/worker.rb:233:in `work'
workers-1  | /opt/.gem/gems/resque-2.0.0/lib/resque/tasks.rb:20:in `block (2 levels) in <top (required)>'
workers-1  | Tasks: TOP => resque:work
workers-1  | (See full trace by running task with --trace)
workers-1  | rake aborted!
workers-1  | Redis::CommandError: NOAUTH Authentication required.
workers-1  | Original Exception (Redis::CommandError): NOAUTH Authentication required.
workers-1  |   /opt/.gem/gems/redis-4.1.4/lib/redis/client.rb:126:in `call'  
workers-1  | /opt/.gem/gems/redis-4.1.4/lib/redis.rb:2216:in `block in hdel'  
workers-1  | /opt/.gem/gems/redis-4.1.4/lib/redis.rb:51:in `block in synchronize'  
workers-1  | /usr/local/ruby-2.7.0/lib/ruby/2.7.0/monitor.rb:202:in `synchronize'  
workers-1  | /usr/local/ruby-2.7.0/lib/ruby/2.7.0/monitor.rb:202:in `mon_synchronize'  
workers-1  | /opt/.gem/gems/redis-4.1.4/lib/redis.rb:51:in `synchronize'  
workers-1  | /opt/.gem/gems/redis-4.1.4/lib/redis.rb:2215:in `hdel'  
workers-1  | /opt/.gem/gems/redis-namespace-1.7.0/lib/redis/namespace.rb:469:in `call_with_namespace'  
workers-1  | /opt/.gem/gems/redis-namespace-1.7.0/lib/redis/namespace.rb:349:in `block (2 levels) in <class:Namespace>'  
workers-1  | /opt/.gem/gems/resque-2.0.0/lib/resque/data_store.rb:261:in `remove_heartbeat'  
workers-1  | /usr/local/ruby-2.7.0/lib/ruby/2.7.0/forwardable.rb:235:in `remove_heartbeat'  
workers-1  | /opt/.gem/gems/resque-2.0.0/lib/resque/worker.rb:475:in `remove_heartbeat'  
workers-1  | /opt/.gem/gems/resque-2.0.0/lib/resque/worker.rb:507:in `start_heartbeat'  
workers-1  | /opt/.gem/gems/resque-2.0.0/lib/resque/worker.rb:360:in `startup'  
workers-1  | /opt/.gem/gems/resque-2.0.0/lib/resque/worker.rb:233:in `work'  
workers-1  | /opt/.gem/gems/resque-2.0.0/lib/resque/tasks.rb:20:in `block (2 levels) in <top (required)>'  
workers-1  | /usr/local/ruby-2.7.0/lib/ruby/gems/2.7.0/gems/rake-13.0.1/lib/rake/task.rb:281:in `block in execute'  
workers-1  | /usr/local/ruby-2.7.0/lib/ruby/gems/2.7.0/gems/rake-13.0.1/lib/rake/task.rb:281:in `each'  
workers-1  | /usr/local/ruby-2.7.0/lib/ruby/gems/2.7.0/gems/rake-13.0.1/lib/rake/task.rb:281:in `execute'  
workers-1  | /usr/local/ruby-2.7.0/lib/ruby/gems/2.7.0/gems/rake-13.0.1/lib/rake/task.rb:219:in `block in invoke_with_call_chain'  
workers-1  | /usr/local/ruby-2.7.0/lib/ruby/gems/2.7.0/gems/rake-13.0.1/lib/rake/task.rb:199:in `synchronize'  
workers-1  | /usr/local/ruby-2.7.0/lib/ruby/gems/2.7.0/gems/rake-13.0.1/lib/rake/task.rb:199:in `invoke_with_call_chain'  
workers-1  | /usr/local/ruby-2.7.0/lib/ruby/gems/2.7.0/gems/rake-13.0.1/lib/rake/task.rb:188:in `invoke'  
workers-1  | /usr/local/ruby-2.7.0/lib/ruby/gems/2.7.0/gems/rake-13.0.1/lib/rake/application.rb:160:in `invoke_task'  
workers-1  | /usr/local/ruby-2.7.0/lib/ruby/gems/2.7.0/gems/rake-13.0.1/lib/rake/application.rb:116:in `block (2 levels) in top_level'  
workers-1  | /usr/local/ruby-2.7.0/lib/ruby/gems/2.7.0/gems/rake-13.0.1/lib/rake/application.rb:116:in `each'  
workers-1  | /usr/local/ruby-2.7.0/lib/ruby/gems/2.7.0/gems/rake-13.0.1/lib/rake/application.rb:116:in `block in top_level'  
workers-1  | /usr/local/ruby-2.7.0/lib/ruby/gems/2.7.0/gems/rake-13.0.1/lib/rake/application.rb:125:in `run_with_threads'  
workers-1  | /usr/local/ruby-2.7.0/lib/ruby/gems/2.7.0/gems/rake-13.0.1/lib/rake/application.rb:110:in `top_level'  
workers-1  | /usr/local/ruby-2.7.0/lib/ruby/gems/2.7.0/gems/rake-13.0.1/lib/rake/application.rb:83:in `block in run'  
workers-1  | /usr/local/ruby-2.7.0/lib/ruby/gems/2.7.0/gems/rake-13.0.1/lib/rake/application.rb:186:in `standard_exception_handling'  
workers-1  | /usr/local/ruby-2.7.0/lib/ruby/gems/2.7.0/gems/rake-13.0.1/lib/rake/application.rb:80:in `run'  
workers-1  | /usr/local/ruby-2.7.0/lib/ruby/gems/2.7.0/gems/rake-13.0.1/exe/rake:27:in `<top (required)>'  
workers-1  | /usr/local/ruby-2.7.0/bin/rake:23:in `load'  
workers-1  | /usr/local/ruby-2.7.0/bin/rake:23:in `<main>'
workers-1  | /opt/.gem/gems/redis-4.1.4/lib/redis/client.rb:126:in `call'
workers-1  | /opt/.gem/gems/redis-4.1.4/lib/redis.rb:915:in `block in get'
workers-1  | /opt/.gem/gems/redis-4.1.4/lib/redis.rb:51:in `block in synchronize'
workers-1  | /opt/.gem/gems/redis-4.1.4/lib/redis.rb:51:in `synchronize'
workers-1  | /opt/.gem/gems/redis-4.1.4/lib/redis.rb:914:in `get'
workers-1  | /opt/.gem/gems/redis-namespace-1.7.0/lib/redis/namespace.rb:469:in `call_with_namespace'
workers-1  | /opt/.gem/gems/redis-namespace-1.7.0/lib/redis/namespace.rb:349:in `block (2 levels) in <class:Namespace>'
workers-1  | /opt/.gem/gems/resque-2.0.0/lib/resque/data_store.rb:231:in `get_worker_payload'
workers-1  | /opt/.gem/gems/resque-2.0.0/lib/resque/worker.rb:752:in `job'
workers-1  | /opt/.gem/gems/resque-2.0.0/lib/resque/worker.rb:670:in `unregister_worker'
workers-1  | /opt/.gem/gems/resque-2.0.0/lib/resque/worker.rb:250:in `rescue in work'
workers-1  | /opt/.gem/gems/resque-2.0.0/lib/resque/worker.rb:231:in `work'
workers-1  | /opt/.gem/gems/resque-2.0.0/lib/resque/tasks.rb:20:in `block (2 levels) in <top (required)>'
workers-1  | 
workers-1  | Caused by:
workers-1  | Redis::CommandError: NOAUTH Authentication required.
workers-1  | /opt/.gem/gems/redis-4.1.4/lib/redis/client.rb:126:in `call'
workers-1  | /opt/.gem/gems/redis-4.1.4/lib/redis.rb:915:in `block in get'
workers-1  | /opt/.gem/gems/redis-4.1.4/lib/redis.rb:51:in `block in synchronize'
workers-1  | /opt/.gem/gems/redis-4.1.4/lib/redis.rb:51:in `synchronize'
workers-1  | /opt/.gem/gems/redis-4.1.4/lib/redis.rb:914:in `get'
workers-1  | /opt/.gem/gems/redis-namespace-1.7.0/lib/redis/namespace.rb:469:in `call_with_namespace'
workers-1  | /opt/.gem/gems/redis-namespace-1.7.0/lib/redis/namespace.rb:349:in `block (2 levels) in <class:Namespace>'
workers-1  | /opt/.gem/gems/resque-2.0.0/lib/resque/data_store.rb:231:in `get_worker_payload'
workers-1  | /opt/.gem/gems/resque-2.0.0/lib/resque/worker.rb:752:in `job'
workers-1  | /opt/.gem/gems/resque-2.0.0/lib/resque/worker.rb:670:in `unregister_worker'
workers-1  | /opt/.gem/gems/resque-2.0.0/lib/resque/worker.rb:250:in `rescue in work'
workers-1  | /opt/.gem/gems/resque-2.0.0/lib/resque/worker.rb:231:in `work'
workers-1  | /opt/.gem/gems/resque-2.0.0/lib/resque/tasks.rb:20:in `block (2 levels) in <top (required)>'
workers-1  | 
workers-1  | Caused by:
workers-1  | Redis::CommandError: NOAUTH Authentication required.
workers-1  | /opt/.gem/gems/redis-4.1.4/lib/redis/client.rb:126:in `call'
workers-1  | /opt/.gem/gems/redis-4.1.4/lib/redis.rb:2216:in `block in hdel'
workers-1  | /opt/.gem/gems/redis-4.1.4/lib/redis.rb:51:in `block in synchronize'
workers-1  | /opt/.gem/gems/redis-4.1.4/lib/redis.rb:51:in `synchronize'
workers-1  | /opt/.gem/gems/redis-4.1.4/lib/redis.rb:2215:in `hdel'
workers-1  | /opt/.gem/gems/redis-namespace-1.7.0/lib/redis/namespace.rb:469:in `call_with_namespace'
workers-1  | /opt/.gem/gems/redis-namespace-1.7.0/lib/redis/namespace.rb:349:in `block (2 levels) in <class:Namespace>'
workers-1  | /opt/.gem/gems/resque-2.0.0/lib/resque/data_store.rb:261:in `remove_heartbeat'
workers-1  | /opt/.gem/gems/resque-2.0.0/lib/resque/worker.rb:475:in `remove_heartbeat'
workers-1  | /opt/.gem/gems/resque-2.0.0/lib/resque/worker.rb:507:in `start_heartbeat'
workers-1  | /opt/.gem/gems/resque-2.0.0/lib/resque/worker.rb:360:in `startup'
workers-1  | /opt/.gem/gems/resque-2.0.0/lib/resque/worker.rb:233:in `work'
workers-1  | /opt/.gem/gems/resque-2.0.0/lib/resque/tasks.rb:20:in `block (2 levels) in <top (required)>'
workers-1  | Tasks: TOP => resque:work
workers-1  | (See full trace by running task with --trace)
workers-1  | rake aborted!
workers-1  | Redis::CommandError: NOAUTH Authentication required.
workers-1  | Original Exception (Redis::CommandError): NOAUTH Authentication required.
workers-1  |   /opt/.gem/gems/redis-4.1.4/lib/redis/client.rb:126:in `call'  
workers-1  | /opt/.gem/gems/redis-4.1.4/lib/redis.rb:2216:in `block in hdel'  
workers-1  | /opt/.gem/gems/redis-4.1.4/lib/redis.rb:51:in `block in synchronize'  
workers-1  | /usr/local/ruby-2.7.0/lib/ruby/2.7.0/monitor.rb:202:in `synchronize'  
workers-1  | /usr/local/ruby-2.7.0/lib/ruby/2.7.0/monitor.rb:202:in `mon_synchronize'  
workers-1  | /opt/.gem/gems/redis-4.1.4/lib/redis.rb:51:in `synchronize'  
workers-1  | /opt/.gem/gems/redis-4.1.4/lib/redis.rb:2215:in `hdel'  
workers-1  | /opt/.gem/gems/redis-namespace-1.7.0/lib/redis/namespace.rb:469:in `call_with_namespace'  
workers-1  | /opt/.gem/gems/redis-namespace-1.7.0/lib/redis/namespace.rb:349:in `block (2 levels) in <class:Namespace>'  
workers-1  | /opt/.gem/gems/resque-2.0.0/lib/resque/data_store.rb:261:in `remove_heartbeat'  
workers-1  | /usr/local/ruby-2.7.0/lib/ruby/2.7.0/forwardable.rb:235:in `remove_heartbeat'  
workers-1  | /opt/.gem/gems/resque-2.0.0/lib/resque/worker.rb:475:in `remove_heartbeat'  
workers-1  | /opt/.gem/gems/resque-2.0.0/lib/resque/worker.rb:507:in `start_heartbeat'  
workers-1  | /opt/.gem/gems/resque-2.0.0/lib/resque/worker.rb:360:in `startup'  
workers-1  | /opt/.gem/gems/resque-2.0.0/lib/resque/worker.rb:233:in `work'  
workers-1  | /opt/.gem/gems/resque-2.0.0/lib/resque/tasks.rb:20:in `block (2 levels) in <top (required)>'  
workers-1  | /usr/local/ruby-2.7.0/lib/ruby/gems/2.7.0/gems/rake-13.0.1/lib/rake/task.rb:281:in `block in execute'  
workers-1  | /usr/local/ruby-2.7.0/lib/ruby/gems/2.7.0/gems/rake-13.0.1/lib/rake/task.rb:281:in `each'  
workers-1  | /usr/local/ruby-2.7.0/lib/ruby/gems/2.7.0/gems/rake-13.0.1/lib/rake/task.rb:281:in `execute'  
workers-1  | /usr/local/ruby-2.7.0/lib/ruby/gems/2.7.0/gems/rake-13.0.1/lib/rake/task.rb:219:in `block in invoke_with_call_chain'  
workers-1  | /usr/local/ruby-2.7.0/lib/ruby/gems/2.7.0/gems/rake-13.0.1/lib/rake/task.rb:199:in `synchronize'  
workers-1  | /usr/local/ruby-2.7.0/lib/ruby/gems/2.7.0/gems/rake-13.0.1/lib/rake/task.rb:199:in `invoke_with_call_chain'  
workers-1  | /usr/local/ruby-2.7.0/lib/ruby/gems/2.7.0/gems/rake-13.0.1/lib/rake/task.rb:188:in `invoke'  
workers-1  | /usr/local/ruby-2.7.0/lib/ruby/gems/2.7.0/gems/rake-13.0.1/lib/rake/application.rb:160:in `invoke_task'  
workers-1  | /usr/local/ruby-2.7.0/lib/ruby/gems/2.7.0/gems/rake-13.0.1/lib/rake/application.rb:116:in `block (2 levels) in top_level'  
workers-1  | /usr/local/ruby-2.7.0/lib/ruby/gems/2.7.0/gems/rake-13.0.1/lib/rake/application.rb:116:in `each'  
workers-1  | /usr/local/ruby-2.7.0/lib/ruby/gems/2.7.0/gems/rake-13.0.1/lib/rake/application.rb:116:in `block in top_level'  
workers-1  | /usr/local/ruby-2.7.0/lib/ruby/gems/2.7.0/gems/rake-13.0.1/lib/rake/application.rb:125:in `run_with_threads'  
workers-1  | /usr/local/ruby-2.7.0/lib/ruby/gems/2.7.0/gems/rake-13.0.1/lib/rake/application.rb:110:in `top_level'  
workers-1  | /usr/local/ruby-2.7.0/lib/ruby/gems/2.7.0/gems/rake-13.0.1/lib/rake/application.rb:83:in `block in run'  
workers-1  | /usr/local/ruby-2.7.0/lib/ruby/gems/2.7.0/gems/rake-13.0.1/lib/rake/application.rb:186:in `standard_exception_handling'  
workers-1  | /usr/local/ruby-2.7.0/lib/ruby/gems/2.7.0/gems/rake-13.0.1/lib/rake/application.rb:80:in `run'  
workers-1  | /usr/local/ruby-2.7.0/lib/ruby/gems/2.7.0/gems/rake-13.0.1/exe/rake:27:in `<top (required)>'  
workers-1  | /usr/local/ruby-2.7.0/bin/rake:23:in `load'  
workers-1  | /usr/local/ruby-2.7.0/bin/rake:23:in `<main>'
workers-1  | /opt/.gem/gems/redis-4.1.4/lib/redis/client.rb:126:in `call'
workers-1  | /opt/.gem/gems/redis-4.1.4/lib/redis.rb:915:in `block in get'
workers-1  | /opt/.gem/gems/redis-4.1.4/lib/redis.rb:51:in `block in synchronize'
workers-1  | /opt/.gem/gems/redis-4.1.4/lib/redis.rb:51:in `synchronize'
workers-1  | /opt/.gem/gems/redis-4.1.4/lib/redis.rb:914:in `get'
workers-1  | /opt/.gem/gems/redis-namespace-1.7.0/lib/redis/namespace.rb:469:in `call_with_namespace'
workers-1  | /opt/.gem/gems/redis-namespace-1.7.0/lib/redis/namespace.rb:349:in `block (2 levels) in <class:Namespace>'
workers-1  | /opt/.gem/gems/resque-2.0.0/lib/resque/data_store.rb:231:in `get_worker_payload'
workers-1  | /opt/.gem/gems/resque-2.0.0/lib/resque/worker.rb:752:in `job'
workers-1  | /opt/.gem/gems/resque-2.0.0/lib/resque/worker.rb:670:in `unregister_worker'
workers-1  | /opt/.gem/gems/resque-2.0.0/lib/resque/worker.rb:250:in `rescue in work'
workers-1  | /opt/.gem/gems/resque-2.0.0/lib/resque/worker.rb:231:in `work'
workers-1  | /opt/.gem/gems/resque-2.0.0/lib/resque/tasks.rb:20:in `block (2 levels) in <top (required)>'
workers-1  | 
workers-1  | Caused by:
workers-1  | Redis::CommandError: NOAUTH Authentication required.
workers-1  | /opt/.gem/gems/redis-4.1.4/lib/redis/client.rb:126:in `call'
workers-1  | /opt/.gem/gems/redis-4.1.4/lib/redis.rb:915:in `block in get'
workers-1  | /opt/.gem/gems/redis-4.1.4/lib/redis.rb:51:in `block in synchronize'
workers-1  | /opt/.gem/gems/redis-4.1.4/lib/redis.rb:51:in `synchronize'
workers-1  | /opt/.gem/gems/redis-4.1.4/lib/redis.rb:914:in `get'
workers-1  | /opt/.gem/gems/redis-namespace-1.7.0/lib/redis/namespace.rb:469:in `call_with_namespace'
workers-1  | /opt/.gem/gems/redis-namespace-1.7.0/lib/redis/namespace.rb:349:in `block (2 levels) in <class:Namespace>'
workers-1  | /opt/.gem/gems/resque-2.0.0/lib/resque/data_store.rb:231:in `get_worker_payload'
workers-1  | /opt/.gem/gems/resque-2.0.0/lib/resque/worker.rb:752:in `job'
workers-1  | /opt/.gem/gems/resque-2.0.0/lib/resque/worker.rb:670:in `unregister_worker'
workers-1  | /opt/.gem/gems/resque-2.0.0/lib/resque/worker.rb:250:in `rescue in work'
workers-1  | /opt/.gem/gems/resque-2.0.0/lib/resque/worker.rb:231:in `work'
workers-1  | /opt/.gem/gems/resque-2.0.0/lib/resque/tasks.rb:20:in `block (2 levels) in <top (required)>'
workers-1  | 
workers-1  | Caused by:
workers-1  | Redis::CommandError: NOAUTH Authentication required.
workers-1  | /opt/.gem/gems/redis-4.1.4/lib/redis/client.rb:126:in `call'
workers-1  | /opt/.gem/gems/redis-4.1.4/lib/redis.rb:2216:in `block in hdel'
workers-1  | /opt/.gem/gems/redis-4.1.4/lib/redis.rb:51:in `block in synchronize'
workers-1  | /opt/.gem/gems/redis-4.1.4/lib/redis.rb:51:in `synchronize'
workers-1  | /opt/.gem/gems/redis-4.1.4/lib/redis.rb:2215:in `hdel'
workers-1  | /opt/.gem/gems/redis-namespace-1.7.0/lib/redis/namespace.rb:469:in `call_with_namespace'
workers-1  | /opt/.gem/gems/redis-namespace-1.7.0/lib/redis/namespace.rb:349:in `block (2 levels) in <class:Namespace>'
workers-1  | /opt/.gem/gems/resque-2.0.0/lib/resque/data_store.rb:261:in `remove_heartbeat'
workers-1  | /opt/.gem/gems/resque-2.0.0/lib/resque/worker.rb:475:in `remove_heartbeat'
workers-1  | /opt/.gem/gems/resque-2.0.0/lib/resque/worker.rb:507:in `start_heartbeat'
workers-1  | /opt/.gem/gems/resque-2.0.0/lib/resque/worker.rb:360:in `startup'
workers-1  | /opt/.gem/gems/resque-2.0.0/lib/resque/worker.rb:233:in `work'
workers-1  | /opt/.gem/gems/resque-2.0.0/lib/resque/tasks.rb:20:in `block (2 levels) in <top (required)>'
workers-1  | Tasks: TOP => resque:work
workers-1  | (See full trace by running task with --trace)
workers-1  | rake aborted!
workers-1  | Redis::CommandError: NOAUTH Authentication required.
workers-1  | Original Exception (Redis::CommandError): NOAUTH Authentication required.
workers-1  |   /opt/.gem/gems/redis-4.1.4/lib/redis/client.rb:126:in `call'  
workers-1  | /opt/.gem/gems/redis-4.1.4/lib/redis.rb:2216:in `block in hdel'  
workers-1  | /opt/.gem/gems/redis-4.1.4/lib/redis.rb:51:in `block in synchronize'  
workers-1  | /usr/local/ruby-2.7.0/lib/ruby/2.7.0/monitor.rb:202:in `synchronize'  
workers-1  | /usr/local/ruby-2.7.0/lib/ruby/2.7.0/monitor.rb:202:in `mon_synchronize'  
workers-1  | /opt/.gem/gems/redis-4.1.4/lib/redis.rb:51:in `synchronize'  
workers-1  | /opt/.gem/gems/redis-4.1.4/lib/redis.rb:2215:in `hdel'  
workers-1  | /opt/.gem/gems/redis-namespace-1.7.0/lib/redis/namespace.rb:469:in `call_with_namespace'  
workers-1  | /opt/.gem/gems/redis-namespace-1.7.0/lib/redis/namespace.rb:349:in `block (2 levels) in <class:Namespace>'  
workers-1  | /opt/.gem/gems/resque-2.0.0/lib/resque/data_store.rb:261:in `remove_heartbeat'  
workers-1  | /usr/local/ruby-2.7.0/lib/ruby/2.7.0/forwardable.rb:235:in `remove_heartbeat'  
workers-1  | /opt/.gem/gems/resque-2.0.0/lib/resque/worker.rb:475:in `remove_heartbeat'  
workers-1  | /opt/.gem/gems/resque-2.0.0/lib/resque/worker.rb:507:in `start_heartbeat'  
workers-1  | /opt/.gem/gems/resque-2.0.0/lib/resque/worker.rb:360:in `startup'  
workers-1  | /opt/.gem/gems/resque-2.0.0/lib/resque/worker.rb:233:in `work'  
workers-1  | /opt/.gem/gems/resque-2.0.0/lib/resque/tasks.rb:20:in `block (2 levels) in <top (required)>'  
workers-1  | /usr/local/ruby-2.7.0/lib/ruby/gems/2.7.0/gems/rake-13.0.1/lib/rake/task.rb:281:in `block in execute'  
workers-1  | /usr/local/ruby-2.7.0/lib/ruby/gems/2.7.0/gems/rake-13.0.1/lib/rake/task.rb:281:in `each'  
workers-1  | /usr/local/ruby-2.7.0/lib/ruby/gems/2.7.0/gems/rake-13.0.1/lib/rake/task.rb:281:in `execute'  
workers-1  | /usr/local/ruby-2.7.0/lib/ruby/gems/2.7.0/gems/rake-13.0.1/lib/rake/task.rb:219:in `block in invoke_with_call_chain'  
workers-1  | /usr/local/ruby-2.7.0/lib/ruby/gems/2.7.0/gems/rake-13.0.1/lib/rake/task.rb:199:in `synchronize'  
workers-1  | /usr/local/ruby-2.7.0/lib/ruby/gems/2.7.0/gems/rake-13.0.1/lib/rake/task.rb:199:in `invoke_with_call_chain'  
workers-1  | /usr/local/ruby-2.7.0/lib/ruby/gems/2.7.0/gems/rake-13.0.1/lib/rake/task.rb:188:in `invoke'  
workers-1  | /usr/local/ruby-2.7.0/lib/ruby/gems/2.7.0/gems/rake-13.0.1/lib/rake/application.rb:160:in `invoke_task'  
workers-1  | /usr/local/ruby-2.7.0/lib/ruby/gems/2.7.0/gems/rake-13.0.1/lib/rake/application.rb:116:in `block (2 levels) in top_level'  
workers-1  | /usr/local/ruby-2.7.0/lib/ruby/gems/2.7.0/gems/rake-13.0.1/lib/rake/application.rb:116:in `each'  
workers-1  | /usr/local/ruby-2.7.0/lib/ruby/gems/2.7.0/gems/rake-13.0.1/lib/rake/application.rb:116:in `block in top_level'  
workers-1  | /usr/local/ruby-2.7.0/lib/ruby/gems/2.7.0/gems/rake-13.0.1/lib/rake/application.rb:125:in `run_with_threads'  
workers-1  | /usr/local/ruby-2.7.0/lib/ruby/gems/2.7.0/gems/rake-13.0.1/lib/rake/application.rb:110:in `top_level'  
workers-1  | /usr/local/ruby-2.7.0/lib/ruby/gems/2.7.0/gems/rake-13.0.1/lib/rake/application.rb:83:in `block in run'  
workers-1  | /usr/local/ruby-2.7.0/lib/ruby/gems/2.7.0/gems/rake-13.0.1/lib/rake/application.rb:186:in `standard_exception_handling'  
workers-1  | /usr/local/ruby-2.7.0/lib/ruby/gems/2.7.0/gems/rake-13.0.1/lib/rake/application.rb:80:in `run'  
workers-1  | /usr/local/ruby-2.7.0/lib/ruby/gems/2.7.0/gems/rake-13.0.1/exe/rake:27:in `<top (required)>'  
workers-1  | /usr/local/ruby-2.7.0/bin/rake:23:in `load'  
workers-1  | /usr/local/ruby-2.7.0/bin/rake:23:in `<main>'
workers-1  | /opt/.gem/gems/redis-4.1.4/lib/redis/client.rb:126:in `call'
workers-1  | /opt/.gem/gems/redis-4.1.4/lib/redis.rb:915:in `block in get'
workers-1  | /opt/.gem/gems/redis-4.1.4/lib/redis.rb:51:in `block in synchronize'
workers-1  | /opt/.gem/gems/redis-4.1.4/lib/redis.rb:51:in `synchronize'
workers-1  | /opt/.gem/gems/redis-4.1.4/lib/redis.rb:914:in `get'
workers-1  | /opt/.gem/gems/redis-namespace-1.7.0/lib/redis/namespace.rb:469:in `call_with_namespace'
workers-1  | /opt/.gem/gems/redis-namespace-1.7.0/lib/redis/namespace.rb:349:in `block (2 levels) in <class:Namespace>'
workers-1  | /opt/.gem/gems/resque-2.0.0/lib/resque/data_store.rb:231:in `get_worker_payload'
workers-1  | /opt/.gem/gems/resque-2.0.0/lib/resque/worker.rb:752:in `job'
workers-1  | /opt/.gem/gems/resque-2.0.0/lib/resque/worker.rb:670:in `unregister_worker'
workers-1  | /opt/.gem/gems/resque-2.0.0/lib/resque/worker.rb:250:in `rescue in work'
workers-1  | /opt/.gem/gems/resque-2.0.0/lib/resque/worker.rb:231:in `work'
workers-1  | /opt/.gem/gems/resque-2.0.0/lib/resque/tasks.rb:20:in `block (2 levels) in <top (required)>'
workers-1  | 
workers-1  | Caused by:
workers-1  | Redis::CommandError: NOAUTH Authentication required.
workers-1  | /opt/.gem/gems/redis-4.1.4/lib/redis/client.rb:126:in `call'
workers-1  | /opt/.gem/gems/redis-4.1.4/lib/redis.rb:915:in `block in get'
workers-1  | /opt/.gem/gems/redis-4.1.4/lib/redis.rb:51:in `block in synchronize'
workers-1  | /opt/.gem/gems/redis-4.1.4/lib/redis.rb:51:in `synchronize'
workers-1  | /opt/.gem/gems/redis-4.1.4/lib/redis.rb:914:in `get'
workers-1  | /opt/.gem/gems/redis-namespace-1.7.0/lib/redis/namespace.rb:469:in `call_with_namespace'
workers-1  | /opt/.gem/gems/redis-namespace-1.7.0/lib/redis/namespace.rb:349:in `block (2 levels) in <class:Namespace>'
workers-1  | /opt/.gem/gems/resque-2.0.0/lib/resque/data_store.rb:231:in `get_worker_payload'
workers-1  | /opt/.gem/gems/resque-2.0.0/lib/resque/worker.rb:752:in `job'
workers-1  | /opt/.gem/gems/resque-2.0.0/lib/resque/worker.rb:670:in `unregister_worker'
workers-1  | /opt/.gem/gems/resque-2.0.0/lib/resque/worker.rb:250:in `rescue in work'
workers-1  | /opt/.gem/gems/resque-2.0.0/lib/resque/worker.rb:231:in `work'
workers-1  | /opt/.gem/gems/resque-2.0.0/lib/resque/tasks.rb:20:in `block (2 levels) in <top (required)>'
workers-1  | 
workers-1  | Caused by:
workers-1  | Redis::CommandError: NOAUTH Authentication required.
workers-1  | /opt/.gem/gems/redis-4.1.4/lib/redis/client.rb:126:in `call'
workers-1  | /opt/.gem/gems/redis-4.1.4/lib/redis.rb:2216:in `block in hdel'
workers-1  | /opt/.gem/gems/redis-4.1.4/lib/redis.rb:51:in `block in synchronize'
workers-1  | /opt/.gem/gems/redis-4.1.4/lib/redis.rb:51:in `synchronize'
workers-1  | /opt/.gem/gems/redis-4.1.4/lib/redis.rb:2215:in `hdel'
workers-1  | /opt/.gem/gems/redis-namespace-1.7.0/lib/redis/namespace.rb:469:in `call_with_namespace'
workers-1  | /opt/.gem/gems/redis-namespace-1.7.0/lib/redis/namespace.rb:349:in `block (2 levels) in <class:Namespace>'
workers-1  | /opt/.gem/gems/resque-2.0.0/lib/resque/data_store.rb:261:in `remove_heartbeat'
workers-1  | /opt/.gem/gems/resque-2.0.0/lib/resque/worker.rb:475:in `remove_heartbeat'
workers-1  | /opt/.gem/gems/resque-2.0.0/lib/resque/worker.rb:507:in `start_heartbeat'
workers-1  | /opt/.gem/gems/resque-2.0.0/lib/resque/worker.rb:360:in `startup'
workers-1  | /opt/.gem/gems/resque-2.0.0/lib/resque/worker.rb:233:in `work'
workers-1  | /opt/.gem/gems/resque-2.0.0/lib/resque/tasks.rb:20:in `block (2 levels) in <top (required)>'
workers-1  | Tasks: TOP => resque:work
workers-1  | (See full trace by running task with --trace)
workers-1  | rake aborted!
workers-1  | Redis::CommandError: NOAUTH Authentication required.
workers-1  | Original Exception (Redis::CommandError): NOAUTH Authentication required.
workers-1  |   /opt/.gem/gems/redis-4.1.4/lib/redis/client.rb:126:in `call'  
workers-1  | /opt/.gem/gems/redis-4.1.4/lib/redis.rb:2216:in `block in hdel'  
workers-1  | /opt/.gem/gems/redis-4.1.4/lib/redis.rb:51:in `block in synchronize'  
workers-1  | /usr/local/ruby-2.7.0/lib/ruby/2.7.0/monitor.rb:202:in `synchronize'  
workers-1  | /usr/local/ruby-2.7.0/lib/ruby/2.7.0/monitor.rb:202:in `mon_synchronize'  
workers-1  | /opt/.gem/gems/redis-4.1.4/lib/redis.rb:51:in `synchronize'  
workers-1  | /opt/.gem/gems/redis-4.1.4/lib/redis.rb:2215:in `hdel'  
workers-1  | /opt/.gem/gems/redis-namespace-1.7.0/lib/redis/namespace.rb:469:in `call_with_namespace'  
workers-1  | /opt/.gem/gems/redis-namespace-1.7.0/lib/redis/namespace.rb:349:in `block (2 levels) in <class:Namespace>'  
workers-1  | /opt/.gem/gems/resque-2.0.0/lib/resque/data_store.rb:261:in `remove_heartbeat'  
workers-1  | /usr/local/ruby-2.7.0/lib/ruby/2.7.0/forwardable.rb:235:in `remove_heartbeat'  
workers-1  | /opt/.gem/gems/resque-2.0.0/lib/resque/worker.rb:475:in `remove_heartbeat'  
workers-1  | /opt/.gem/gems/resque-2.0.0/lib/resque/worker.rb:507:in `start_heartbeat'  
workers-1  | /opt/.gem/gems/resque-2.0.0/lib/resque/worker.rb:360:in `startup'  
workers-1  | /opt/.gem/gems/resque-2.0.0/lib/resque/worker.rb:233:in `work'  
workers-1  | /opt/.gem/gems/resque-2.0.0/lib/resque/tasks.rb:20:in `block (2 levels) in <top (required)>'  
workers-1  | /usr/local/ruby-2.7.0/lib/ruby/gems/2.7.0/gems/rake-13.0.1/lib/rake/task.rb:281:in `block in execute'  
workers-1  | /usr/local/ruby-2.7.0/lib/ruby/gems/2.7.0/gems/rake-13.0.1/lib/rake/task.rb:281:in `each'  
workers-1  | /usr/local/ruby-2.7.0/lib/ruby/gems/2.7.0/gems/rake-13.0.1/lib/rake/task.rb:281:in `execute'  
workers-1  | /usr/local/ruby-2.7.0/lib/ruby/gems/2.7.0/gems/rake-13.0.1/lib/rake/task.rb:219:in `block in invoke_with_call_chain'  
workers-1  | /usr/local/ruby-2.7.0/lib/ruby/gems/2.7.0/gems/rake-13.0.1/lib/rake/task.rb:199:in `synchronize'  
workers-1  | /usr/local/ruby-2.7.0/lib/ruby/gems/2.7.0/gems/rake-13.0.1/lib/rake/task.rb:199:in `invoke_with_call_chain'  
workers-1  | /usr/local/ruby-2.7.0/lib/ruby/gems/2.7.0/gems/rake-13.0.1/lib/rake/task.rb:188:in `invoke'  
workers-1  | /usr/local/ruby-2.7.0/lib/ruby/gems/2.7.0/gems/rake-13.0.1/lib/rake/application.rb:160:in `invoke_task'  
workers-1  | /usr/local/ruby-2.7.0/lib/ruby/gems/2.7.0/gems/rake-13.0.1/lib/rake/application.rb:116:in `block (2 levels) in top_level'  
workers-1  | /usr/local/ruby-2.7.0/lib/ruby/gems/2.7.0/gems/rake-13.0.1/lib/rake/application.rb:116:in `each'  
workers-1  | /usr/local/ruby-2.7.0/lib/ruby/gems/2.7.0/gems/rake-13.0.1/lib/rake/application.rb:116:in `block in top_level'  
workers-1  | /usr/local/ruby-2.7.0/lib/ruby/gems/2.7.0/gems/rake-13.0.1/lib/rake/application.rb:125:in `run_with_threads'  
workers-1  | /usr/local/ruby-2.7.0/lib/ruby/gems/2.7.0/gems/rake-13.0.1/lib/rake/application.rb:110:in `top_level'  
workers-1  | /usr/local/ruby-2.7.0/lib/ruby/gems/2.7.0/gems/rake-13.0.1/lib/rake/application.rb:83:in `block in run'  
workers-1  | /usr/local/ruby-2.7.0/lib/ruby/gems/2.7.0/gems/rake-13.0.1/lib/rake/application.rb:186:in `standard_exception_handling'  
workers-1  | /usr/local/ruby-2.7.0/lib/ruby/gems/2.7.0/gems/rake-13.0.1/lib/rake/application.rb:80:in `run'  
workers-1  | /usr/local/ruby-2.7.0/lib/ruby/gems/2.7.0/gems/rake-13.0.1/exe/rake:27:in `<top (required)>'  
workers-1  | /usr/local/ruby-2.7.0/bin/rake:23:in `load'  
workers-1  | /usr/local/ruby-2.7.0/bin/rake:23:in `<main>'
workers-1  | /opt/.gem/gems/redis-4.1.4/lib/redis/client.rb:126:in `call'
workers-1  | /opt/.gem/gems/redis-4.1.4/lib/redis.rb:915:in `block in get'
workers-1  | /opt/.gem/gems/redis-4.1.4/lib/redis.rb:51:in `block in synchronize'
workers-1  | /opt/.gem/gems/redis-4.1.4/lib/redis.rb:51:in `synchronize'
workers-1  | /opt/.gem/gems/redis-4.1.4/lib/redis.rb:914:in `get'
workers-1  | /opt/.gem/gems/redis-namespace-1.7.0/lib/redis/namespace.rb:469:in `call_with_namespace'
workers-1  | /opt/.gem/gems/redis-namespace-1.7.0/lib/redis/namespace.rb:349:in `block (2 levels) in <class:Namespace>'
workers-1  | /opt/.gem/gems/resque-2.0.0/lib/resque/data_store.rb:231:in `get_worker_payload'
workers-1  | /opt/.gem/gems/resque-2.0.0/lib/resque/worker.rb:752:in `job'
workers-1  | /opt/.gem/gems/resque-2.0.0/lib/resque/worker.rb:670:in `unregister_worker'
workers-1  | /opt/.gem/gems/resque-2.0.0/lib/resque/worker.rb:250:in `rescue in work'
workers-1  | /opt/.gem/gems/resque-2.0.0/lib/resque/worker.rb:231:in `work'
workers-1  | /opt/.gem/gems/resque-2.0.0/lib/resque/tasks.rb:20:in `block (2 levels) in <top (required)>'
workers-1  | 
workers-1  | Caused by:
workers-1  | Redis::CommandError: NOAUTH Authentication required.
workers-1  | /opt/.gem/gems/redis-4.1.4/lib/redis/client.rb:126:in `call'
workers-1  | /opt/.gem/gems/redis-4.1.4/lib/redis.rb:915:in `block in get'
workers-1  | /opt/.gem/gems/redis-4.1.4/lib/redis.rb:51:in `block in synchronize'
workers-1  | /opt/.gem/gems/redis-4.1.4/lib/redis.rb:51:in `synchronize'
workers-1  | /opt/.gem/gems/redis-4.1.4/lib/redis.rb:914:in `get'
workers-1  | /opt/.gem/gems/redis-namespace-1.7.0/lib/redis/namespace.rb:469:in `call_with_namespace'
workers-1  | /opt/.gem/gems/redis-namespace-1.7.0/lib/redis/namespace.rb:349:in `block (2 levels) in <class:Namespace>'
workers-1  | /opt/.gem/gems/resque-2.0.0/lib/resque/data_store.rb:231:in `get_worker_payload'
workers-1  | /opt/.gem/gems/resque-2.0.0/lib/resque/worker.rb:752:in `job'
workers-1  | /opt/.gem/gems/resque-2.0.0/lib/resque/worker.rb:670:in `unregister_worker'
workers-1  | /opt/.gem/gems/resque-2.0.0/lib/resque/worker.rb:250:in `rescue in work'
workers-1  | /opt/.gem/gems/resque-2.0.0/lib/resque/worker.rb:231:in `work'
workers-1  | /opt/.gem/gems/resque-2.0.0/lib/resque/tasks.rb:20:in `block (2 levels) in <top (required)>'
workers-1  | 
workers-1  | Caused by:
workers-1  | Redis::CommandError: NOAUTH Authentication required.
workers-1  | /opt/.gem/gems/redis-4.1.4/lib/redis/client.rb:126:in `call'
workers-1  | /opt/.gem/gems/redis-4.1.4/lib/redis.rb:2216:in `block in hdel'
workers-1  | /opt/.gem/gems/redis-4.1.4/lib/redis.rb:51:in `block in synchronize'
workers-1  | /opt/.gem/gems/redis-4.1.4/lib/redis.rb:51:in `synchronize'
workers-1  | /opt/.gem/gems/redis-4.1.4/lib/redis.rb:2215:in `hdel'
workers-1  | /opt/.gem/gems/redis-namespace-1.7.0/lib/redis/namespace.rb:469:in `call_with_namespace'
workers-1  | /opt/.gem/gems/redis-namespace-1.7.0/lib/redis/namespace.rb:349:in `block (2 levels) in <class:Namespace>'
workers-1  | /opt/.gem/gems/resque-2.0.0/lib/resque/data_store.rb:261:in `remove_heartbeat'
workers-1  | /opt/.gem/gems/resque-2.0.0/lib/resque/worker.rb:475:in `remove_heartbeat'
workers-1  | /opt/.gem/gems/resque-2.0.0/lib/resque/worker.rb:507:in `start_heartbeat'
workers-1  | /opt/.gem/gems/resque-2.0.0/lib/resque/worker.rb:360:in `startup'
workers-1  | /opt/.gem/gems/resque-2.0.0/lib/resque/worker.rb:233:in `work'
workers-1  | /opt/.gem/gems/resque-2.0.0/lib/resque/tasks.rb:20:in `block (2 levels) in <top (required)>'
workers-1  | Tasks: TOP => resque:work
workers-1  | (See full trace by running task with --trace)
workers-1  | rake aborted!
workers-1  | Redis::CommandError: NOAUTH Authentication required.
workers-1  | Original Exception (Redis::CommandError): NOAUTH Authentication required.
workers-1  |   /opt/.gem/gems/redis-4.1.4/lib/redis/client.rb:126:in `call'  
workers-1  | /opt/.gem/gems/redis-4.1.4/lib/redis.rb:2216:in `block in hdel'  
workers-1  | /opt/.gem/gems/redis-4.1.4/lib/redis.rb:51:in `block in synchronize'  
workers-1  | /usr/local/ruby-2.7.0/lib/ruby/2.7.0/monitor.rb:202:in `synchronize'  
workers-1  | /usr/local/ruby-2.7.0/lib/ruby/2.7.0/monitor.rb:202:in `mon_synchronize'  
workers-1  | /opt/.gem/gems/redis-4.1.4/lib/redis.rb:51:in `synchronize'  
workers-1  | /opt/.gem/gems/redis-4.1.4/lib/redis.rb:2215:in `hdel'  
workers-1  | /opt/.gem/gems/redis-namespace-1.7.0/lib/redis/namespace.rb:469:in `call_with_namespace'  
workers-1  | /opt/.gem/gems/redis-namespace-1.7.0/lib/redis/namespace.rb:349:in `block (2 levels) in <class:Namespace>'  
workers-1  | /opt/.gem/gems/resque-2.0.0/lib/resque/data_store.rb:261:in `remove_heartbeat'  
workers-1  | /usr/local/ruby-2.7.0/lib/ruby/2.7.0/forwardable.rb:235:in `remove_heartbeat'  
workers-1  | /opt/.gem/gems/resque-2.0.0/lib/resque/worker.rb:475:in `remove_heartbeat'  
workers-1  | /opt/.gem/gems/resque-2.0.0/lib/resque/worker.rb:507:in `start_heartbeat'  
workers-1  | /opt/.gem/gems/resque-2.0.0/lib/resque/worker.rb:360:in `startup'  
workers-1  | /opt/.gem/gems/resque-2.0.0/lib/resque/worker.rb:233:in `work'  
workers-1  | /opt/.gem/gems/resque-2.0.0/lib/resque/tasks.rb:20:in `block (2 levels) in <top (required)>'  
workers-1  | /usr/local/ruby-2.7.0/lib/ruby/gems/2.7.0/gems/rake-13.0.1/lib/rake/task.rb:281:in `block in execute'  
workers-1  | /usr/local/ruby-2.7.0/lib/ruby/gems/2.7.0/gems/rake-13.0.1/lib/rake/task.rb:281:in `each'  
workers-1  | /usr/local/ruby-2.7.0/lib/ruby/gems/2.7.0/gems/rake-13.0.1/lib/rake/task.rb:281:in `execute'  
workers-1  | /usr/local/ruby-2.7.0/lib/ruby/gems/2.7.0/gems/rake-13.0.1/lib/rake/task.rb:219:in `block in invoke_with_call_chain'  
workers-1  | /usr/local/ruby-2.7.0/lib/ruby/gems/2.7.0/gems/rake-13.0.1/lib/rake/task.rb:199:in `synchronize'  
workers-1  | /usr/local/ruby-2.7.0/lib/ruby/gems/2.7.0/gems/rake-13.0.1/lib/rake/task.rb:199:in `invoke_with_call_chain'  
workers-1  | /usr/local/ruby-2.7.0/lib/ruby/gems/2.7.0/gems/rake-13.0.1/lib/rake/task.rb:188:in `invoke'  
workers-1  | /usr/local/ruby-2.7.0/lib/ruby/gems/2.7.0/gems/rake-13.0.1/lib/rake/application.rb:160:in `invoke_task'  
workers-1  | /usr/local/ruby-2.7.0/lib/ruby/gems/2.7.0/gems/rake-13.0.1/lib/rake/application.rb:116:in `block (2 levels) in top_level'  
workers-1  | /usr/local/ruby-2.7.0/lib/ruby/gems/2.7.0/gems/rake-13.0.1/lib/rake/application.rb:116:in `each'  
workers-1  | /usr/local/ruby-2.7.0/lib/ruby/gems/2.7.0/gems/rake-13.0.1/lib/rake/application.rb:116:in `block in top_level'  
workers-1  | /usr/local/ruby-2.7.0/lib/ruby/gems/2.7.0/gems/rake-13.0.1/lib/rake/application.rb:125:in `run_with_threads'  
workers-1  | /usr/local/ruby-2.7.0/lib/ruby/gems/2.7.0/gems/rake-13.0.1/lib/rake/application.rb:110:in `top_level'  
workers-1  | /usr/local/ruby-2.7.0/lib/ruby/gems/2.7.0/gems/rake-13.0.1/lib/rake/application.rb:83:in `block in run'  
workers-1  | /usr/local/ruby-2.7.0/lib/ruby/gems/2.7.0/gems/rake-13.0.1/lib/rake/application.rb:186:in `standard_exception_handling'  
workers-1  | /usr/local/ruby-2.7.0/lib/ruby/gems/2.7.0/gems/rake-13.0.1/lib/rake/application.rb:80:in `run'  
workers-1  | /usr/local/ruby-2.7.0/lib/ruby/gems/2.7.0/gems/rake-13.0.1/exe/rake:27:in `<top (required)>'  
workers-1  | /usr/local/ruby-2.7.0/bin/rake:23:in `load'  
workers-1  | /usr/local/ruby-2.7.0/bin/rake:23:in `<main>'
workers-1  | /opt/.gem/gems/redis-4.1.4/lib/redis/client.rb:126:in `call'
workers-1  | /opt/.gem/gems/redis-4.1.4/lib/redis.rb:915:in `block in get'
workers-1  | /opt/.gem/gems/redis-4.1.4/lib/redis.rb:51:in `block in synchronize'
workers-1  | /opt/.gem/gems/redis-4.1.4/lib/redis.rb:51:in `synchronize'
workers-1  | /opt/.gem/gems/redis-4.1.4/lib/redis.rb:914:in `get'
workers-1  | /opt/.gem/gems/redis-namespace-1.7.0/lib/redis/namespace.rb:469:in `call_with_namespace'
workers-1  | /opt/.gem/gems/redis-namespace-1.7.0/lib/redis/namespace.rb:349:in `block (2 levels) in <class:Namespace>'
workers-1  | /opt/.gem/gems/resque-2.0.0/lib/resque/data_store.rb:231:in `get_worker_payload'
workers-1  | /opt/.gem/gems/resque-2.0.0/lib/resque/worker.rb:752:in `job'
workers-1  | /opt/.gem/gems/resque-2.0.0/lib/resque/worker.rb:670:in `unregister_worker'
workers-1  | /opt/.gem/gems/resque-2.0.0/lib/resque/worker.rb:250:in `rescue in work'
workers-1  | /opt/.gem/gems/resque-2.0.0/lib/resque/worker.rb:231:in `work'
workers-1  | /opt/.gem/gems/resque-2.0.0/lib/resque/tasks.rb:20:in `block (2 levels) in <top (required)>'
workers-1  | 
workers-1  | Caused by:
workers-1  | Redis::CommandError: NOAUTH Authentication required.
workers-1  | /opt/.gem/gems/redis-4.1.4/lib/redis/client.rb:126:in `call'
workers-1  | /opt/.gem/gems/redis-4.1.4/lib/redis.rb:915:in `block in get'
workers-1  | /opt/.gem/gems/redis-4.1.4/lib/redis.rb:51:in `block in synchronize'
workers-1  | /opt/.gem/gems/redis-4.1.4/lib/redis.rb:51:in `synchronize'
workers-1  | /opt/.gem/gems/redis-4.1.4/lib/redis.rb:914:in `get'
workers-1  | /opt/.gem/gems/redis-namespace-1.7.0/lib/redis/namespace.rb:469:in `call_with_namespace'
workers-1  | /opt/.gem/gems/redis-namespace-1.7.0/lib/redis/namespace.rb:349:in `block (2 levels) in <class:Namespace>'
workers-1  | /opt/.gem/gems/resque-2.0.0/lib/resque/data_store.rb:231:in `get_worker_payload'
workers-1  | /opt/.gem/gems/resque-2.0.0/lib/resque/worker.rb:752:in `job'
workers-1  | /opt/.gem/gems/resque-2.0.0/lib/resque/worker.rb:670:in `unregister_worker'
workers-1  | /opt/.gem/gems/resque-2.0.0/lib/resque/worker.rb:250:in `rescue in work'
workers-1  | /opt/.gem/gems/resque-2.0.0/lib/resque/worker.rb:231:in `work'
workers-1  | /opt/.gem/gems/resque-2.0.0/lib/resque/tasks.rb:20:in `block (2 levels) in <top (required)>'
workers-1  | 
workers-1  | Caused by:
workers-1  | Redis::CommandError: NOAUTH Authentication required.
workers-1  | /opt/.gem/gems/redis-4.1.4/lib/redis/client.rb:126:in `call'
workers-1  | /opt/.gem/gems/redis-4.1.4/lib/redis.rb:2216:in `block in hdel'
workers-1  | /opt/.gem/gems/redis-4.1.4/lib/redis.rb:51:in `block in synchronize'
workers-1  | /opt/.gem/gems/redis-4.1.4/lib/redis.rb:51:in `synchronize'
workers-1  | /opt/.gem/gems/redis-4.1.4/lib/redis.rb:2215:in `hdel'
workers-1  | /opt/.gem/gems/redis-namespace-1.7.0/lib/redis/namespace.rb:469:in `call_with_namespace'
workers-1  | /opt/.gem/gems/redis-namespace-1.7.0/lib/redis/namespace.rb:349:in `block (2 levels) in <class:Namespace>'
workers-1  | /opt/.gem/gems/resque-2.0.0/lib/resque/data_store.rb:261:in `remove_heartbeat'
workers-1  | /opt/.gem/gems/resque-2.0.0/lib/resque/worker.rb:475:in `remove_heartbeat'
workers-1  | /opt/.gem/gems/resque-2.0.0/lib/resque/worker.rb:507:in `start_heartbeat'
workers-1  | /opt/.gem/gems/resque-2.0.0/lib/resque/worker.rb:360:in `startup'
workers-1  | /opt/.gem/gems/resque-2.0.0/lib/resque/worker.rb:233:in `work'
workers-1  | /opt/.gem/gems/resque-2.0.0/lib/resque/tasks.rb:20:in `block (2 levels) in <top (required)>'
workers-1  | Tasks: TOP => resque:work
workers-1  | (See full trace by running task with --trace)
workers-1  | rake aborted!
workers-1  | Redis::CommandError: NOAUTH Authentication required.
workers-1  | Original Exception (Redis::CommandError): NOAUTH Authentication required.
workers-1  |   /opt/.gem/gems/redis-4.1.4/lib/redis/client.rb:126:in `call'  
workers-1  | /opt/.gem/gems/redis-4.1.4/lib/redis.rb:2216:in `block in hdel'  
workers-1  | /opt/.gem/gems/redis-4.1.4/lib/redis.rb:51:in `block in synchronize'  
workers-1  | /usr/local/ruby-2.7.0/lib/ruby/2.7.0/monitor.rb:202:in `synchronize'  
workers-1  | /usr/local/ruby-2.7.0/lib/ruby/2.7.0/monitor.rb:202:in `mon_synchronize'  
workers-1  | /opt/.gem/gems/redis-4.1.4/lib/redis.rb:51:in `synchronize'  
workers-1  | /opt/.gem/gems/redis-4.1.4/lib/redis.rb:2215:in `hdel'  
workers-1  | /opt/.gem/gems/redis-namespace-1.7.0/lib/redis/namespace.rb:469:in `call_with_namespace'  
workers-1  | /opt/.gem/gems/redis-namespace-1.7.0/lib/redis/namespace.rb:349:in `block (2 levels) in <class:Namespace>'  
workers-1  | /opt/.gem/gems/resque-2.0.0/lib/resque/data_store.rb:261:in `remove_heartbeat'  
workers-1  | /usr/local/ruby-2.7.0/lib/ruby/2.7.0/forwardable.rb:235:in `remove_heartbeat'  
workers-1  | /opt/.gem/gems/resque-2.0.0/lib/resque/worker.rb:475:in `remove_heartbeat'  
workers-1  | /opt/.gem/gems/resque-2.0.0/lib/resque/worker.rb:507:in `start_heartbeat'  
workers-1  | /opt/.gem/gems/resque-2.0.0/lib/resque/worker.rb:360:in `startup'  
workers-1  | /opt/.gem/gems/resque-2.0.0/lib/resque/worker.rb:233:in `work'  
workers-1  | /opt/.gem/gems/resque-2.0.0/lib/resque/tasks.rb:20:in `block (2 levels) in <top (required)>'  
workers-1  | /usr/local/ruby-2.7.0/lib/ruby/gems/2.7.0/gems/rake-13.0.1/lib/rake/task.rb:281:in `block in execute'  
workers-1  | /usr/local/ruby-2.7.0/lib/ruby/gems/2.7.0/gems/rake-13.0.1/lib/rake/task.rb:281:in `each'  
workers-1  | /usr/local/ruby-2.7.0/lib/ruby/gems/2.7.0/gems/rake-13.0.1/lib/rake/task.rb:281:in `execute'  
workers-1  | /usr/local/ruby-2.7.0/lib/ruby/gems/2.7.0/gems/rake-13.0.1/lib/rake/task.rb:219:in `block in invoke_with_call_chain'  
workers-1  | /usr/local/ruby-2.7.0/lib/ruby/gems/2.7.0/gems/rake-13.0.1/lib/rake/task.rb:199:in `synchronize'  
workers-1  | /usr/local/ruby-2.7.0/lib/ruby/gems/2.7.0/gems/rake-13.0.1/lib/rake/task.rb:199:in `invoke_with_call_chain'  
workers-1  | /usr/local/ruby-2.7.0/lib/ruby/gems/2.7.0/gems/rake-13.0.1/lib/rake/task.rb:188:in `invoke'  
workers-1  | /usr/local/ruby-2.7.0/lib/ruby/gems/2.7.0/gems/rake-13.0.1/lib/rake/application.rb:160:in `invoke_task'  
workers-1  | /usr/local/ruby-2.7.0/lib/ruby/gems/2.7.0/gems/rake-13.0.1/lib/rake/application.rb:116:in `block (2 levels) in top_level'  
workers-1  | /usr/local/ruby-2.7.0/lib/ruby/gems/2.7.0/gems/rake-13.0.1/lib/rake/application.rb:116:in `each'  
workers-1  | /usr/local/ruby-2.7.0/lib/ruby/gems/2.7.0/gems/rake-13.0.1/lib/rake/application.rb:116:in `block in top_level'  
workers-1  | /usr/local/ruby-2.7.0/lib/ruby/gems/2.7.0/gems/rake-13.0.1/lib/rake/application.rb:125:in `run_with_threads'  
workers-1  | /usr/local/ruby-2.7.0/lib/ruby/gems/2.7.0/gems/rake-13.0.1/lib/rake/application.rb:110:in `top_level'  
workers-1  | /usr/local/ruby-2.7.0/lib/ruby/gems/2.7.0/gems/rake-13.0.1/lib/rake/application.rb:83:in `block in run'  
workers-1  | /usr/local/ruby-2.7.0/lib/ruby/gems/2.7.0/gems/rake-13.0.1/lib/rake/application.rb:186:in `standard_exception_handling'  
workers-1  | /usr/local/ruby-2.7.0/lib/ruby/gems/2.7.0/gems/rake-13.0.1/lib/rake/application.rb:80:in `run'  
workers-1  | /usr/local/ruby-2.7.0/lib/ruby/gems/2.7.0/gems/rake-13.0.1/exe/rake:27:in `<top (required)>'  
workers-1  | /usr/local/ruby-2.7.0/bin/rake:23:in `load'  
workers-1  | /usr/local/ruby-2.7.0/bin/rake:23:in `<main>'
workers-1  | /opt/.gem/gems/redis-4.1.4/lib/redis/client.rb:126:in `call'
workers-1  | /opt/.gem/gems/redis-4.1.4/lib/redis.rb:915:in `block in get'
workers-1  | /opt/.gem/gems/redis-4.1.4/lib/redis.rb:51:in `block in synchronize'
workers-1  | /opt/.gem/gems/redis-4.1.4/lib/redis.rb:51:in `synchronize'
workers-1  | /opt/.gem/gems/redis-4.1.4/lib/redis.rb:914:in `get'
workers-1  | /opt/.gem/gems/redis-namespace-1.7.0/lib/redis/namespace.rb:469:in `call_with_namespace'
workers-1  | /opt/.gem/gems/redis-namespace-1.7.0/lib/redis/namespace.rb:349:in `block (2 levels) in <class:Namespace>'
workers-1  | /opt/.gem/gems/resque-2.0.0/lib/resque/data_store.rb:231:in `get_worker_payload'
workers-1  | /opt/.gem/gems/resque-2.0.0/lib/resque/worker.rb:752:in `job'
workers-1  | /opt/.gem/gems/resque-2.0.0/lib/resque/worker.rb:670:in `unregister_worker'
workers-1  | /opt/.gem/gems/resque-2.0.0/lib/resque/worker.rb:250:in `rescue in work'
workers-1  | /opt/.gem/gems/resque-2.0.0/lib/resque/worker.rb:231:in `work'
workers-1  | /opt/.gem/gems/resque-2.0.0/lib/resque/tasks.rb:20:in `block (2 levels) in <top (required)>'
workers-1  | 
workers-1  | Caused by:
workers-1  | Redis::CommandError: NOAUTH Authentication required.
workers-1  | /opt/.gem/gems/redis-4.1.4/lib/redis/client.rb:126:in `call'
workers-1  | /opt/.gem/gems/redis-4.1.4/lib/redis.rb:915:in `block in get'
workers-1  | /opt/.gem/gems/redis-4.1.4/lib/redis.rb:51:in `block in synchronize'
workers-1  | /opt/.gem/gems/redis-4.1.4/lib/redis.rb:51:in `synchronize'
workers-1  | /opt/.gem/gems/redis-4.1.4/lib/redis.rb:914:in `get'
workers-1  | /opt/.gem/gems/redis-namespace-1.7.0/lib/redis/namespace.rb:469:in `call_with_namespace'
workers-1  | /opt/.gem/gems/redis-namespace-1.7.0/lib/redis/namespace.rb:349:in `block (2 levels) in <class:Namespace>'
workers-1  | /opt/.gem/gems/resque-2.0.0/lib/resque/data_store.rb:231:in `get_worker_payload'
workers-1  | /opt/.gem/gems/resque-2.0.0/lib/resque/worker.rb:752:in `job'
workers-1  | /opt/.gem/gems/resque-2.0.0/lib/resque/worker.rb:670:in `unregister_worker'
workers-1  | /opt/.gem/gems/resque-2.0.0/lib/resque/worker.rb:250:in `rescue in work'
workers-1  | /opt/.gem/gems/resque-2.0.0/lib/resque/worker.rb:231:in `work'
workers-1  | /opt/.gem/gems/resque-2.0.0/lib/resque/tasks.rb:20:in `block (2 levels) in <top (required)>'
workers-1  | 
workers-1  | Caused by:
workers-1  | Redis::CommandError: NOAUTH Authentication required.
workers-1  | /opt/.gem/gems/redis-4.1.4/lib/redis/client.rb:126:in `call'
workers-1  | /opt/.gem/gems/redis-4.1.4/lib/redis.rb:2216:in `block in hdel'
workers-1  | /opt/.gem/gems/redis-4.1.4/lib/redis.rb:51:in `block in synchronize'
workers-1  | /opt/.gem/gems/redis-4.1.4/lib/redis.rb:51:in `synchronize'
workers-1  | /opt/.gem/gems/redis-4.1.4/lib/redis.rb:2215:in `hdel'
workers-1  | /opt/.gem/gems/redis-namespace-1.7.0/lib/redis/namespace.rb:469:in `call_with_namespace'
workers-1  | /opt/.gem/gems/redis-namespace-1.7.0/lib/redis/namespace.rb:349:in `block (2 levels) in <class:Namespace>'
workers-1  | /opt/.gem/gems/resque-2.0.0/lib/resque/data_store.rb:261:in `remove_heartbeat'
workers-1  | /opt/.gem/gems/resque-2.0.0/lib/resque/worker.rb:475:in `remove_heartbeat'
workers-1  | /opt/.gem/gems/resque-2.0.0/lib/resque/worker.rb:507:in `start_heartbeat'
workers-1  | /opt/.gem/gems/resque-2.0.0/lib/resque/worker.rb:360:in `startup'
workers-1  | /opt/.gem/gems/resque-2.0.0/lib/resque/worker.rb:233:in `work'
workers-1  | /opt/.gem/gems/resque-2.0.0/lib/resque/tasks.rb:20:in `block (2 levels) in <top (required)>'
workers-1  | Tasks: TOP => resque:work
workers-1  | (See full trace by running task with --trace)
workers-1  | rake aborted!
workers-1  | Redis::CommandError: NOAUTH Authentication required.
workers-1  | Original Exception (Redis::CommandError): NOAUTH Authentication required.
workers-1  |   /opt/.gem/gems/redis-4.1.4/lib/redis/client.rb:126:in `call'  
workers-1  | /opt/.gem/gems/redis-4.1.4/lib/redis.rb:2216:in `block in hdel'  
workers-1  | /opt/.gem/gems/redis-4.1.4/lib/redis.rb:51:in `block in synchronize'  
workers-1  | /usr/local/ruby-2.7.0/lib/ruby/2.7.0/monitor.rb:202:in `synchronize'  
workers-1  | /usr/local/ruby-2.7.0/lib/ruby/2.7.0/monitor.rb:202:in `mon_synchronize'  
workers-1  | /opt/.gem/gems/redis-4.1.4/lib/redis.rb:51:in `synchronize'  
workers-1  | /opt/.gem/gems/redis-4.1.4/lib/redis.rb:2215:in `hdel'  
workers-1  | /opt/.gem/gems/redis-namespace-1.7.0/lib/redis/namespace.rb:469:in `call_with_namespace'  
workers-1  | /opt/.gem/gems/redis-namespace-1.7.0/lib/redis/namespace.rb:349:in `block (2 levels) in <class:Namespace>'  
workers-1  | /opt/.gem/gems/resque-2.0.0/lib/resque/data_store.rb:261:in `remove_heartbeat'  
workers-1  | /usr/local/ruby-2.7.0/lib/ruby/2.7.0/forwardable.rb:235:in `remove_heartbeat'  
workers-1  | /opt/.gem/gems/resque-2.0.0/lib/resque/worker.rb:475:in `remove_heartbeat'  
workers-1  | /opt/.gem/gems/resque-2.0.0/lib/resque/worker.rb:507:in `start_heartbeat'  
workers-1  | /opt/.gem/gems/resque-2.0.0/lib/resque/worker.rb:360:in `startup'  
workers-1  | /opt/.gem/gems/resque-2.0.0/lib/resque/worker.rb:233:in `work'  
workers-1  | /opt/.gem/gems/resque-2.0.0/lib/resque/tasks.rb:20:in `block (2 levels) in <top (required)>'  
workers-1  | /usr/local/ruby-2.7.0/lib/ruby/gems/2.7.0/gems/rake-13.0.1/lib/rake/task.rb:281:in `block in execute'  
workers-1  | /usr/local/ruby-2.7.0/lib/ruby/gems/2.7.0/gems/rake-13.0.1/lib/rake/task.rb:281:in `each'  
workers-1  | /usr/local/ruby-2.7.0/lib/ruby/gems/2.7.0/gems/rake-13.0.1/lib/rake/task.rb:281:in `execute'  
workers-1  | /usr/local/ruby-2.7.0/lib/ruby/gems/2.7.0/gems/rake-13.0.1/lib/rake/task.rb:219:in `block in invoke_with_call_chain'  
workers-1  | /usr/local/ruby-2.7.0/lib/ruby/gems/2.7.0/gems/rake-13.0.1/lib/rake/task.rb:199:in `synchronize'  
workers-1  | /usr/local/ruby-2.7.0/lib/ruby/gems/2.7.0/gems/rake-13.0.1/lib/rake/task.rb:199:in `invoke_with_call_chain'  
workers-1  | /usr/local/ruby-2.7.0/lib/ruby/gems/2.7.0/gems/rake-13.0.1/lib/rake/task.rb:188:in `invoke'  
workers-1  | /usr/local/ruby-2.7.0/lib/ruby/gems/2.7.0/gems/rake-13.0.1/lib/rake/application.rb:160:in `invoke_task'  
workers-1  | /usr/local/ruby-2.7.0/lib/ruby/gems/2.7.0/gems/rake-13.0.1/lib/rake/application.rb:116:in `block (2 levels) in top_level'  
workers-1  | /usr/local/ruby-2.7.0/lib/ruby/gems/2.7.0/gems/rake-13.0.1/lib/rake/application.rb:116:in `each'  
workers-1  | /usr/local/ruby-2.7.0/lib/ruby/gems/2.7.0/gems/rake-13.0.1/lib/rake/application.rb:116:in `block in top_level'  
workers-1  | /usr/local/ruby-2.7.0/lib/ruby/gems/2.7.0/gems/rake-13.0.1/lib/rake/application.rb:125:in `run_with_threads'  
workers-1  | /usr/local/ruby-2.7.0/lib/ruby/gems/2.7.0/gems/rake-13.0.1/lib/rake/application.rb:110:in `top_level'  
workers-1  | /usr/local/ruby-2.7.0/lib/ruby/gems/2.7.0/gems/rake-13.0.1/lib/rake/application.rb:83:in `block in run'  
workers-1  | /usr/local/ruby-2.7.0/lib/ruby/gems/2.7.0/gems/rake-13.0.1/lib/rake/application.rb:186:in `standard_exception_handling'  
workers-1  | /usr/local/ruby-2.7.0/lib/ruby/gems/2.7.0/gems/rake-13.0.1/lib/rake/application.rb:80:in `run'  
workers-1  | /usr/local/ruby-2.7.0/lib/ruby/gems/2.7.0/gems/rake-13.0.1/exe/rake:27:in `<top (required)>'  
workers-1  | /usr/local/ruby-2.7.0/bin/rake:23:in `load'  
workers-1  | /usr/local/ruby-2.7.0/bin/rake:23:in `<main>'
workers-1  | /opt/.gem/gems/redis-4.1.4/lib/redis/client.rb:126:in `call'
workers-1  | /opt/.gem/gems/redis-4.1.4/lib/redis.rb:915:in `block in get'
workers-1  | /opt/.gem/gems/redis-4.1.4/lib/redis.rb:51:in `block in synchronize'
workers-1  | /opt/.gem/gems/redis-4.1.4/lib/redis.rb:51:in `synchronize'
workers-1  | /opt/.gem/gems/redis-4.1.4/lib/redis.rb:914:in `get'
workers-1  | /opt/.gem/gems/redis-namespace-1.7.0/lib/redis/namespace.rb:469:in `call_with_namespace'
workers-1  | /opt/.gem/gems/redis-namespace-1.7.0/lib/redis/namespace.rb:349:in `block (2 levels) in <class:Namespace>'
workers-1  | /opt/.gem/gems/resque-2.0.0/lib/resque/data_store.rb:231:in `get_worker_payload'
workers-1  | /opt/.gem/gems/resque-2.0.0/lib/resque/worker.rb:752:in `job'
workers-1  | /opt/.gem/gems/resque-2.0.0/lib/resque/worker.rb:670:in `unregister_worker'
workers-1  | /opt/.gem/gems/resque-2.0.0/lib/resque/worker.rb:250:in `rescue in work'
workers-1  | /opt/.gem/gems/resque-2.0.0/lib/resque/worker.rb:231:in `work'
workers-1  | /opt/.gem/gems/resque-2.0.0/lib/resque/tasks.rb:20:in `block (2 levels) in <top (required)>'
workers-1  | 
workers-1  | Caused by:
workers-1  | Redis::CommandError: NOAUTH Authentication required.
workers-1  | /opt/.gem/gems/redis-4.1.4/lib/redis/client.rb:126:in `call'
workers-1  | /opt/.gem/gems/redis-4.1.4/lib/redis.rb:915:in `block in get'
workers-1  | /opt/.gem/gems/redis-4.1.4/lib/redis.rb:51:in `block in synchronize'
workers-1  | /opt/.gem/gems/redis-4.1.4/lib/redis.rb:51:in `synchronize'
workers-1  | /opt/.gem/gems/redis-4.1.4/lib/redis.rb:914:in `get'
workers-1  | /opt/.gem/gems/redis-namespace-1.7.0/lib/redis/namespace.rb:469:in `call_with_namespace'
workers-1  | /opt/.gem/gems/redis-namespace-1.7.0/lib/redis/namespace.rb:349:in `block (2 levels) in <class:Namespace>'
workers-1  | /opt/.gem/gems/resque-2.0.0/lib/resque/data_store.rb:231:in `get_worker_payload'
workers-1  | /opt/.gem/gems/resque-2.0.0/lib/resque/worker.rb:752:in `job'
workers-1  | /opt/.gem/gems/resque-2.0.0/lib/resque/worker.rb:670:in `unregister_worker'
workers-1  | /opt/.gem/gems/resque-2.0.0/lib/resque/worker.rb:250:in `rescue in work'
workers-1  | /opt/.gem/gems/resque-2.0.0/lib/resque/worker.rb:231:in `work'
workers-1  | /opt/.gem/gems/resque-2.0.0/lib/resque/tasks.rb:20:in `block (2 levels) in <top (required)>'
workers-1  | 
workers-1  | Caused by:
workers-1  | Redis::CommandError: NOAUTH Authentication required.
workers-1  | /opt/.gem/gems/redis-4.1.4/lib/redis/client.rb:126:in `call'
workers-1  | /opt/.gem/gems/redis-4.1.4/lib/redis.rb:2216:in `block in hdel'
workers-1  | /opt/.gem/gems/redis-4.1.4/lib/redis.rb:51:in `block in synchronize'
workers-1  | /opt/.gem/gems/redis-4.1.4/lib/redis.rb:51:in `synchronize'
workers-1  | /opt/.gem/gems/redis-4.1.4/lib/redis.rb:2215:in `hdel'
workers-1  | /opt/.gem/gems/redis-namespace-1.7.0/lib/redis/namespace.rb:469:in `call_with_namespace'
workers-1  | /opt/.gem/gems/redis-namespace-1.7.0/lib/redis/namespace.rb:349:in `block (2 levels) in <class:Namespace>'
workers-1  | /opt/.gem/gems/resque-2.0.0/lib/resque/data_store.rb:261:in `remove_heartbeat'
workers-1  | /opt/.gem/gems/resque-2.0.0/lib/resque/worker.rb:475:in `remove_heartbeat'
workers-1  | /opt/.gem/gems/resque-2.0.0/lib/resque/worker.rb:507:in `start_heartbeat'
workers-1  | /opt/.gem/gems/resque-2.0.0/lib/resque/worker.rb:360:in `startup'
workers-1  | /opt/.gem/gems/resque-2.0.0/lib/resque/worker.rb:233:in `work'
workers-1  | /opt/.gem/gems/resque-2.0.0/lib/resque/tasks.rb:20:in `block (2 levels) in <top (required)>'
workers-1  | Tasks: TOP => resque:work
workers-1  | (See full trace by running task with --trace)
workers-1  | rake aborted!
workers-1  | Redis::CommandError: NOAUTH Authentication required.
workers-1  | Original Exception (Redis::CommandError): NOAUTH Authentication required.
workers-1  |   /opt/.gem/gems/redis-4.1.4/lib/redis/client.rb:126:in `call'  
workers-1  | /opt/.gem/gems/redis-4.1.4/lib/redis.rb:2216:in `block in hdel'  
workers-1  | /opt/.gem/gems/redis-4.1.4/lib/redis.rb:51:in `block in synchronize'  
workers-1  | /usr/local/ruby-2.7.0/lib/ruby/2.7.0/monitor.rb:202:in `synchronize'  
workers-1  | /usr/local/ruby-2.7.0/lib/ruby/2.7.0/monitor.rb:202:in `mon_synchronize'  
workers-1  | /opt/.gem/gems/redis-4.1.4/lib/redis.rb:51:in `synchronize'  
workers-1  | /opt/.gem/gems/redis-4.1.4/lib/redis.rb:2215:in `hdel'  
workers-1  | /opt/.gem/gems/redis-namespace-1.7.0/lib/redis/namespace.rb:469:in `call_with_namespace'  
workers-1  | /opt/.gem/gems/redis-namespace-1.7.0/lib/redis/namespace.rb:349:in `block (2 levels) in <class:Namespace>'  
workers-1  | /opt/.gem/gems/resque-2.0.0/lib/resque/data_store.rb:261:in `remove_heartbeat'  
workers-1  | /usr/local/ruby-2.7.0/lib/ruby/2.7.0/forwardable.rb:235:in `remove_heartbeat'  
workers-1  | /opt/.gem/gems/resque-2.0.0/lib/resque/worker.rb:475:in `remove_heartbeat'  
workers-1  | /opt/.gem/gems/resque-2.0.0/lib/resque/worker.rb:507:in `start_heartbeat'  
workers-1  | /opt/.gem/gems/resque-2.0.0/lib/resque/worker.rb:360:in `startup'  
workers-1  | /opt/.gem/gems/resque-2.0.0/lib/resque/worker.rb:233:in `work'  
workers-1  | /opt/.gem/gems/resque-2.0.0/lib/resque/tasks.rb:20:in `block (2 levels) in <top (required)>'  
workers-1  | /usr/local/ruby-2.7.0/lib/ruby/gems/2.7.0/gems/rake-13.0.1/lib/rake/task.rb:281:in `block in execute'  
workers-1  | /usr/local/ruby-2.7.0/lib/ruby/gems/2.7.0/gems/rake-13.0.1/lib/rake/task.rb:281:in `each'  
workers-1  | /usr/local/ruby-2.7.0/lib/ruby/gems/2.7.0/gems/rake-13.0.1/lib/rake/task.rb:281:in `execute'  
workers-1  | /usr/local/ruby-2.7.0/lib/ruby/gems/2.7.0/gems/rake-13.0.1/lib/rake/task.rb:219:in `block in invoke_with_call_chain'  
workers-1  | /usr/local/ruby-2.7.0/lib/ruby/gems/2.7.0/gems/rake-13.0.1/lib/rake/task.rb:199:in `synchronize'  
workers-1  | /usr/local/ruby-2.7.0/lib/ruby/gems/2.7.0/gems/rake-13.0.1/lib/rake/task.rb:199:in `invoke_with_call_chain'  
workers-1  | /usr/local/ruby-2.7.0/lib/ruby/gems/2.7.0/gems/rake-13.0.1/lib/rake/task.rb:188:in `invoke'  
workers-1  | /usr/local/ruby-2.7.0/lib/ruby/gems/2.7.0/gems/rake-13.0.1/lib/rake/application.rb:160:in `invoke_task'  
workers-1  | /usr/local/ruby-2.7.0/lib/ruby/gems/2.7.0/gems/rake-13.0.1/lib/rake/application.rb:116:in `block (2 levels) in top_level'  
workers-1  | /usr/local/ruby-2.7.0/lib/ruby/gems/2.7.0/gems/rake-13.0.1/lib/rake/application.rb:116:in `each'  
workers-1  | /usr/local/ruby-2.7.0/lib/ruby/gems/2.7.0/gems/rake-13.0.1/lib/rake/application.rb:116:in `block in top_level'  
workers-1  | /usr/local/ruby-2.7.0/lib/ruby/gems/2.7.0/gems/rake-13.0.1/lib/rake/application.rb:125:in `run_with_threads'  
workers-1  | /usr/local/ruby-2.7.0/lib/ruby/gems/2.7.0/gems/rake-13.0.1/lib/rake/application.rb:110:in `top_level'  
workers-1  | /usr/local/ruby-2.7.0/lib/ruby/gems/2.7.0/gems/rake-13.0.1/lib/rake/application.rb:83:in `block in run'  
workers-1  | /usr/local/ruby-2.7.0/lib/ruby/gems/2.7.0/gems/rake-13.0.1/lib/rake/application.rb:186:in `standard_exception_handling'  
workers-1  | /usr/local/ruby-2.7.0/lib/ruby/gems/2.7.0/gems/rake-13.0.1/lib/rake/application.rb:80:in `run'  
workers-1  | /usr/local/ruby-2.7.0/lib/ruby/gems/2.7.0/gems/rake-13.0.1/exe/rake:27:in `<top (required)>'  
workers-1  | /usr/local/ruby-2.7.0/bin/rake:23:in `load'  
workers-1  | /usr/local/ruby-2.7.0/bin/rake:23:in `<main>'
workers-1  | /opt/.gem/gems/redis-4.1.4/lib/redis/client.rb:126:in `call'
workers-1  | /opt/.gem/gems/redis-4.1.4/lib/redis.rb:915:in `block in get'
workers-1  | /opt/.gem/gems/redis-4.1.4/lib/redis.rb:51:in `block in synchronize'
workers-1  | /opt/.gem/gems/redis-4.1.4/lib/redis.rb:51:in `synchronize'
workers-1  | /opt/.gem/gems/redis-4.1.4/lib/redis.rb:914:in `get'
workers-1  | /opt/.gem/gems/redis-namespace-1.7.0/lib/redis/namespace.rb:469:in `call_with_namespace'
workers-1  | /opt/.gem/gems/redis-namespace-1.7.0/lib/redis/namespace.rb:349:in `block (2 levels) in <class:Namespace>'
workers-1  | /opt/.gem/gems/resque-2.0.0/lib/resque/data_store.rb:231:in `get_worker_payload'
workers-1  | /opt/.gem/gems/resque-2.0.0/lib/resque/worker.rb:752:in `job'
workers-1  | /opt/.gem/gems/resque-2.0.0/lib/resque/worker.rb:670:in `unregister_worker'
workers-1  | /opt/.gem/gems/resque-2.0.0/lib/resque/worker.rb:250:in `rescue in work'
workers-1  | /opt/.gem/gems/resque-2.0.0/lib/resque/worker.rb:231:in `work'
workers-1  | /opt/.gem/gems/resque-2.0.0/lib/resque/tasks.rb:20:in `block (2 levels) in <top (required)>'
workers-1  | 
workers-1  | Caused by:
workers-1  | Redis::CommandError: NOAUTH Authentication required.
workers-1  | /opt/.gem/gems/redis-4.1.4/lib/redis/client.rb:126:in `call'
workers-1  | /opt/.gem/gems/redis-4.1.4/lib/redis.rb:915:in `block in get'
workers-1  | /opt/.gem/gems/redis-4.1.4/lib/redis.rb:51:in `block in synchronize'
workers-1  | /opt/.gem/gems/redis-4.1.4/lib/redis.rb:51:in `synchronize'
workers-1  | /opt/.gem/gems/redis-4.1.4/lib/redis.rb:914:in `get'
workers-1  | /opt/.gem/gems/redis-namespace-1.7.0/lib/redis/namespace.rb:469:in `call_with_namespace'
workers-1  | /opt/.gem/gems/redis-namespace-1.7.0/lib/redis/namespace.rb:349:in `block (2 levels) in <class:Namespace>'
workers-1  | /opt/.gem/gems/resque-2.0.0/lib/resque/data_store.rb:231:in `get_worker_payload'
workers-1  | /opt/.gem/gems/resque-2.0.0/lib/resque/worker.rb:752:in `job'
workers-1  | /opt/.gem/gems/resque-2.0.0/lib/resque/worker.rb:670:in `unregister_worker'
workers-1  | /opt/.gem/gems/resque-2.0.0/lib/resque/worker.rb:250:in `rescue in work'
workers-1  | /opt/.gem/gems/resque-2.0.0/lib/resque/worker.rb:231:in `work'
workers-1  | /opt/.gem/gems/resque-2.0.0/lib/resque/tasks.rb:20:in `block (2 levels) in <top (required)>'
workers-1  | 
workers-1  | Caused by:
workers-1  | Redis::CommandError: NOAUTH Authentication required.
workers-1  | /opt/.gem/gems/redis-4.1.4/lib/redis/client.rb:126:in `call'
workers-1  | /opt/.gem/gems/redis-4.1.4/lib/redis.rb:2216:in `block in hdel'
workers-1  | /opt/.gem/gems/redis-4.1.4/lib/redis.rb:51:in `block in synchronize'
workers-1  | /opt/.gem/gems/redis-4.1.4/lib/redis.rb:51:in `synchronize'
workers-1  | /opt/.gem/gems/redis-4.1.4/lib/redis.rb:2215:in `hdel'
workers-1  | /opt/.gem/gems/redis-namespace-1.7.0/lib/redis/namespace.rb:469:in `call_with_namespace'
workers-1  | /opt/.gem/gems/redis-namespace-1.7.0/lib/redis/namespace.rb:349:in `block (2 levels) in <class:Namespace>'
workers-1  | /opt/.gem/gems/resque-2.0.0/lib/resque/data_store.rb:261:in `remove_heartbeat'
workers-1  | /opt/.gem/gems/resque-2.0.0/lib/resque/worker.rb:475:in `remove_heartbeat'
workers-1  | /opt/.gem/gems/resque-2.0.0/lib/resque/worker.rb:507:in `start_heartbeat'
workers-1  | /opt/.gem/gems/resque-2.0.0/lib/resque/worker.rb:360:in `startup'
workers-1  | /opt/.gem/gems/resque-2.0.0/lib/resque/worker.rb:233:in `work'
workers-1  | /opt/.gem/gems/resque-2.0.0/lib/resque/tasks.rb:20:in `block (2 levels) in <top (required)>'
workers-1  | Tasks: TOP => resque:work
workers-1  | (See full trace by running task with --trace)
workers-1  | rake aborted!
workers-1  | Redis::CommandError: NOAUTH Authentication required.
workers-1  | Original Exception (Redis::CommandError): NOAUTH Authentication required.
workers-1  |   /opt/.gem/gems/redis-4.1.4/lib/redis/client.rb:126:in `call'  
workers-1  | /opt/.gem/gems/redis-4.1.4/lib/redis.rb:2216:in `block in hdel'  
workers-1  | /opt/.gem/gems/redis-4.1.4/lib/redis.rb:51:in `block in synchronize'  
workers-1  | /usr/local/ruby-2.7.0/lib/ruby/2.7.0/monitor.rb:202:in `synchronize'  
workers-1  | /usr/local/ruby-2.7.0/lib/ruby/2.7.0/monitor.rb:202:in `mon_synchronize'  
workers-1  | /opt/.gem/gems/redis-4.1.4/lib/redis.rb:51:in `synchronize'  
workers-1  | /opt/.gem/gems/redis-4.1.4/lib/redis.rb:2215:in `hdel'  
workers-1  | /opt/.gem/gems/redis-namespace-1.7.0/lib/redis/namespace.rb:469:in `call_with_namespace'  
workers-1  | /opt/.gem/gems/redis-namespace-1.7.0/lib/redis/namespace.rb:349:in `block (2 levels) in <class:Namespace>'  
workers-1  | /opt/.gem/gems/resque-2.0.0/lib/resque/data_store.rb:261:in `remove_heartbeat'  
workers-1  | /usr/local/ruby-2.7.0/lib/ruby/2.7.0/forwardable.rb:235:in `remove_heartbeat'  
workers-1  | /opt/.gem/gems/resque-2.0.0/lib/resque/worker.rb:475:in `remove_heartbeat'  
workers-1  | /opt/.gem/gems/resque-2.0.0/lib/resque/worker.rb:507:in `start_heartbeat'  
workers-1  | /opt/.gem/gems/resque-2.0.0/lib/resque/worker.rb:360:in `startup'  
workers-1  | /opt/.gem/gems/resque-2.0.0/lib/resque/worker.rb:233:in `work'  
workers-1  | /opt/.gem/gems/resque-2.0.0/lib/resque/tasks.rb:20:in `block (2 levels) in <top (required)>'  
workers-1  | /usr/local/ruby-2.7.0/lib/ruby/gems/2.7.0/gems/rake-13.0.1/lib/rake/task.rb:281:in `block in execute'  
workers-1  | /usr/local/ruby-2.7.0/lib/ruby/gems/2.7.0/gems/rake-13.0.1/lib/rake/task.rb:281:in `each'  
workers-1  | /usr/local/ruby-2.7.0/lib/ruby/gems/2.7.0/gems/rake-13.0.1/lib/rake/task.rb:281:in `execute'  
workers-1  | /usr/local/ruby-2.7.0/lib/ruby/gems/2.7.0/gems/rake-13.0.1/lib/rake/task.rb:219:in `block in invoke_with_call_chain'  
workers-1  | /usr/local/ruby-2.7.0/lib/ruby/gems/2.7.0/gems/rake-13.0.1/lib/rake/task.rb:199:in `synchronize'  
workers-1  | /usr/local/ruby-2.7.0/lib/ruby/gems/2.7.0/gems/rake-13.0.1/lib/rake/task.rb:199:in `invoke_with_call_chain'  
workers-1  | /usr/local/ruby-2.7.0/lib/ruby/gems/2.7.0/gems/rake-13.0.1/lib/rake/task.rb:188:in `invoke'  
workers-1  | /usr/local/ruby-2.7.0/lib/ruby/gems/2.7.0/gems/rake-13.0.1/lib/rake/application.rb:160:in `invoke_task'  
workers-1  | /usr/local/ruby-2.7.0/lib/ruby/gems/2.7.0/gems/rake-13.0.1/lib/rake/application.rb:116:in `block (2 levels) in top_level'  
workers-1  | /usr/local/ruby-2.7.0/lib/ruby/gems/2.7.0/gems/rake-13.0.1/lib/rake/application.rb:116:in `each'  
workers-1  | /usr/local/ruby-2.7.0/lib/ruby/gems/2.7.0/gems/rake-13.0.1/lib/rake/application.rb:116:in `block in top_level'  
workers-1  | /usr/local/ruby-2.7.0/lib/ruby/gems/2.7.0/gems/rake-13.0.1/lib/rake/application.rb:125:in `run_with_threads'  
workers-1  | /usr/local/ruby-2.7.0/lib/ruby/gems/2.7.0/gems/rake-13.0.1/lib/rake/application.rb:110:in `top_level'  
workers-1  | /usr/local/ruby-2.7.0/lib/ruby/gems/2.7.0/gems/rake-13.0.1/lib/rake/application.rb:83:in `block in run'  
workers-1  | /usr/local/ruby-2.7.0/lib/ruby/gems/2.7.0/gems/rake-13.0.1/lib/rake/application.rb:186:in `standard_exception_handling'  
workers-1  | /usr/local/ruby-2.7.0/lib/ruby/gems/2.7.0/gems/rake-13.0.1/lib/rake/application.rb:80:in `run'  
workers-1  | /usr/local/ruby-2.7.0/lib/ruby/gems/2.7.0/gems/rake-13.0.1/exe/rake:27:in `<top (required)>'  
workers-1  | /usr/local/ruby-2.7.0/bin/rake:23:in `load'  
workers-1  | /usr/local/ruby-2.7.0/bin/rake:23:in `<main>'
workers-1  | /opt/.gem/gems/redis-4.1.4/lib/redis/client.rb:126:in `call'
workers-1  | /opt/.gem/gems/redis-4.1.4/lib/redis.rb:915:in `block in get'
workers-1  | /opt/.gem/gems/redis-4.1.4/lib/redis.rb:51:in `block in synchronize'
workers-1  | /opt/.gem/gems/redis-4.1.4/lib/redis.rb:51:in `synchronize'
workers-1  | /opt/.gem/gems/redis-4.1.4/lib/redis.rb:914:in `get'
workers-1  | /opt/.gem/gems/redis-namespace-1.7.0/lib/redis/namespace.rb:469:in `call_with_namespace'
workers-1  | /opt/.gem/gems/redis-namespace-1.7.0/lib/redis/namespace.rb:349:in `block (2 levels) in <class:Namespace>'
workers-1  | /opt/.gem/gems/resque-2.0.0/lib/resque/data_store.rb:231:in `get_worker_payload'
workers-1  | /opt/.gem/gems/resque-2.0.0/lib/resque/worker.rb:752:in `job'
workers-1  | /opt/.gem/gems/resque-2.0.0/lib/resque/worker.rb:670:in `unregister_worker'
workers-1  | /opt/.gem/gems/resque-2.0.0/lib/resque/worker.rb:250:in `rescue in work'
workers-1  | /opt/.gem/gems/resque-2.0.0/lib/resque/worker.rb:231:in `work'
workers-1  | /opt/.gem/gems/resque-2.0.0/lib/resque/tasks.rb:20:in `block (2 levels) in <top (required)>'
workers-1  | 
workers-1  | Caused by:
workers-1  | Redis::CommandError: NOAUTH Authentication required.
workers-1  | /opt/.gem/gems/redis-4.1.4/lib/redis/client.rb:126:in `call'
workers-1  | /opt/.gem/gems/redis-4.1.4/lib/redis.rb:915:in `block in get'
workers-1  | /opt/.gem/gems/redis-4.1.4/lib/redis.rb:51:in `block in synchronize'
workers-1  | /opt/.gem/gems/redis-4.1.4/lib/redis.rb:51:in `synchronize'
workers-1  | /opt/.gem/gems/redis-4.1.4/lib/redis.rb:914:in `get'
workers-1  | /opt/.gem/gems/redis-namespace-1.7.0/lib/redis/namespace.rb:469:in `call_with_namespace'
workers-1  | /opt/.gem/gems/redis-namespace-1.7.0/lib/redis/namespace.rb:349:in `block (2 levels) in <class:Namespace>'
workers-1  | /opt/.gem/gems/resque-2.0.0/lib/resque/data_store.rb:231:in `get_worker_payload'
workers-1  | /opt/.gem/gems/resque-2.0.0/lib/resque/worker.rb:752:in `job'
workers-1  | /opt/.gem/gems/resque-2.0.0/lib/resque/worker.rb:670:in `unregister_worker'
workers-1  | /opt/.gem/gems/resque-2.0.0/lib/resque/worker.rb:250:in `rescue in work'
workers-1  | /opt/.gem/gems/resque-2.0.0/lib/resque/worker.rb:231:in `work'
workers-1  | /opt/.gem/gems/resque-2.0.0/lib/resque/tasks.rb:20:in `block (2 levels) in <top (required)>'
workers-1  | 
workers-1  | Caused by:
workers-1  | Redis::CommandError: NOAUTH Authentication required.
workers-1  | /opt/.gem/gems/redis-4.1.4/lib/redis/client.rb:126:in `call'
workers-1  | /opt/.gem/gems/redis-4.1.4/lib/redis.rb:2216:in `block in hdel'
workers-1  | /opt/.gem/gems/redis-4.1.4/lib/redis.rb:51:in `block in synchronize'
workers-1  | /opt/.gem/gems/redis-4.1.4/lib/redis.rb:51:in `synchronize'
workers-1  | /opt/.gem/gems/redis-4.1.4/lib/redis.rb:2215:in `hdel'
workers-1  | /opt/.gem/gems/redis-namespace-1.7.0/lib/redis/namespace.rb:469:in `call_with_namespace'
workers-1  | /opt/.gem/gems/redis-namespace-1.7.0/lib/redis/namespace.rb:349:in `block (2 levels) in <class:Namespace>'
workers-1  | /opt/.gem/gems/resque-2.0.0/lib/resque/data_store.rb:261:in `remove_heartbeat'
workers-1  | /opt/.gem/gems/resque-2.0.0/lib/resque/worker.rb:475:in `remove_heartbeat'
workers-1  | /opt/.gem/gems/resque-2.0.0/lib/resque/worker.rb:507:in `start_heartbeat'
workers-1  | /opt/.gem/gems/resque-2.0.0/lib/resque/worker.rb:360:in `startup'
workers-1  | /opt/.gem/gems/resque-2.0.0/lib/resque/worker.rb:233:in `work'
workers-1  | /opt/.gem/gems/resque-2.0.0/lib/resque/tasks.rb:20:in `block (2 levels) in <top (required)>'
workers-1  | Tasks: TOP => resque:work
workers-1  | (See full trace by running task with --trace)
workers-1  | rake aborted!
workers-1  | Redis::CommandError: NOAUTH Authentication required.
workers-1  | Original Exception (Redis::CommandError): NOAUTH Authentication required.
workers-1  |   /opt/.gem/gems/redis-4.1.4/lib/redis/client.rb:126:in `call'  
workers-1  | /opt/.gem/gems/redis-4.1.4/lib/redis.rb:2216:in `block in hdel'  
workers-1  | /opt/.gem/gems/redis-4.1.4/lib/redis.rb:51:in `block in synchronize'  
workers-1  | /usr/local/ruby-2.7.0/lib/ruby/2.7.0/monitor.rb:202:in `synchronize'  
workers-1  | /usr/local/ruby-2.7.0/lib/ruby/2.7.0/monitor.rb:202:in `mon_synchronize'  
workers-1  | /opt/.gem/gems/redis-4.1.4/lib/redis.rb:51:in `synchronize'  
workers-1  | /opt/.gem/gems/redis-4.1.4/lib/redis.rb:2215:in `hdel'  
workers-1  | /opt/.gem/gems/redis-namespace-1.7.0/lib/redis/namespace.rb:469:in `call_with_namespace'  
workers-1  | /opt/.gem/gems/redis-namespace-1.7.0/lib/redis/namespace.rb:349:in `block (2 levels) in <class:Namespace>'  
workers-1  | /opt/.gem/gems/resque-2.0.0/lib/resque/data_store.rb:261:in `remove_heartbeat'  
workers-1  | /usr/local/ruby-2.7.0/lib/ruby/2.7.0/forwardable.rb:235:in `remove_heartbeat'  
workers-1  | /opt/.gem/gems/resque-2.0.0/lib/resque/worker.rb:475:in `remove_heartbeat'  
workers-1  | /opt/.gem/gems/resque-2.0.0/lib/resque/worker.rb:507:in `start_heartbeat'  
workers-1  | /opt/.gem/gems/resque-2.0.0/lib/resque/worker.rb:360:in `startup'  
workers-1  | /opt/.gem/gems/resque-2.0.0/lib/resque/worker.rb:233:in `work'  
workers-1  | /opt/.gem/gems/resque-2.0.0/lib/resque/tasks.rb:20:in `block (2 levels) in <top (required)>'  
workers-1  | /usr/local/ruby-2.7.0/lib/ruby/gems/2.7.0/gems/rake-13.0.1/lib/rake/task.rb:281:in `block in execute'  
workers-1  | /usr/local/ruby-2.7.0/lib/ruby/gems/2.7.0/gems/rake-13.0.1/lib/rake/task.rb:281:in `each'  
workers-1  | /usr/local/ruby-2.7.0/lib/ruby/gems/2.7.0/gems/rake-13.0.1/lib/rake/task.rb:281:in `execute'  
workers-1  | /usr/local/ruby-2.7.0/lib/ruby/gems/2.7.0/gems/rake-13.0.1/lib/rake/task.rb:219:in `block in invoke_with_call_chain'  
workers-1  | /usr/local/ruby-2.7.0/lib/ruby/gems/2.7.0/gems/rake-13.0.1/lib/rake/task.rb:199:in `synchronize'  
workers-1  | /usr/local/ruby-2.7.0/lib/ruby/gems/2.7.0/gems/rake-13.0.1/lib/rake/task.rb:199:in `invoke_with_call_chain'  
workers-1  | /usr/local/ruby-2.7.0/lib/ruby/gems/2.7.0/gems/rake-13.0.1/lib/rake/task.rb:188:in `invoke'  
workers-1  | /usr/local/ruby-2.7.0/lib/ruby/gems/2.7.0/gems/rake-13.0.1/lib/rake/application.rb:160:in `invoke_task'  
workers-1  | /usr/local/ruby-2.7.0/lib/ruby/gems/2.7.0/gems/rake-13.0.1/lib/rake/application.rb:116:in `block (2 levels) in top_level'  
workers-1  | /usr/local/ruby-2.7.0/lib/ruby/gems/2.7.0/gems/rake-13.0.1/lib/rake/application.rb:116:in `each'  
workers-1  | /usr/local/ruby-2.7.0/lib/ruby/gems/2.7.0/gems/rake-13.0.1/lib/rake/application.rb:116:in `block in top_level'  
workers-1  | /usr/local/ruby-2.7.0/lib/ruby/gems/2.7.0/gems/rake-13.0.1/lib/rake/application.rb:125:in `run_with_threads'  
workers-1  | /usr/local/ruby-2.7.0/lib/ruby/gems/2.7.0/gems/rake-13.0.1/lib/rake/application.rb:110:in `top_level'  
workers-1  | /usr/local/ruby-2.7.0/lib/ruby/gems/2.7.0/gems/rake-13.0.1/lib/rake/application.rb:83:in `block in run'  
workers-1  | /usr/local/ruby-2.7.0/lib/ruby/gems/2.7.0/gems/rake-13.0.1/lib/rake/application.rb:186:in `standard_exception_handling'  
workers-1  | /usr/local/ruby-2.7.0/lib/ruby/gems/2.7.0/gems/rake-13.0.1/lib/rake/application.rb:80:in `run'  
workers-1  | /usr/local/ruby-2.7.0/lib/ruby/gems/2.7.0/gems/rake-13.0.1/exe/rake:27:in `<top (required)>'  
workers-1  | /usr/local/ruby-2.7.0/bin/rake:23:in `load'  
workers-1  | /usr/local/ruby-2.7.0/bin/rake:23:in `<main>'
workers-1  | /opt/.gem/gems/redis-4.1.4/lib/redis/client.rb:126:in `call'
workers-1  | /opt/.gem/gems/redis-4.1.4/lib/redis.rb:915:in `block in get'
workers-1  | /opt/.gem/gems/redis-4.1.4/lib/redis.rb:51:in `block in synchronize'
workers-1  | /opt/.gem/gems/redis-4.1.4/lib/redis.rb:51:in `synchronize'
workers-1  | /opt/.gem/gems/redis-4.1.4/lib/redis.rb:914:in `get'
workers-1  | /opt/.gem/gems/redis-namespace-1.7.0/lib/redis/namespace.rb:469:in `call_with_namespace'
workers-1  | /opt/.gem/gems/redis-namespace-1.7.0/lib/redis/namespace.rb:349:in `block (2 levels) in <class:Namespace>'
workers-1  | /opt/.gem/gems/resque-2.0.0/lib/resque/data_store.rb:231:in `get_worker_payload'
workers-1  | /opt/.gem/gems/resque-2.0.0/lib/resque/worker.rb:752:in `job'
workers-1  | /opt/.gem/gems/resque-2.0.0/lib/resque/worker.rb:670:in `unregister_worker'
workers-1  | /opt/.gem/gems/resque-2.0.0/lib/resque/worker.rb:250:in `rescue in work'
workers-1  | /opt/.gem/gems/resque-2.0.0/lib/resque/worker.rb:231:in `work'
workers-1  | /opt/.gem/gems/resque-2.0.0/lib/resque/tasks.rb:20:in `block (2 levels) in <top (required)>'
workers-1  | 
workers-1  | Caused by:
workers-1  | Redis::CommandError: NOAUTH Authentication required.
workers-1  | /opt/.gem/gems/redis-4.1.4/lib/redis/client.rb:126:in `call'
workers-1  | /opt/.gem/gems/redis-4.1.4/lib/redis.rb:915:in `block in get'
workers-1  | /opt/.gem/gems/redis-4.1.4/lib/redis.rb:51:in `block in synchronize'
workers-1  | /opt/.gem/gems/redis-4.1.4/lib/redis.rb:51:in `synchronize'
workers-1  | /opt/.gem/gems/redis-4.1.4/lib/redis.rb:914:in `get'
workers-1  | /opt/.gem/gems/redis-namespace-1.7.0/lib/redis/namespace.rb:469:in `call_with_namespace'
workers-1  | /opt/.gem/gems/redis-namespace-1.7.0/lib/redis/namespace.rb:349:in `block (2 levels) in <class:Namespace>'
workers-1  | /opt/.gem/gems/resque-2.0.0/lib/resque/data_store.rb:231:in `get_worker_payload'
workers-1  | /opt/.gem/gems/resque-2.0.0/lib/resque/worker.rb:752:in `job'
workers-1  | /opt/.gem/gems/resque-2.0.0/lib/resque/worker.rb:670:in `unregister_worker'
workers-1  | /opt/.gem/gems/resque-2.0.0/lib/resque/worker.rb:250:in `rescue in work'
workers-1  | /opt/.gem/gems/resque-2.0.0/lib/resque/worker.rb:231:in `work'
workers-1  | /opt/.gem/gems/resque-2.0.0/lib/resque/tasks.rb:20:in `block (2 levels) in <top (required)>'
workers-1  | 
workers-1  | Caused by:
workers-1  | Redis::CommandError: NOAUTH Authentication required.
workers-1  | /opt/.gem/gems/redis-4.1.4/lib/redis/client.rb:126:in `call'
workers-1  | /opt/.gem/gems/redis-4.1.4/lib/redis.rb:2216:in `block in hdel'
workers-1  | /opt/.gem/gems/redis-4.1.4/lib/redis.rb:51:in `block in synchronize'
workers-1  | /opt/.gem/gems/redis-4.1.4/lib/redis.rb:51:in `synchronize'
workers-1  | /opt/.gem/gems/redis-4.1.4/lib/redis.rb:2215:in `hdel'
workers-1  | /opt/.gem/gems/redis-namespace-1.7.0/lib/redis/namespace.rb:469:in `call_with_namespace'
workers-1  | /opt/.gem/gems/redis-namespace-1.7.0/lib/redis/namespace.rb:349:in `block (2 levels) in <class:Namespace>'
workers-1  | /opt/.gem/gems/resque-2.0.0/lib/resque/data_store.rb:261:in `remove_heartbeat'
workers-1  | /opt/.gem/gems/resque-2.0.0/lib/resque/worker.rb:475:in `remove_heartbeat'
workers-1  | /opt/.gem/gems/resque-2.0.0/lib/resque/worker.rb:507:in `start_heartbeat'
workers-1  | /opt/.gem/gems/resque-2.0.0/lib/resque/worker.rb:360:in `startup'
workers-1  | /opt/.gem/gems/resque-2.0.0/lib/resque/worker.rb:233:in `work'
workers-1  | /opt/.gem/gems/resque-2.0.0/lib/resque/tasks.rb:20:in `block (2 levels) in <top (required)>'
workers-1  | Tasks: TOP => resque:work
workers-1  | (See full trace by running task with --trace)
workers-1  | rake aborted!
workers-1  | Redis::CommandError: NOAUTH Authentication required.
workers-1  | Original Exception (Redis::CommandError): NOAUTH Authentication required.
workers-1  |   /opt/.gem/gems/redis-4.1.4/lib/redis/client.rb:126:in `call'  
workers-1  | /opt/.gem/gems/redis-4.1.4/lib/redis.rb:2216:in `block in hdel'  
workers-1  | /opt/.gem/gems/redis-4.1.4/lib/redis.rb:51:in `block in synchronize'  
workers-1  | /usr/local/ruby-2.7.0/lib/ruby/2.7.0/monitor.rb:202:in `synchronize'  
workers-1  | /usr/local/ruby-2.7.0/lib/ruby/2.7.0/monitor.rb:202:in `mon_synchronize'  
workers-1  | /opt/.gem/gems/redis-4.1.4/lib/redis.rb:51:in `synchronize'  
workers-1  | /opt/.gem/gems/redis-4.1.4/lib/redis.rb:2215:in `hdel'  
workers-1  | /opt/.gem/gems/redis-namespace-1.7.0/lib/redis/namespace.rb:469:in `call_with_namespace'  
workers-1  | /opt/.gem/gems/redis-namespace-1.7.0/lib/redis/namespace.rb:349:in `block (2 levels) in <class:Namespace>'  
workers-1  | /opt/.gem/gems/resque-2.0.0/lib/resque/data_store.rb:261:in `remove_heartbeat'  
workers-1  | /usr/local/ruby-2.7.0/lib/ruby/2.7.0/forwardable.rb:235:in `remove_heartbeat'  
workers-1  | /opt/.gem/gems/resque-2.0.0/lib/resque/worker.rb:475:in `remove_heartbeat'  
workers-1  | /opt/.gem/gems/resque-2.0.0/lib/resque/worker.rb:507:in `start_heartbeat'  
workers-1  | /opt/.gem/gems/resque-2.0.0/lib/resque/worker.rb:360:in `startup'  
workers-1  | /opt/.gem/gems/resque-2.0.0/lib/resque/worker.rb:233:in `work'  
workers-1  | /opt/.gem/gems/resque-2.0.0/lib/resque/tasks.rb:20:in `block (2 levels) in <top (required)>'  
workers-1  | /usr/local/ruby-2.7.0/lib/ruby/gems/2.7.0/gems/rake-13.0.1/lib/rake/task.rb:281:in `block in execute'  
workers-1  | /usr/local/ruby-2.7.0/lib/ruby/gems/2.7.0/gems/rake-13.0.1/lib/rake/task.rb:281:in `each'  
workers-1  | /usr/local/ruby-2.7.0/lib/ruby/gems/2.7.0/gems/rake-13.0.1/lib/rake/task.rb:281:in `execute'  
workers-1  | /usr/local/ruby-2.7.0/lib/ruby/gems/2.7.0/gems/rake-13.0.1/lib/rake/task.rb:219:in `block in invoke_with_call_chain'  
workers-1  | /usr/local/ruby-2.7.0/lib/ruby/gems/2.7.0/gems/rake-13.0.1/lib/rake/task.rb:199:in `synchronize'  
workers-1  | /usr/local/ruby-2.7.0/lib/ruby/gems/2.7.0/gems/rake-13.0.1/lib/rake/task.rb:199:in `invoke_with_call_chain'  
workers-1  | /usr/local/ruby-2.7.0/lib/ruby/gems/2.7.0/gems/rake-13.0.1/lib/rake/task.rb:188:in `invoke'  
workers-1  | /usr/local/ruby-2.7.0/lib/ruby/gems/2.7.0/gems/rake-13.0.1/lib/rake/application.rb:160:in `invoke_task'  
workers-1  | /usr/local/ruby-2.7.0/lib/ruby/gems/2.7.0/gems/rake-13.0.1/lib/rake/application.rb:116:in `block (2 levels) in top_level'  
workers-1  | /usr/local/ruby-2.7.0/lib/ruby/gems/2.7.0/gems/rake-13.0.1/lib/rake/application.rb:116:in `each'  
workers-1  | /usr/local/ruby-2.7.0/lib/ruby/gems/2.7.0/gems/rake-13.0.1/lib/rake/application.rb:116:in `block in top_level'  
workers-1  | /usr/local/ruby-2.7.0/lib/ruby/gems/2.7.0/gems/rake-13.0.1/lib/rake/application.rb:125:in `run_with_threads'  
workers-1  | /usr/local/ruby-2.7.0/lib/ruby/gems/2.7.0/gems/rake-13.0.1/lib/rake/application.rb:110:in `top_level'  
workers-1  | /usr/local/ruby-2.7.0/lib/ruby/gems/2.7.0/gems/rake-13.0.1/lib/rake/application.rb:83:in `block in run'  
workers-1  | /usr/local/ruby-2.7.0/lib/ruby/gems/2.7.0/gems/rake-13.0.1/lib/rake/application.rb:186:in `standard_exception_handling'  
workers-1  | /usr/local/ruby-2.7.0/lib/ruby/gems/2.7.0/gems/rake-13.0.1/lib/rake/application.rb:80:in `run'  
workers-1  | /usr/local/ruby-2.7.0/lib/ruby/gems/2.7.0/gems/rake-13.0.1/exe/rake:27:in `<top (required)>'  
workers-1  | /usr/local/ruby-2.7.0/bin/rake:23:in `load'  
workers-1  | /usr/local/ruby-2.7.0/bin/rake:23:in `<main>'
workers-1  | /opt/.gem/gems/redis-4.1.4/lib/redis/client.rb:126:in `call'
workers-1  | /opt/.gem/gems/redis-4.1.4/lib/redis.rb:915:in `block in get'
workers-1  | /opt/.gem/gems/redis-4.1.4/lib/redis.rb:51:in `block in synchronize'
workers-1  | /opt/.gem/gems/redis-4.1.4/lib/redis.rb:51:in `synchronize'
workers-1  | /opt/.gem/gems/redis-4.1.4/lib/redis.rb:914:in `get'
workers-1  | /opt/.gem/gems/redis-namespace-1.7.0/lib/redis/namespace.rb:469:in `call_with_namespace'
workers-1  | /opt/.gem/gems/redis-namespace-1.7.0/lib/redis/namespace.rb:349:in `block (2 levels) in <class:Namespace>'
workers-1  | /opt/.gem/gems/resque-2.0.0/lib/resque/data_store.rb:231:in `get_worker_payload'
workers-1  | /opt/.gem/gems/resque-2.0.0/lib/resque/worker.rb:752:in `job'
workers-1  | /opt/.gem/gems/resque-2.0.0/lib/resque/worker.rb:670:in `unregister_worker'
workers-1  | /opt/.gem/gems/resque-2.0.0/lib/resque/worker.rb:250:in `rescue in work'
workers-1  | /opt/.gem/gems/resque-2.0.0/lib/resque/worker.rb:231:in `work'
workers-1  | /opt/.gem/gems/resque-2.0.0/lib/resque/tasks.rb:20:in `block (2 levels) in <top (required)>'
workers-1  | 
workers-1  | Caused by:
workers-1  | Redis::CommandError: NOAUTH Authentication required.
workers-1  | /opt/.gem/gems/redis-4.1.4/lib/redis/client.rb:126:in `call'
workers-1  | /opt/.gem/gems/redis-4.1.4/lib/redis.rb:915:in `block in get'
workers-1  | /opt/.gem/gems/redis-4.1.4/lib/redis.rb:51:in `block in synchronize'
workers-1  | /opt/.gem/gems/redis-4.1.4/lib/redis.rb:51:in `synchronize'
workers-1  | /opt/.gem/gems/redis-4.1.4/lib/redis.rb:914:in `get'
workers-1  | /opt/.gem/gems/redis-namespace-1.7.0/lib/redis/namespace.rb:469:in `call_with_namespace'
workers-1  | /opt/.gem/gems/redis-namespace-1.7.0/lib/redis/namespace.rb:349:in `block (2 levels) in <class:Namespace>'
workers-1  | /opt/.gem/gems/resque-2.0.0/lib/resque/data_store.rb:231:in `get_worker_payload'
workers-1  | /opt/.gem/gems/resque-2.0.0/lib/resque/worker.rb:752:in `job'
workers-1  | /opt/.gem/gems/resque-2.0.0/lib/resque/worker.rb:670:in `unregister_worker'
workers-1  | /opt/.gem/gems/resque-2.0.0/lib/resque/worker.rb:250:in `rescue in work'
workers-1  | /opt/.gem/gems/resque-2.0.0/lib/resque/worker.rb:231:in `work'
workers-1  | /opt/.gem/gems/resque-2.0.0/lib/resque/tasks.rb:20:in `block (2 levels) in <top (required)>'
workers-1  | 
workers-1  | Caused by:
workers-1  | Redis::CommandError: NOAUTH Authentication required.
workers-1  | /opt/.gem/gems/redis-4.1.4/lib/redis/client.rb:126:in `call'
workers-1  | /opt/.gem/gems/redis-4.1.4/lib/redis.rb:2216:in `block in hdel'
workers-1  | /opt/.gem/gems/redis-4.1.4/lib/redis.rb:51:in `block in synchronize'
workers-1  | /opt/.gem/gems/redis-4.1.4/lib/redis.rb:51:in `synchronize'
workers-1  | /opt/.gem/gems/redis-4.1.4/lib/redis.rb:2215:in `hdel'
workers-1  | /opt/.gem/gems/redis-namespace-1.7.0/lib/redis/namespace.rb:469:in `call_with_namespace'
workers-1  | /opt/.gem/gems/redis-namespace-1.7.0/lib/redis/namespace.rb:349:in `block (2 levels) in <class:Namespace>'
workers-1  | /opt/.gem/gems/resque-2.0.0/lib/resque/data_store.rb:261:in `remove_heartbeat'
workers-1  | /opt/.gem/gems/resque-2.0.0/lib/resque/worker.rb:475:in `remove_heartbeat'
workers-1  | /opt/.gem/gems/resque-2.0.0/lib/resque/worker.rb:507:in `start_heartbeat'
workers-1  | /opt/.gem/gems/resque-2.0.0/lib/resque/worker.rb:360:in `startup'
workers-1  | /opt/.gem/gems/resque-2.0.0/lib/resque/worker.rb:233:in `work'
workers-1  | /opt/.gem/gems/resque-2.0.0/lib/resque/tasks.rb:20:in `block (2 levels) in <top (required)>'
workers-1  | Tasks: TOP => resque:work
workers-1  | (See full trace by running task with --trace)
workers-1  | rake aborted!
workers-1  | Redis::CommandError: NOAUTH Authentication required.
workers-1  | Original Exception (Redis::CommandError): NOAUTH Authentication required.
workers-1  |   /opt/.gem/gems/redis-4.1.4/lib/redis/client.rb:126:in `call'  
workers-1  | /opt/.gem/gems/redis-4.1.4/lib/redis.rb:2216:in `block in hdel'  
workers-1  | /opt/.gem/gems/redis-4.1.4/lib/redis.rb:51:in `block in synchronize'  
workers-1  | /usr/local/ruby-2.7.0/lib/ruby/2.7.0/monitor.rb:202:in `synchronize'  
workers-1  | /usr/local/ruby-2.7.0/lib/ruby/2.7.0/monitor.rb:202:in `mon_synchronize'  
workers-1  | /opt/.gem/gems/redis-4.1.4/lib/redis.rb:51:in `synchronize'  
workers-1  | /opt/.gem/gems/redis-4.1.4/lib/redis.rb:2215:in `hdel'  
workers-1  | /opt/.gem/gems/redis-namespace-1.7.0/lib/redis/namespace.rb:469:in `call_with_namespace'  
workers-1  | /opt/.gem/gems/redis-namespace-1.7.0/lib/redis/namespace.rb:349:in `block (2 levels) in <class:Namespace>'  
workers-1  | /opt/.gem/gems/resque-2.0.0/lib/resque/data_store.rb:261:in `remove_heartbeat'  
workers-1  | /usr/local/ruby-2.7.0/lib/ruby/2.7.0/forwardable.rb:235:in `remove_heartbeat'  
workers-1  | /opt/.gem/gems/resque-2.0.0/lib/resque/worker.rb:475:in `remove_heartbeat'  
workers-1  | /opt/.gem/gems/resque-2.0.0/lib/resque/worker.rb:507:in `start_heartbeat'  
workers-1  | /opt/.gem/gems/resque-2.0.0/lib/resque/worker.rb:360:in `startup'  
workers-1  | /opt/.gem/gems/resque-2.0.0/lib/resque/worker.rb:233:in `work'  
workers-1  | /opt/.gem/gems/resque-2.0.0/lib/resque/tasks.rb:20:in `block (2 levels) in <top (required)>'  
workers-1  | /usr/local/ruby-2.7.0/lib/ruby/gems/2.7.0/gems/rake-13.0.1/lib/rake/task.rb:281:in `block in execute'  
workers-1  | /usr/local/ruby-2.7.0/lib/ruby/gems/2.7.0/gems/rake-13.0.1/lib/rake/task.rb:281:in `each'  
workers-1  | /usr/local/ruby-2.7.0/lib/ruby/gems/2.7.0/gems/rake-13.0.1/lib/rake/task.rb:281:in `execute'  
workers-1  | /usr/local/ruby-2.7.0/lib/ruby/gems/2.7.0/gems/rake-13.0.1/lib/rake/task.rb:219:in `block in invoke_with_call_chain'  
workers-1  | /usr/local/ruby-2.7.0/lib/ruby/gems/2.7.0/gems/rake-13.0.1/lib/rake/task.rb:199:in `synchronize'  
workers-1  | /usr/local/ruby-2.7.0/lib/ruby/gems/2.7.0/gems/rake-13.0.1/lib/rake/task.rb:199:in `invoke_with_call_chain'  
workers-1  | /usr/local/ruby-2.7.0/lib/ruby/gems/2.7.0/gems/rake-13.0.1/lib/rake/task.rb:188:in `invoke'  
workers-1  | /usr/local/ruby-2.7.0/lib/ruby/gems/2.7.0/gems/rake-13.0.1/lib/rake/application.rb:160:in `invoke_task'  
workers-1  | /usr/local/ruby-2.7.0/lib/ruby/gems/2.7.0/gems/rake-13.0.1/lib/rake/application.rb:116:in `block (2 levels) in top_level'  
workers-1  | /usr/local/ruby-2.7.0/lib/ruby/gems/2.7.0/gems/rake-13.0.1/lib/rake/application.rb:116:in `each'  
workers-1  | /usr/local/ruby-2.7.0/lib/ruby/gems/2.7.0/gems/rake-13.0.1/lib/rake/application.rb:116:in `block in top_level'  
workers-1  | /usr/local/ruby-2.7.0/lib/ruby/gems/2.7.0/gems/rake-13.0.1/lib/rake/application.rb:125:in `run_with_threads'  
workers-1  | /usr/local/ruby-2.7.0/lib/ruby/gems/2.7.0/gems/rake-13.0.1/lib/rake/application.rb:110:in `top_level'  
workers-1  | /usr/local/ruby-2.7.0/lib/ruby/gems/2.7.0/gems/rake-13.0.1/lib/rake/application.rb:83:in `block in run'  
workers-1  | /usr/local/ruby-2.7.0/lib/ruby/gems/2.7.0/gems/rake-13.0.1/lib/rake/application.rb:186:in `standard_exception_handling'  
workers-1  | /usr/local/ruby-2.7.0/lib/ruby/gems/2.7.0/gems/rake-13.0.1/lib/rake/application.rb:80:in `run'  
workers-1  | /usr/local/ruby-2.7.0/lib/ruby/gems/2.7.0/gems/rake-13.0.1/exe/rake:27:in `<top (required)>'  
workers-1  | /usr/local/ruby-2.7.0/bin/rake:23:in `load'  
workers-1  | /usr/local/ruby-2.7.0/bin/rake:23:in `<main>'
workers-1  | /opt/.gem/gems/redis-4.1.4/lib/redis/client.rb:126:in `call'
workers-1  | /opt/.gem/gems/redis-4.1.4/lib/redis.rb:915:in `block in get'
workers-1  | /opt/.gem/gems/redis-4.1.4/lib/redis.rb:51:in `block in synchronize'
workers-1  | /opt/.gem/gems/redis-4.1.4/lib/redis.rb:51:in `synchronize'
workers-1  | /opt/.gem/gems/redis-4.1.4/lib/redis.rb:914:in `get'
workers-1  | /opt/.gem/gems/redis-namespace-1.7.0/lib/redis/namespace.rb:469:in `call_with_namespace'
workers-1  | /opt/.gem/gems/redis-namespace-1.7.0/lib/redis/namespace.rb:349:in `block (2 levels) in <class:Namespace>'
workers-1  | /opt/.gem/gems/resque-2.0.0/lib/resque/data_store.rb:231:in `get_worker_payload'
workers-1  | /opt/.gem/gems/resque-2.0.0/lib/resque/worker.rb:752:in `job'
workers-1  | /opt/.gem/gems/resque-2.0.0/lib/resque/worker.rb:670:in `unregister_worker'
workers-1  | /opt/.gem/gems/resque-2.0.0/lib/resque/worker.rb:250:in `rescue in work'
workers-1  | /opt/.gem/gems/resque-2.0.0/lib/resque/worker.rb:231:in `work'
workers-1  | /opt/.gem/gems/resque-2.0.0/lib/resque/tasks.rb:20:in `block (2 levels) in <top (required)>'
workers-1  | 
workers-1  | Caused by:
workers-1  | Redis::CommandError: NOAUTH Authentication required.
workers-1  | /opt/.gem/gems/redis-4.1.4/lib/redis/client.rb:126:in `call'
workers-1  | /opt/.gem/gems/redis-4.1.4/lib/redis.rb:915:in `block in get'
workers-1  | /opt/.gem/gems/redis-4.1.4/lib/redis.rb:51:in `block in synchronize'
workers-1  | /opt/.gem/gems/redis-4.1.4/lib/redis.rb:51:in `synchronize'
workers-1  | /opt/.gem/gems/redis-4.1.4/lib/redis.rb:914:in `get'
workers-1  | /opt/.gem/gems/redis-namespace-1.7.0/lib/redis/namespace.rb:469:in `call_with_namespace'
workers-1  | /opt/.gem/gems/redis-namespace-1.7.0/lib/redis/namespace.rb:349:in `block (2 levels) in <class:Namespace>'
workers-1  | /opt/.gem/gems/resque-2.0.0/lib/resque/data_store.rb:231:in `get_worker_payload'
workers-1  | /opt/.gem/gems/resque-2.0.0/lib/resque/worker.rb:752:in `job'
workers-1  | /opt/.gem/gems/resque-2.0.0/lib/resque/worker.rb:670:in `unregister_worker'
workers-1  | /opt/.gem/gems/resque-2.0.0/lib/resque/worker.rb:250:in `rescue in work'
workers-1  | /opt/.gem/gems/resque-2.0.0/lib/resque/worker.rb:231:in `work'
workers-1  | /opt/.gem/gems/resque-2.0.0/lib/resque/tasks.rb:20:in `block (2 levels) in <top (required)>'
workers-1  | 
workers-1  | Caused by:
workers-1  | Redis::CommandError: NOAUTH Authentication required.
workers-1  | /opt/.gem/gems/redis-4.1.4/lib/redis/client.rb:126:in `call'
workers-1  | /opt/.gem/gems/redis-4.1.4/lib/redis.rb:2216:in `block in hdel'
workers-1  | /opt/.gem/gems/redis-4.1.4/lib/redis.rb:51:in `block in synchronize'
workers-1  | /opt/.gem/gems/redis-4.1.4/lib/redis.rb:51:in `synchronize'
workers-1  | /opt/.gem/gems/redis-4.1.4/lib/redis.rb:2215:in `hdel'
workers-1  | /opt/.gem/gems/redis-namespace-1.7.0/lib/redis/namespace.rb:469:in `call_with_namespace'
workers-1  | /opt/.gem/gems/redis-namespace-1.7.0/lib/redis/namespace.rb:349:in `block (2 levels) in <class:Namespace>'
workers-1  | /opt/.gem/gems/resque-2.0.0/lib/resque/data_store.rb:261:in `remove_heartbeat'
workers-1  | /opt/.gem/gems/resque-2.0.0/lib/resque/worker.rb:475:in `remove_heartbeat'
workers-1  | /opt/.gem/gems/resque-2.0.0/lib/resque/worker.rb:507:in `start_heartbeat'
workers-1  | /opt/.gem/gems/resque-2.0.0/lib/resque/worker.rb:360:in `startup'
workers-1  | /opt/.gem/gems/resque-2.0.0/lib/resque/worker.rb:233:in `work'
workers-1  | /opt/.gem/gems/resque-2.0.0/lib/resque/tasks.rb:20:in `block (2 levels) in <top (required)>'
workers-1  | Tasks: TOP => resque:work
workers-1  | (See full trace by running task with --trace)
workers-1  | [2026-03-14-09-54-47] Workers are stopped.
workers-1  | [2026-03-14-09-54-47] Starting scheduler.
workers-1  | [2026-03-14-09-54-47] Starting workers.
